Task,Iteration,R2,RMSE,MAE,Source_Macro_MAE,Source_Macro_RMSE
UTS,0,0.5073817529975072,74.03291717109846,51.84486536603422,48.38615923135942,51.7525100104687
UTS,1,0.41731613862955075,67.06625687163385,46.75541805807041,44.22771743936967,47.46375342840589
UTS,2,0.5640099538742389,68.67027004640356,50.553859385648465,48.06142554113451,51.17643993905122
UTS,3,0.4316052353283012,71.1890026565578,50.811198244790376,51.00885812148346,55.440563074727464
UTS,4,0.5418611102214617,68.96738438988713,50.07780366309653,49.43934593520212,52.79570892557352
UTS,5,0.5446265873812901,68.88059990911418,51.19470619246137,50.20455198033137,53.98060197778386
UTS,6,0.5386106996887625,69.77399845484416,50.919588202143444,47.51648409613329,50.83517734236641
UTS,7,0.6008209152931236,64.67851024566683,46.26437049136902,45.00495077549444,47.73531960769503
UTS,8,0.4544692890693065,71.9606134118854,51.819291428626215,46.51232842833536,50.08684589099994
UTS,9,0.5266453222875263,55.483589943470214,42.121596712359896,41.2853743971233,43.946227580350254
UTS,10,0.5590171115179388,65.20447461174878,47.66929986901174,45.91061588510007,49.50786720359037
UTS,11,0.5778132536577747,73.64210298190234,54.7442489558865,51.367892119599766,54.52945945414722
UTS,12,0.528353940910621,66.03623005476989,47.85200589848957,45.9051212508237,49.12906051342826
UTS,13,0.5055155311507642,77.14611131573943,57.384908013400306,53.60544345288105,57.23421512095595
UTS,14,0.48537820332729265,70.19078453923672,51.9792012185776,46.78309320819523,49.596507566349935
UTS,15,0.4914401639140695,62.75794190135964,45.18551412549774,45.21522191959097,48.51037850302751
UTS,16,0.5245832276970699,68.28719086373076,48.60581063372313,47.994797625110785,51.15622393161291
UTS,17,0.5235511147319241,73.36697014995757,52.00581451710231,48.401578663967605,51.52359917800449
UTS,18,0.4559832797115039,74.57017284030496,52.784670603668,50.768079115448636,55.02842264306453
UTS,19,0.5091996948309485,71.93875698146478,52.794241628743315,46.08875675513498,48.89306101306732
UTS,20,0.5221452592962517,71.40227177711502,49.92794736293879,42.67132372316471,46.057543515702086
UTS,21,0.5156758132357498,72.3259418570287,50.421868701962026,48.234630181290115,52.17933505123345
UTS,22,0.435480639156434,72.2598408130756,50.40271873664734,46.72203767666976,49.54185574191387
UTS,23,0.470383897017563,72.67563010191644,54.28770638089065,52.0109531432052,56.188959785222146
UTS,24,0.551306694166872,68.75638403148498,48.58905183683111,45.100427241098906,48.90579027497636
UTS,25,0.5357696035750683,69.99364553289352,47.870213973323,45.69458484521904,49.40730058319544
UTS,26,0.5208257107560825,63.49631371255179,45.3284921518015,46.45358230661235,50.07908199637028
UTS,27,0.4753683144096088,66.90969812097009,47.911712486371215,49.04557798281026,52.68951010759085
UTS,28,0.5804404026888335,66.89274767187615,50.280564913667476,47.27950700030893,50.83806682130991
UTS,29,0.5285215045178193,65.1633919492391,45.7619377595102,42.717179768584906,45.686402130400424
UTS,30,0.6060873455747167,66.12433917135012,47.619411947380065,45.46465619308294,48.82365535284358
UTS,31,0.5372834396594167,66.05605797676701,46.87335215504573,47.84821349697772,51.047578274211666
UTS,32,0.481787310363212,77.20814459771556,54.51365008261333,50.89585478509354,53.627706436344816
UTS,33,0.42622945216023145,74.30981945028856,53.946595374375356,50.0166605998963,53.50478676771389
UTS,34,0.448280242567508,67.2966214635011,49.029844042736244,44.030582203924546,46.80984777115105
UTS,35,0.48574517978756626,64.47075147024154,48.408460620454186,49.11850927589314,51.738638425488865
UTS,36,0.4435619823392375,71.77508292757157,51.08784369785947,47.34308083427483,50.43349772292042
UTS,37,0.5580309040922367,74.59900257514049,51.72901234584291,49.68794712143525,53.576627707546514
UTS,38,0.41690619429957987,78.79059087751153,55.337976341302436,49.17691398097593,52.7083281168738
UTS,39,0.43882478686219806,77.45073462949196,56.77277485637016,53.91958580334381,57.70066311530359
UTS,40,0.4447623172673074,68.28789187376715,48.31862407516568,48.46953413629144,52.53609881094327
UTS,41,0.5052012710775329,63.950491042562426,46.34448649002592,48.03886580216523,51.04816100755657
UTS,42,0.5704280364914474,70.4187659430452,49.64157452363858,46.36013401067787,49.85818776164961
UTS,43,0.534706114059537,69.68608034244455,50.04674405790469,47.022116983393396,50.33555032413075
UTS,44,0.48802217195011466,70.9062215477243,51.8314914075446,50.123148177678694,54.27036275144384
UTS,45,0.5314713877113506,68.8199326610094,50.71047177536737,46.419057347624154,49.1763318356276
UTS,46,0.5288569320668262,70.19548738752529,49.73467967105138,48.33187914457972,51.98445941565382
UTS,47,0.5567640765359896,70.00955997157013,52.03887027759155,47.00657989037742,50.0246544840654
UTS,48,0.5370922269683064,62.84918465799831,44.65809217224552,45.62744427629647,48.71239229453842
UTS,49,0.505547306575611,68.71259645379165,48.28423071944194,48.81778689861246,52.37002656981871
UTS,50,0.5284440880098589,63.90407239018433,45.13534997104861,44.81847192340938,48.159457578921206
UTS,51,0.5388735355059754,68.45578650784682,49.46727972499926,48.28425213617181,51.571134141319135
UTS,52,0.44867855853831873,72.91350769985709,53.057951014165035,50.771112824561676,54.18873155261478
UTS,53,0.4550605257982351,72.88831903948966,51.58667188941607,51.992151173959286,55.35441281219527
UTS,54,0.5155554118446435,70.28283754215056,49.35486338181898,44.50372169526562,47.762779406741295
UTS,55,0.5787963661519797,63.50251927352089,44.69662458788127,45.200248483648465,48.67988050931517
UTS,56,0.5899165168717925,60.377778496734,45.504323982849485,43.9906636528831,46.689222640709666
UTS,57,0.487335268221325,65.73985933684757,47.30443938650219,47.286905969629004,50.962133885497174
UTS,58,0.5384209978084524,70.75146914160784,50.51659411582309,45.95476153057855,50.17052041970054
UTS,59,0.5676849682602059,64.71483026176925,45.51725219756134,42.274799479220185,45.85558102308878
UTS,60,0.5982979973930083,71.68508224162538,52.46550238238903,49.750773537731064,52.658847840955644
UTS,61,0.4549659859992906,68.03184790573609,50.922325375417905,52.427249861096534,55.20367500644167
UTS,62,0.5401586471071713,70.79096763516023,51.58043950164577,48.1325424195726,52.32695091675425
UTS,63,0.5458037898423453,67.99171635717474,49.186350427988856,47.496933434456835,50.16348078165442
UTS,64,0.512203185271316,68.97410449953182,50.55784879399603,47.58045753771141,51.28728655425089
UTS,65,0.5414546388817283,71.08328830053988,49.031312177807514,45.172357453910756,49.42130557592476
UTS,66,0.3992183621130183,73.7215059968715,51.54586930952244,50.08278408383785,53.978079727667364
UTS,67,0.5333100093196292,68.40958747069664,46.92296611666653,45.55760833054294,49.0207866520161
UTS,68,0.5610296476587209,72.68556021090728,52.0391061355484,44.51608414912347,48.05208797314405
UTS,69,0.4963724627610069,69.4429416102044,50.70097355714743,48.00139144102816,51.88189627393143
UTS,70,0.5269713894342489,66.71478518139392,49.19894455759444,46.77597517925912,50.24933306286256
UTS,71,0.49323196290433,70.84867234159694,50.070873220705764,47.21970459185578,49.91056149841066
UTS,72,0.4402782204773553,69.84975938731347,49.72644609080388,52.17485406393326,56.026769982474505
UTS,73,0.48570364551920053,69.90627199512562,50.410715910545896,48.04858029458468,51.448258819595054
UTS,74,0.5076515742586349,66.47715130279104,47.67288134625288,47.305990542201585,51.06427300108624
UTS,75,0.5407517220979139,74.02077780406178,53.41454958239544,51.11533281115162,54.704741611443076
UTS,76,0.5107438600053213,70.66806576122657,50.79351083205799,46.80132905759506,50.08394958315886
UTS,77,0.5196023066563322,79.19563855391252,55.8265589329954,45.51822894377842,48.534424024507324
UTS,78,0.495421440562943,72.57570543704938,51.8714177664962,47.761860960089976,50.83112569528256
UTS,79,0.5379598516757804,66.37053823434707,47.68949076854968,46.35208776543262,50.101463295467106
UTS,80,0.4608267305692718,68.22865222318961,49.14920024955498,48.64265074005481,52.58362137044422
UTS,81,0.5900564698647084,62.25827871484657,44.877303830960855,42.782012605486464,46.37872161837721
UTS,82,0.5096616013603326,65.90057039616609,48.5214396289659,46.16079742425586,49.74950134187952
UTS,83,0.5788224573557946,67.91009121085791,49.41516702584626,44.74719714997128,47.8709428375076
UTS,84,0.5709652446713483,68.9796283003635,47.915126845057685,41.935716364775224,46.01069411828076
UTS,85,0.4685055543561435,75.68152792393046,55.189985529731345,50.28575987318529,54.08130567326707
UTS,86,0.4805527765649076,68.91667173515573,49.08142244047226,49.00047873768001,52.975091561754006
UTS,87,0.5668151830264285,62.45616867247338,44.695839113227976,46.83990098865077,50.76421293841024
UTS,88,0.5373021305138757,60.281480029963774,43.889279031223815,44.88697667396168,47.630295269034114
UTS,89,0.4817084739116204,72.71423278747973,50.145278164709936,45.054891336700116,48.410799445561835
UTS,90,0.46667161438507565,76.4453511581535,55.42530230021659,51.36485454921982,55.37081956435192
UTS,91,0.5826083777516722,70.30938204278831,51.68930386931206,48.33098116976919,51.922985095203074
UTS,92,0.5425998870250587,66.57022919936438,47.90634907353309,43.62106747387247,47.64451486083585
UTS,93,0.5321939179174058,69.61494568364142,50.515847218829734,45.37830907733265,48.096267716498744
UTS,94,0.510652555003909,75.55419735006468,55.38285600159803,48.232259120736366,51.94101499617592
UTS,95,0.5893123365588571,69.31978993929802,49.397169930157176,44.47902245175995,47.44400637460578
UTS,96,0.566063461579411,75.02288084809902,53.4580889585941,46.00264981937017,49.36191055016913
UTS,97,0.5182793415781708,73.49657695053169,54.659145350197846,46.595074787327654,49.66353212000104
UTS,98,0.4644740347973243,68.1238669668665,48.85681238096779,45.88760015067687,49.21696412864429
UTS,99,0.45292334275995016,66.57922533784729,48.254772506474325,47.13411410477248,50.45230539714375
UTS,100,0.5023221005920914,67.49201928567916,47.84448258211179,48.393818975387326,52.301060708926066
UTS,101,0.46601435818766834,66.19811625022767,47.83174468840411,46.411972550493054,49.79146450931629
UTS,102,0.4611225661446806,73.34963364943198,52.94735585662071,51.08743914553401,55.17829249820216
UTS,103,0.48070388694197264,70.16451248273857,51.45004830258163,50.37053753414995,53.650102588991615
UTS,104,0.530454031752237,71.46171170345464,51.32100542962198,47.95920127395771,51.62988045992682
UTS,105,0.567180589623767,64.22475122758637,46.18542726393956,45.4861783515182,48.97896771717447
UTS,106,0.509728332338764,71.47873947424019,51.6527362613113,46.853930005319484,50.65412624559193
UTS,107,0.5644648836656756,60.54100953223985,44.07920343209706,45.30536385632686,48.11359111622906
UTS,108,0.4506911651906844,71.61797014588018,50.364064476072755,50.59054992254918,54.12565594208555
UTS,109,0.590937437829534,74.32661677080623,54.01327042368575,47.41574719145439,50.846361377081635
UTS,110,0.5085112179412519,69.40985169321462,50.43503197621447,44.56183859092442,47.80137780854688
UTS,111,0.5734001159257273,65.794998271372,44.150421475894014,44.010337360546735,47.54309396595338
UTS,112,0.6350788489860724,61.75304174167001,46.12691314977939,41.34460212589398,44.39775143145358
UTS,113,0.4303995596117006,67.04771940217401,48.021108793141316,44.88217621722746,48.39366818572297
UTS,114,0.5118799235688869,75.12609202341895,53.369701075699396,50.31290605025266,54.032623644776784
UTS,115,0.4466772494289888,72.72682483201054,51.01747146358505,48.78778922260035,52.40795029636363
UTS,116,0.5596075509687175,68.17654694752142,47.812312124723476,47.374421652525015,51.50210804546785
UTS,117,0.5274781698251614,71.71048598680363,52.70331933498576,48.63152911547115,52.46474632122457
UTS,118,0.5245227074634256,66.87879282980101,47.67096992658366,46.313160515879524,50.10026942161833
UTS,119,0.602319798170217,68.72080323353286,51.243473025670625,47.65696366933721,52.07298648823593
UTS,120,0.5064083174976852,63.00539710886271,46.97022067922938,46.7625895238818,49.466565679204635
UTS,121,0.3768060495245772,75.77443941698964,54.40899428915185,48.64406390323502,52.4825814378917
UTS,122,0.5263163840886534,69.04079992574248,50.31958621042621,47.447703855723674,50.50595649572512
UTS,123,0.5908904364062059,60.1244761714412,43.48826031386125,45.28229880062769,49.11355535724553
UTS,124,0.46011916902006145,74.43767580412417,51.78197016105665,46.325589555472256,50.06375846549012
UTS,125,0.47731390984907884,74.14767793432141,53.244663569785246,48.70561929780238,52.427224778404245
UTS,126,0.5349054111654243,73.19631058993025,51.83765559586855,46.34680383466423,50.0721117346674
UTS,127,0.49625840957961787,72.22227137576391,52.65969098072097,48.69463263840565,52.098248196660464
UTS,128,0.48478680156445764,64.75883388991663,46.09491032363155,48.49376433455245,52.162537845078816
UTS,129,0.5426441592579846,66.60880261344884,49.33923489349401,50.17046612745367,53.788997397946005
UTS,130,0.5668944055370096,64.31736612157668,46.35250544047335,44.20984968401196,47.46813733174387
UTS,131,0.4528432809856936,69.96121844051443,48.56377192084424,45.82688916596283,49.21912305578967
UTS,132,0.5073482334374722,70.05825516444553,50.339393662355995,48.21115587606847,51.36149836226169
UTS,133,0.5861886153083387,75.3341183319683,55.87644694486137,48.237520096746195,51.5887505603582
UTS,134,0.5728098741308884,68.21946343746914,48.79734583183665,43.41674093100239,47.042782826641194
UTS,135,0.4805022947159152,71.14751694683484,53.274069127192085,48.0426990631787,51.11250326467907
UTS,136,0.5545938798499366,65.74102719558849,48.762674238532504,46.90639422807788,50.21511647032519
UTS,137,0.47578743976376026,72.02267962278671,50.41975916302873,47.63538446997429,50.72539234924102
UTS,138,0.5688080119879855,65.89365976729272,48.05504183697969,43.093713042391116,46.07824391129794
UTS,139,0.5205062389298285,75.52026958712783,56.23193370208341,50.89928861448977,55.1142187574042
UTS,140,0.5800155525855484,54.84773105084911,41.08594628632146,42.39388122874156,44.83955911286465
UTS,141,0.5688332621012478,68.42487448320126,49.812823900266,48.67012614028381,52.07769267814597
UTS,142,0.557469803159334,68.57059962858898,51.064168216725186,46.98729362561107,50.854814388504714
UTS,143,0.4316063037001594,80.20876640851705,56.794330237812765,49.30237682388555,52.70490214301518
UTS,144,0.5423873750432727,66.43186064773006,47.14866372398599,45.65040551660355,49.17928409264637
UTS,145,0.5765651786341592,67.30998379318288,48.138717860475474,46.054901908226995,49.25078668303903
UTS,146,0.4796600523642547,72.50877319619673,50.97925396197774,44.36016694090628,47.64537787939383
UTS,147,0.4978737541004753,64.19187440769727,46.46647845730661,48.639324758546024,51.82593319397374
UTS,148,0.5338152795860558,63.5025603195424,45.749188468031605,44.51993876247793,48.22087503536295
UTS,149,0.5528241319151792,73.46106193628685,53.79873585963794,48.25453887119631,51.92317304636017
UTS,150,0.5746707514468085,64.34566334108203,46.746086376954,43.268572636533804,46.973758970205964
UTS,151,0.5897678384511185,68.8119692183084,50.19318828100907,47.871955912503296,51.576937391425
UTS,152,0.6239906498598426,66.17786352633676,47.25522005481003,44.07094736355424,47.83047118211416
UTS,153,0.5657063370061761,72.83188554714665,53.436621513437366,51.41207130292299,55.0693862625642
UTS,154,0.539297124139257,72.62507248419158,54.670192659551894,47.48458151925369,50.80060216994658
UTS,155,0.5469353788518747,71.86076146663524,52.09412397074146,46.644256240106614,50.581016537047056
UTS,156,0.5665384962608699,77.04211618936849,56.97266467915781,48.18278754743333,51.48638882892285
UTS,157,0.578617099001529,73.88131134680019,53.61187258424617,48.14398394492898,51.67589026727695
UTS,158,0.38828536425549853,78.78858731747488,55.084617211808315,48.01202236058816,51.94227350980513
UTS,159,0.5704472720971223,68.6927834940541,50.448915078216835,47.03336864670841,49.939786753305434
UTS,160,0.5276111407236997,75.7709158805164,53.62568997784267,48.25710184667195,51.30590286103105
UTS,161,0.5292740997338816,71.25488704175467,51.70622416858687,49.28485497881575,52.65875468367337
UTS,162,0.5529545372718494,67.92018316200382,47.60134578140453,45.29877884223348,49.362576182097
UTS,163,0.4791857697240127,66.40838865609346,47.451190508908745,44.50499330836438,47.55267672832911
UTS,164,0.5456598938709527,62.02202421502293,45.078139980949786,45.78515072317842,48.99510549407196
UTS,165,0.5700465263716519,74.2376769983461,53.500792407831064,48.8992334064234,52.85369215714963
UTS,166,0.5772284635585321,66.3419575120435,48.104038311050026,48.3926676806895,52.27177682375886
UTS,167,0.5211700528520201,69.04086698333873,50.15657826258719,44.63464086962456,47.88428711548351
UTS,168,0.44526589478616974,68.57812534788741,50.000330277701686,48.571541520150205,52.23247373373174
UTS,169,0.5494281464476272,61.59592922630594,45.79375574546288,43.92360407053109,46.92783976027641
UTS,170,0.5427344104619116,79.21563598678924,58.60935448142831,49.89018887991447,53.42103763517901
UTS,171,0.48930038485933103,78.47785185311639,56.063097877494826,47.54082624620869,50.76215225876073
UTS,172,0.4878244628464231,68.08695020745321,47.93537263542544,45.40206389386672,49.3535911517382
UTS,173,0.5155623197995862,75.35525813998187,55.50540777205761,52.69049046011072,57.03722482540311
UTS,174,0.572901399321281,67.14986864560869,48.66509680671612,46.243768262843595,50.056976851106356
UTS,175,0.4433056079094646,70.03160040917174,49.62311606057568,48.45173583552292,52.22542036091586
UTS,176,0.5462838089307986,66.77518747633476,47.480688941760135,47.97382019878829,51.655650913565545
UTS,177,0.4846277420125108,70.778142337014,52.053625220158665,49.19503416781623,52.37538105796875
UTS,178,0.560389466168958,62.15167628214939,46.08853893300259,44.01871932641175,47.073649466311416
UTS,179,0.5105891583584136,67.73232188912354,48.506740595476415,45.94956717383965,49.80004524144271
UTS,180,0.4729485194449575,75.10056568755117,52.8975384033543,47.45828787670799,50.95003130853885
UTS,181,0.5098846833585158,67.75163619123785,49.18391735972432,50.41342343391841,55.214678093853884
UTS,182,0.5258237857668464,67.51820930265144,49.573079163032936,44.67026603407198,47.57244204209133
UTS,183,0.5425284888856203,70.07850850884319,49.13484817099712,49.615439288259665,53.00148505936104
UTS,184,0.6086896495487872,63.29959426066886,46.784994889928534,42.48195148109511,45.37222060283705
UTS,185,0.4554836484848055,71.21687089959832,51.946535153497294,49.58365490339725,53.87485085301502
UTS,186,0.5471952306571797,70.19201025040243,49.00401018581071,42.6667704572308,45.78875329848887
UTS,187,0.5203525042748718,68.74628376540552,50.14703725165676,44.56904060141904,48.01029913539973
UTS,188,0.5448125864207316,69.14479292386999,50.148905131851194,47.77702152826546,51.91156002347333
UTS,189,0.49897326637139516,76.44696284751183,53.9678735301127,45.92860054549408,49.07121575906836
UTS,190,0.5157103660274959,66.27086592801918,50.774487465911065,50.46874986873332,53.359283349741254
UTS,191,0.5621753389986384,62.357007458344455,46.09955124515284,40.866460358145055,44.007456988780696
UTS,192,0.5806253055597634,69.77941878204726,52.273494463427,51.016859470909075,54.37878700449195
UTS,193,0.5530757774501269,64.54353467828216,48.35129348317337,47.90638872225294,50.27786156516124
UTS,194,0.5695564754066682,73.32321185028826,53.26102990361444,48.2779741638609,51.90143519810876
UTS,195,0.43673661794013685,72.20038144106425,51.40123338802543,51.815144613535516,55.983121179332116
UTS,196,0.5521702351893147,64.53892647013066,46.27565682011792,45.18189913963274,49.04687273681496
UTS,197,0.4743913656257345,69.88671610761043,50.2113667272814,48.95830264521597,52.16643174699997
UTS,198,0.4509501714926444,70.17412781919286,49.772257851189686,48.36162503140173,51.9609545503281
UTS,199,0.526381080430735,67.02368138788727,49.166165567511555,47.42226428170151,51.088489842820024
UTS,200,0.6259819658165595,59.84162014429824,44.311958952586586,40.93053751344809,44.03204028142676
UTS,201,0.43960469340864117,71.31553098825735,51.037972420502705,46.686042560588966,49.82861989426607
UTS,202,0.5673832904784932,67.04962872988472,48.91516496515109,48.024997735745856,51.28952588834684
UTS,203,0.561526892455585,71.14593234115792,51.667350436511015,47.06017882686723,50.47566063046475
UTS,204,0.4669938302686295,72.15812215287092,51.703321317737576,48.55289256034888,51.175393802499215
UTS,205,0.5275063632092707,60.985551472370126,44.58358394394776,45.566455651521274,48.79882280211657
UTS,206,0.49344023275461435,69.5265292766108,52.61502054918301,47.310304974030814,50.757113569137346
UTS,207,0.5487102218849085,68.40472762171912,47.602543459520334,48.54671946000355,51.96780479266268
UTS,208,0.5842944971333308,62.464219831714566,46.084263964927075,49.01917079468365,52.49329037415865
UTS,209,0.5304258687415504,68.70619818596458,49.366506247737135,45.71037330791085,50.19215823094698
UTS,210,0.5894658179766892,65.62680345760938,48.768390387907495,45.39458004819311,48.65535154379126
UTS,211,0.4515249102193546,75.98313060734463,54.25877309198982,48.59071620682872,52.09995169036321
UTS,212,0.5899874133112859,62.66629672587974,45.998962523712905,46.053738457339115,48.45869466162786
UTS,213,0.47297540371186597,70.85818655072205,52.05579171869183,48.47757503230249,52.56062453087921
UTS,214,0.5279838655922962,71.46635303111827,50.59283090114184,46.123772448676746,49.77899551832295
UTS,215,0.5181610470876057,66.33337773080444,47.31323399192863,46.75586878756296,49.43827476126892
UTS,216,0.4607778717047667,75.54341768431667,53.39943190980957,50.010284424718826,53.54498148630334
UTS,217,0.5741064587323685,74.72350684426165,50.69989522630762,46.35032529984076,50.06106347456171
UTS,218,0.560977476458253,66.57548413009869,47.71692507803142,46.60211857039476,50.11532119442459
UTS,219,0.40789594001404383,70.05025268930696,51.38787732010491,51.67844439397185,55.01510689071212
UTS,220,0.5306169305589397,69.8653356096521,51.04310749130398,48.088463953095996,51.460217375469995
UTS,221,0.5887556290424443,62.23845751346764,46.549571953074846,44.26408737819275,47.574753646940074
UTS,222,0.5178739590697408,62.15993327201988,45.54084582243767,44.77942998157455,48.59029570294029
UTS,223,0.5614173434976926,73.36765564468286,53.28780920604236,47.13074065947422,50.274667347133935
UTS,224,0.5013382924357039,73.74487771041697,52.38186328053631,45.58609463337953,48.553429267928756
UTS,225,0.598364084680032,61.49514327201531,46.16601578893314,45.10230860771965,48.152941352630044
UTS,226,0.5387552793131423,71.23416141505444,52.959914430016084,49.09885774002585,53.268774744484496
UTS,227,0.5250126839741944,75.82603335257318,55.05722155424634,49.36027077109727,52.76856353106925
UTS,228,0.5435119421015493,70.96789874541602,51.487235947077124,47.00221762730621,50.61994354060807
UTS,229,0.5340539348400155,73.86916653979672,51.84625714636427,45.78134117808517,49.56458639337776
UTS,230,0.5139033934922554,67.56848993489407,50.11166146594448,48.28331527366865,51.7802151992277
UTS,231,0.461404318049096,70.8827276622619,50.092476917533965,44.74975244986354,47.58345165260895
UTS,232,0.586403602006654,64.04528883944064,47.70317478961489,45.99399302292351,48.93767246151588
UTS,233,0.5048434785312539,68.41148614012022,47.81323069524661,50.66003883224473,54.25056048656834
UTS,234,0.45874891875449175,68.33728846546428,48.6176998146024,48.57485599560973,51.664678755752
UTS,235,0.40986931813492233,67.88846433710161,48.77370097576911,45.97639633403429,49.58486830179247
UTS,236,0.5359123247730405,77.55082974544582,57.711923265228144,54.477641574861565,58.01370175509028
UTS,237,0.5229977963610919,73.35669861120309,54.03424320801374,49.2970064172391,52.63238807680966
UTS,238,0.6091801210509984,63.839961226238856,47.14718313922512,46.75438440788934,50.32590417609584
UTS,239,0.4508793529004457,73.53418166839438,53.694923705967504,48.22568061173217,51.527869189082715
UTS,240,0.46560664598927315,74.18772135216079,51.09457158362549,47.26873141238971,50.94729786986813
UTS,241,0.5803345715740535,68.35699317565134,48.95502300004561,43.99005901893853,47.52810572741345
UTS,242,0.500537885254525,61.6616633083766,45.786690937901355,46.10219929948007,49.17858991828551
UTS,243,0.42152113822697357,80.63941010939494,57.021771553325536,49.250473369812205,52.73265531981123
UTS,244,0.46837961222590874,75.86091664981716,54.069254449405655,47.252047619444056,49.812887242597675
UTS,245,0.40013024636475225,75.37423498793612,53.73831237252312,48.92391951408936,52.41786208242604
UTS,246,0.5655449994830672,61.8583009862006,45.9169591608066,44.22251547230964,47.45172970763353
UTS,247,0.5385923314811424,67.51736938280564,48.86023801632568,46.51915463904179,49.74654758066055
UTS,248,0.4801220405910944,63.96950906200335,46.92359082561456,45.37202640864721,49.00770726143496
UTS,249,0.5769194752973842,65.88742549526879,47.97056746420693,44.583835989337416,47.77429268278636
UTS,250,0.49261679756596166,67.23332854499378,47.4363013677438,44.89465692071615,49.296572758118856
UTS,251,0.48230597674580855,66.15575423269345,47.3251080646116,43.12934869090949,46.228592285691214
UTS,252,0.6006107468562114,69.50944758468052,51.28631237734726,46.830421406674674,50.568564188419856
UTS,253,0.5340593515024976,65.57786385488214,47.13961464841359,45.259507703138624,48.53037221654594
UTS,254,0.5177766622690805,70.68472863314452,50.03067827761281,44.77408866911208,48.13982201108198
UTS,255,0.5005002313171107,65.09273182979014,45.927763645978224,44.18440821679852,47.31846018361669
UTS,256,0.5232897193027075,76.74927395520164,55.901547385140695,48.884586566646696,52.86805470996585
UTS,257,0.5776910265483152,62.78070296670541,45.619866560227464,44.25537340611081,47.98650658674239
UTS,258,0.5803788067275313,72.84261676533096,54.578233088692016,49.311153918402795,53.2196064293383
UTS,259,0.5255240807738184,69.92533607610625,50.67464789545474,46.705434188141496,50.27774024352857
UTS,260,0.6001994948572089,65.34557241826742,48.762125769039294,46.18856565903004,49.87736286786507
UTS,261,0.5097985337368665,71.99711886993502,50.917493267924414,46.58737624746128,49.89935430615085
UTS,262,0.5882012548427853,67.6603222994894,49.48781329877272,46.651142982755516,50.34305472560884
UTS,263,0.5446058987459981,72.83077842708488,52.9632662634654,48.84731998384809,52.54347693065753
UTS,264,0.5033149983461827,72.60544495557305,50.15794243267024,49.361348708766435,52.94689822468873
UTS,265,0.43522077195934883,69.77743638899204,48.983243949127285,48.86575322869031,52.662219593999495
UTS,266,0.48627904437477176,66.18227370335833,49.00076802048148,51.05423245267604,54.27275258098161
UTS,267,0.4930310906161326,74.74211087186387,52.63605375086601,48.377908460824024,52.96160228025726
UTS,268,0.5588923914921589,64.85948558006942,46.96776173003126,46.488200305511725,49.82076903134832
UTS,269,0.52926790690175,62.76816938890788,45.63169571887111,44.567026222518656,48.2929159122733
UTS,270,0.49648001325188174,69.75261227644522,48.32354744844374,45.491746403467054,49.4270665718766
UTS,271,0.5793530727417755,63.75571616512817,48.85488324293862,48.21108032093976,50.77920861498903
UTS,272,0.5548277189536102,68.58481540982406,49.39854601385238,46.69368377554735,49.862224839278106
UTS,273,0.4844433559570718,75.21184058370986,52.515964883648735,49.01559409832231,51.85783108180071
UTS,274,0.5418050926172132,68.92098345347618,49.42833675539695,44.93819768525622,48.18649837167257
UTS,275,0.5700512651441836,73.01854733781789,54.35086775638646,49.242929380588045,52.95702038076875
UTS,276,0.5580247743356511,75.69433489090152,54.96958878544806,49.74277114351545,53.959166289366856
UTS,277,0.5901573630042064,70.18969294982088,50.10244663545674,45.70042846682051,48.747598821571906
UTS,278,0.5751453682091305,78.53735717757192,56.98041735522132,48.293641799364565,51.75167683568453
UTS,279,0.5474034854853116,67.43204559178086,47.7585017981049,46.11843576565167,49.78955277520186
UTS,280,0.55619424671389,69.32464466348341,48.85196524704868,44.86708835189313,48.987903220113886
UTS,281,0.5848081889063449,62.61329323264073,46.09828659902613,43.37562879721127,46.329760545490196
UTS,282,0.5789169831025276,65.06479665552888,48.69635739557397,44.67550673420033,47.63613245978256
UTS,283,0.5842527440551559,68.35396185325736,50.75225854294417,47.75187694735803,51.60371290740513
UTS,284,0.5106095371683461,70.77163022970198,50.367993148276256,47.48029391812363,51.160824937002246
UTS,285,0.5564358677219141,71.53131482534178,51.38876255715208,44.89482668176224,48.098307226409055
UTS,286,0.4746643656953832,67.76997446333259,48.96289709814929,47.887097132131366,51.83701240611333
UTS,287,0.5525828572852586,62.51524138011244,45.310107103397854,43.086473822677036,46.74141464111448
UTS,288,0.5890975871231636,67.60730747842055,48.121461418214864,43.63767453768378,48.014917994055274
UTS,289,0.5561128626665556,74.67466127147495,54.22556579592472,45.29870818884218,47.64804461390754
UTS,290,0.47635561961015827,72.47593424127572,50.59607188136785,42.95284754661813,46.37288698154227
UTS,291,0.442423860196251,71.92047170313243,52.39515780095909,47.4240659990729,51.18030230806814
UTS,292,0.5674379924099737,65.75469184554106,47.52105030043881,47.69896741887636,51.69682215321741
UTS,293,0.5552687511320222,69.01341772057528,49.2607388396185,47.61415135412395,50.938900795186896
UTS,294,0.4427127308122827,65.3274770224712,47.35766699984252,48.01782324122191,51.12854686713378
UTS,295,0.5371145552140313,75.56976808285498,55.297729582186655,50.302505238630744,54.31523099991775
UTS,296,0.5152073914584161,70.65872533313252,48.74018026537681,46.98987895325411,50.76451917327375
UTS,297,0.5454564545883602,63.830709927336585,46.856828498460345,45.37661631241723,48.506982349782824
UTS,298,0.4728929633990312,71.98322537548346,51.0715604959449,48.593983662364614,52.254613865005396
UTS,299,0.51908111396277,67.06855729976837,45.69853533173918,45.74465219073917,49.70167540277419
UTS,300,0.5556807614028062,63.562567586529454,46.48164408788502,48.191680272020875,51.71077887178817
UTS,301,0.46798665596953815,73.2684051427472,50.80236126009706,48.120970280776284,51.28774600422178
UTS,302,0.5506017300649364,64.3183931338349,47.437262567018976,45.88958361267117,49.93189214862886
UTS,303,0.5501536718829447,66.39930015052413,49.38910977389226,47.48944693792937,50.72026663568557
UTS,304,0.47674299269525855,74.04978811361009,53.12663521086992,49.09486577351723,53.577796095210545
UTS,305,0.4404773935793418,74.5076278653061,53.67707251502409,49.19082223224066,52.77954357373146
UTS,306,0.4713037894462613,72.11872711342876,52.16524522712237,48.67793596396264,51.52018484551816
UTS,307,0.5775769372125772,66.49580460951775,48.350256276709025,45.15183933636303,49.23642598992097
UTS,308,0.5622966927704338,69.6869982473027,49.870298192939444,45.420807487927284,49.172277589210765
UTS,309,0.5332177709858215,61.213146308699145,44.23036238555377,41.94644809737771,45.39983603393394
UTS,310,0.5314190564003618,74.59455420768425,51.51147005068266,45.47696006020001,49.30597232542558
UTS,311,0.5950047252539936,63.50803933994028,43.764830857127095,41.81466470600514,44.9088594655307
UTS,312,0.6218210433470728,67.0217177240773,48.335733163991854,46.00244971428458,49.082446235391146
UTS,313,0.5242759687599602,71.08289819546442,52.46051378091038,48.008412029787735,51.325814473366904
UTS,314,0.5119316936130744,69.14145610982939,47.73636519038412,47.468337522668975,50.97472544889653
UTS,315,0.4998164872862523,73.92864935135417,51.110110909199264,47.9756719370466,51.55924709995727
UTS,316,0.6008906576103299,64.31377219778265,45.748640312971084,43.85493773914009,47.67696160769763
UTS,317,0.5826190171396926,64.87141044304866,47.61938331726014,45.52397474876832,48.93312889345377
UTS,318,0.5936026622302731,63.7010232440308,47.030641687464794,46.66276272661913,49.754489885715465
UTS,319,0.48066026507255144,70.3279489714405,49.52523270426263,50.54035232897435,54.27830165982013
UTS,320,0.4672203533161138,70.41866992929064,49.12916818957828,47.36445282454351,51.19118321624176
UTS,321,0.47072358251809776,69.21723456334735,49.70030638050207,45.2515315227677,48.47864311593056
UTS,322,0.5184524770981281,65.79458750405246,46.8073235772196,45.42163368416483,48.648548598125195
UTS,323,0.5471504847871527,65.98007259174547,48.52090769793044,47.39686513712612,51.16594865528861
UTS,324,0.4889046120668663,64.79480663265036,46.10588656963303,45.08865523861906,48.54033136934147
UTS,325,0.5511549029322154,69.1370968223867,51.06308332679323,45.486282650052765,48.813003386432314
UTS,326,0.48541890802116905,79.15945160750049,56.28143933568426,48.50641381901469,51.58885828965604
UTS,327,0.548752682358199,68.81236015259944,48.04481400157089,46.10037800705871,49.47176485875648
UTS,328,0.5606570201804557,66.39128209067128,48.16292720700062,46.62323535556028,50.11770844182617
UTS,329,0.6255337807278278,67.61666592284135,49.84584453773564,43.0777611289672,46.976045030179456
UTS,330,0.46709462731903395,67.51199665299646,47.54213387393142,47.920695574256875,51.212191928502286
UTS,331,0.5274813557037532,72.02393768083624,51.42213660884348,49.1478682440611,52.640806146876855
UTS,332,0.5852680502128422,62.81654767924618,45.550224084181345,42.111016157683466,46.156060902485095
UTS,333,0.5397525438652939,67.07514787093064,48.60958868381861,47.143341366689754,49.91026759205248
UTS,334,0.5436122706492509,66.29408655391714,46.928548492762765,44.81843532398607,48.21272133127288
UTS,335,0.46263240527832783,66.53319762745274,47.681592130124905,45.50893542197023,48.99904603824333
UTS,336,0.4974766830242813,64.81458821364151,46.96458315740238,45.237257488186835,48.62421943742011
UTS,337,0.5689061536620313,66.48766776972629,47.342761239706356,44.99562910967718,48.42313411085029
UTS,338,0.5730444603199165,72.20015098058958,53.53629485298603,47.343047069024486,50.232748156256186
UTS,339,0.512594075500109,69.7138753596218,51.0737182841222,49.05616564492387,52.43341855259196
UTS,340,0.5579545818110782,67.1218225408566,49.483954263630544,46.44934238335955,49.6850894375562
UTS,341,0.4329744791730441,74.02398124340957,54.317280068323,50.78759690820479,54.52025321670794
UTS,342,0.5256190744478474,62.208649558976816,45.60418128214376,44.445516488811215,48.2616527028533
UTS,343,0.5310791364740293,59.531224607175545,43.302994345700654,44.59170184147613,47.55835574600566
UTS,344,0.46888708496459275,71.75159910243367,51.51785764426286,51.056102665484644,55.069349897876464
UTS,345,0.5675309890208615,74.86507359001291,53.46021290832115,48.24094465618013,52.43589058605956
UTS,346,0.5084670109889469,72.50741697264911,50.46474695539114,43.715453775337544,47.07323153659118
UTS,347,0.47105542787793775,73.04528999294024,51.82871596668317,51.023602549432326,54.743663222993476
UTS,348,0.45818878241814864,69.29005896078007,50.76439735855171,48.77069620815082,52.362530191554455
UTS,349,0.5372300936374232,64.70674983873131,47.06239287201778,48.630169777450455,51.729625257475824
UTS,350,0.45718408965451707,66.46272542378318,50.06305513437246,48.001267931044794,50.943240699806616
UTS,351,0.4742312760938655,66.13016130650887,46.77128406823795,45.400985686385475,49.20473150193293
UTS,352,0.5213512654576529,66.12956527602853,48.23918146795968,46.360746203755525,49.557478878128606
UTS,353,0.5173427723521987,64.32692279411155,46.5191240608412,47.19249593931342,50.81196009770872
UTS,354,0.6067733505532018,62.85850412040967,47.027783801122595,43.28163642941387,46.22326379671589
UTS,355,0.39705838135600247,68.49944386830674,50.189764816246864,50.2901978914752,53.94005295232749
UTS,356,0.4822319675192819,73.84487679816623,53.32775771308461,50.11597006589409,54.0415249389421
UTS,357,0.5253570904328914,67.18202362025906,47.49108179894065,44.4722551653552,48.23039966569822
UTS,358,0.5941562307186885,70.87994767169681,50.33281792240357,44.6971549644555,47.940686816073395
UTS,359,0.5377139722308039,73.63194085309406,52.22764129106527,49.3688408572033,52.443257442360505
UTS,360,0.5330035431698799,72.58160098442026,52.41379539387689,47.595121752518125,51.22837781350029
UTS,361,0.5906970719747564,65.45620952694348,46.865283945147645,47.20864313851134,50.452070668776855
UTS,362,0.5451654450476235,66.34681513984556,47.38666498353343,45.39183604683351,47.89993229048924
UTS,363,0.5817204532001028,73.10027911245501,53.81895579566672,48.001614896609176,51.32388908935126
UTS,364,0.5702731821132729,69.26808950839559,50.62861934532702,48.92383202481074,52.333264888166035
UTS,365,0.4344527451940241,73.18036332306724,52.526845614656516,48.62978031966345,52.050103162876475
UTS,366,0.5462299277811276,58.297928412698454,43.12720311297204,42.033381151237066,44.905607897208604
UTS,367,0.5697048351116876,63.59970202105934,46.73890726564099,43.51483558364616,47.029322273164034
UTS,368,0.49125540750876684,69.07884792787387,49.01682858109654,45.22483434164244,48.86139493399553
UTS,369,0.49407477488584806,72.1596681233059,50.845679638566445,48.54766529631553,51.847603668175545
UTS,370,0.5345909391763278,64.58361362753561,46.19654645968319,45.2365590187894,49.218960902792354
UTS,371,0.544893249055596,60.96079631522082,45.17667257751563,44.87735941908946,47.97243303654161
UTS,372,0.5016564941142964,77.99493400589247,57.086127569390015,50.23863722565314,53.5000316743404
UTS,373,0.598841391371481,61.03101325103604,46.361225964958116,43.724355418533065,46.944886352999404
UTS,374,0.6125927046240801,62.76762029647353,46.188993539633785,46.2757150963223,49.45763956125573
UTS,375,0.5499110187301839,69.40418034572453,49.68223277994377,48.292851850406066,51.92831830190188
UTS,376,0.4747412495809903,82.98726823109678,57.5272589787989,48.230838036902576,51.24980441092402
UTS,377,0.44414503040017983,75.45616589134,53.84542000154189,47.21816058441614,50.489407098472704
UTS,378,0.5568977837280906,69.90126855081147,50.57012875202656,48.366290198383176,51.30458049239347
UTS,379,0.4841973980660731,77.74018139146754,56.64993736577637,51.3673004048493,54.973573128658316
UTS,380,0.46184056433045984,70.80785968785919,49.36371769933729,46.80310215439366,50.293573745387704
UTS,381,0.5546651732431489,61.909492111795295,45.868485004279236,44.17135210981806,47.52268603747348
UTS,382,0.5508729724838561,67.18471222037948,49.522811447849364,45.65330888129896,49.07813790200237
UTS,383,0.5304320043129382,68.40798256856344,47.952650978750576,45.806832588817734,50.27036989001187
UTS,384,0.5191199437317092,65.31325481752059,47.44607995454206,45.13117809370503,48.134718753588594
UTS,385,0.43583185715116624,73.10659318341342,52.51702817516218,48.639694859128305,51.75881245072323
UTS,386,0.48155527507308904,70.5630025460026,51.911023999883135,48.94793559189345,52.309681269340125
UTS,387,0.5466863011885157,72.36100631933785,52.26198921846277,48.73625940637492,51.43883240326946
UTS,388,0.5700256269241744,66.49593767024463,49.063520016771726,46.03714616811933,49.211944363447095
UTS,389,0.5161397866284536,70.42229488210006,48.02173568897427,46.18760762988216,49.58781591579776
UTS,390,0.519780915417994,65.61784018468491,47.08416403609679,43.08592951463604,46.19398548863007
UTS,391,0.46383853643163675,70.84786083582806,50.324809094618125,47.513923511333445,51.79648833500999
UTS,392,0.5095431539723578,66.77005949940137,49.18096187257988,49.20129373466196,53.23241382805982
UTS,393,0.5572723852031078,68.18627991833621,48.96566469563044,43.22416089587598,45.88884970769138
UTS,394,0.4979983385161385,66.87172717509003,48.35189112957373,47.82198636047419,50.68218811181243
UTS,395,0.4990404720869156,69.47290373554023,49.90665051546704,47.62966072557548,50.87316276353878
UTS,396,0.525354984436698,70.66516357310063,51.117267235441375,49.58582384964838,53.43574497261429
UTS,397,0.5301259163023442,59.87911776482977,44.84654395247918,45.20993355742554,48.48900993878725
UTS,398,0.536769560535924,75.15152976547539,52.91201452401298,44.70020599554608,48.73220146225897
UTS,399,0.5351187549947913,59.57574154382956,44.82173274662067,43.346374178254024,46.679573514016504
UTS,400,0.5858668410582546,59.42046019140864,43.67335367489493,44.47863881995324,48.11655429440503
UTS,401,0.5466188850810748,67.98264232390675,50.253132030266904,47.81197057355755,50.93316144907085
UTS,402,0.5683275197597977,67.9921680061473,48.06430760272634,47.02245859418355,50.727136901019016
UTS,403,0.5399590282454625,72.09617807835406,53.299770030832114,51.824303895924665,56.05555741640749
UTS,404,0.5294051732970371,69.41375443021832,49.586293875863866,44.71573282933315,48.39945734635794
UTS,405,0.5066752045172682,69.51479394319149,49.2974495759701,49.23662619592047,53.4349750997449
UTS,406,0.4871995251287653,73.93823476311798,52.440845638568156,49.40059809131364,52.93168508338571
UTS,407,0.5218559487058636,64.38613628788505,45.1037765033522,45.72671903944015,48.94231759639566
UTS,408,0.43957840161198314,69.36996384585576,49.36513624690978,45.6076284649669,48.745866673036566
UTS,409,0.47528911167068344,62.99137707805898,46.23251807968153,44.21778292238246,47.24831469027962
UTS,410,0.5610154308898996,74.23052470331187,52.73432365156587,44.15335430642468,47.90343676427422
UTS,411,0.5144867933935889,85.45337504339342,60.33843698594133,49.96585188109456,53.864968175639625
UTS,412,0.5172385436092004,68.60789606329934,50.99745464125098,46.076965336396825,49.38528181294816
UTS,413,0.4839222864883421,69.27785585790818,48.13692880620672,47.889686917637036,51.86080928551497
UTS,414,0.5805504718710439,65.0372183950705,46.1563024785447,43.881476018956306,47.025224551105744
UTS,415,0.5958678736295909,64.67204424950607,47.37416382973219,46.26209768857153,49.89214606288609
UTS,416,0.5106833951846821,63.662936515445004,46.10714803034485,44.5754608673308,48.2239499130385
UTS,417,0.5633038526246055,65.86474953912287,47.8178316113335,46.37764226472097,49.60549071901393
UTS,418,0.4868088075258653,69.65263790977293,48.63070324309385,50.017568185368475,54.34407153633328
UTS,419,0.5435132107477555,70.75559803198999,52.50597284837005,50.10177388433636,53.48864318356451
UTS,420,0.5149914116238921,66.57472601743369,47.55000880993751,47.956885091284406,51.71448725359977
UTS,421,0.4882396462559824,71.22513611617354,51.04016814129049,47.80692413757151,50.839089872396336
UTS,422,0.5068195381238005,68.47665436206145,52.5616624202684,50.009666745275474,53.51269991146413
UTS,423,0.528262758294793,74.33321621317256,52.970067582823475,47.192077121793446,50.117757197045385
UTS,424,0.5415935433316691,74.77217779248838,55.6288104226736,49.863161780679185,53.16184709230459
UTS,425,0.4990734872118169,67.18063151531844,46.967698477894636,45.3582203133787,49.06103563149453
UTS,426,0.535792795627531,73.20850987335527,52.33452168926944,49.586643016907196,52.82858831380995
UTS,427,0.5670009169796844,68.3762737549203,49.23211991462989,47.51523955946627,51.64671427570562
UTS,428,0.4866761372986058,75.6690441776777,54.146827908650536,48.99032319991224,52.59539706356881
UTS,429,0.5410393698611766,62.88942788363251,46.426981853582575,45.54696035770787,48.51217592232652
UTS,430,0.5196565311695228,66.11976425593743,45.9485216192488,43.80803719721639,47.434802284144695
UTS,431,0.5195513701642189,67.2223615749384,47.7377897762046,45.94534450221721,49.71469074204149
UTS,432,0.5378275487838233,71.71752075875455,51.470941799451076,47.213433723275166,50.36498492739589
UTS,433,0.5581158569252184,66.81327675160578,46.73011906443535,45.83403326634992,49.334762110073946
UTS,434,0.4607768058759436,61.03278986647339,45.48024129624873,45.018670620885615,48.12580009280286
UTS,435,0.4497499105789632,71.80894115569313,52.94285047426327,46.027464800200335,49.5633694879561
UTS,436,0.5416596065377265,78.8457157921747,57.37427882934912,48.83075064685765,51.93440395163829
UTS,437,0.5987097334178397,64.09029375391121,46.65730772259765,46.688029303125084,50.32273573819468
UTS,438,0.5241346573709729,69.1299723038411,50.18903922996933,45.68732883026224,48.931064222323755
UTS,439,0.48766404016437204,64.15972789139062,47.08830628395282,47.87156882486029,50.674624362535994
UTS,440,0.6473343908287359,68.36894537288367,52.262402653523445,48.01786096198624,51.23713284975667
UTS,441,0.518477292594135,64.57301987028328,45.26833427523797,46.052467874217,49.36190818827612
UTS,442,0.5287459065721267,66.25411609308514,47.12128049918164,48.167245103920244,51.38962200812342
UTS,443,0.576466562344349,73.85216500760282,54.42922602140185,47.33708480340664,50.31960641844589
UTS,444,0.44611673440855304,69.75135987684824,49.25704055138264,46.91923466234403,50.83611437235821
UTS,445,0.4592718210030792,66.65869677797214,48.223202558748085,46.69468324679887,50.80190253106688
UTS,446,0.5871275189524765,70.78287285057105,52.07326318501551,44.397127538328974,47.663925741761794
UTS,447,0.471200297787438,68.84291709326817,51.18617006325659,48.17893910260415,51.338841811722325
UTS,448,0.5235391876078661,70.47340953269281,49.46529652569568,44.618455557128144,48.863661629947956
UTS,449,0.5353438229945766,58.124951329658714,41.78362005718181,40.138890040981245,43.05234289217075
UTS,450,0.5585907867043391,67.51843658895109,47.426637918970556,44.69045337274567,48.16836211518156
UTS,451,0.4626171419419485,69.3119501905445,49.195922756315234,47.559180729746494,51.65232190995643
UTS,452,0.44481060186459476,72.66657964670112,51.12452401096295,47.2039750120165,50.50920711645483
UTS,453,0.5598974743047997,66.93880351749597,48.75725082689516,46.14334908452839,50.19924112340002
UTS,454,0.46083601715284384,73.67653935105014,50.289898979018744,47.133583744457475,50.77787222544482
UTS,455,0.5549415034438279,72.9644568542381,52.92606824231146,50.959448403913655,54.33035611815468
UTS,456,0.49912153424273364,64.57736251584866,47.78032328155972,46.48782894385469,49.71229308281677
UTS,457,0.5179721290684436,76.36616998124722,52.76306989463598,48.515792924518955,52.377556779974924
UTS,458,0.5286188636473497,63.5917693055105,45.93259840189843,46.48974858499566,49.93660506036906
UTS,459,0.4971501349990838,72.55536887975346,52.1712535187928,49.8983646709693,53.997108928441556
UTS,460,0.4808090622323986,72.63883504380225,52.025969123007805,49.07041613369604,52.112084828122946
UTS,461,0.4999113885509101,68.24908372210395,48.76006763908885,46.78434236104567,50.1649140340127
UTS,462,0.4272111531249463,70.96538698087711,51.89788475949727,49.16115587217858,52.413572752297085
UTS,463,0.46185756523271326,71.88239948202052,49.80724528992588,46.119012550532375,49.99887726811755
UTS,464,0.47028338549390347,75.50876200293075,53.641424144705844,47.67152028013455,51.32623745206991
UTS,465,0.5297362961688292,66.94914106928628,45.69600412637335,42.36536676729197,46.02195074926647
UTS,466,0.3957501626392459,71.07228526635114,50.77636925655945,51.24683969714749,55.29865261342396
UTS,467,0.5577682091933729,71.36081378311124,48.98684914271508,46.388378090422805,50.4369001521428
UTS,468,0.5678706724983453,66.05482578929407,48.98061871551717,44.87681327069966,48.21460494268294
UTS,469,0.5821873758408802,68.9781572210211,50.30590282804638,47.33516491197502,50.63543618121156
UTS,470,0.44744774992448344,75.57200535161458,53.089678481350816,47.53971918788895,50.87054272792084
UTS,471,0.5316703230571564,69.53497337878687,49.24381692498687,44.379601762171475,47.74860411817723
UTS,472,0.48621785612143165,66.23729607327633,46.723665812377824,46.327950841721574,49.55399732926563
UTS,473,0.4264267913045464,72.18598489165007,49.80386651863998,48.8607717586562,52.01255354389629
UTS,474,0.4953957626740255,68.86530867342124,49.30906677418075,47.111340396266094,50.83724798109148
UTS,475,0.5690514944638032,64.57019571332248,47.26383686067195,44.05636579841112,47.271098461301555
UTS,476,0.5513464510927635,68.84293961682886,51.350068376862055,45.703040369956476,48.80389032195873
UTS,477,0.4877358951935117,69.34677206785754,47.69514108192358,48.182399612770325,52.65975090625518
UTS,478,0.49976267426075904,72.94793143259136,52.148608694560956,48.216174040092504,51.70590301481706
UTS,479,0.5767075921240614,68.48290136342878,46.890632040632426,46.374772422162025,49.44383131984832
UTS,480,0.4988456356208777,80.97233593595354,58.87440303711922,51.44461167486172,54.743494421392064
UTS,481,0.47059937247927675,63.506692781377936,46.68342053252803,47.49470279258462,51.01990911598588
UTS,482,0.49483744020259324,67.4599956762975,47.76471832109836,46.37830571181474,49.578443941607325
UTS,483,0.5785668514314333,73.3075893163318,54.03981813028418,49.412537180749794,53.45782169381628
UTS,484,0.5157822667980241,68.60072256379527,50.236935597685466,49.93319776321914,53.46779656916419
UTS,485,0.5352986133128714,69.30219213724048,50.622927255381434,44.96584038493243,48.75743177716289
UTS,486,0.5177078312206091,72.66011934775705,50.88681246210656,45.85609267239265,49.297199723903496
UTS,487,0.48099558928607045,67.44079708212678,46.47750744411093,47.41724877756009,51.64102398923251
UTS,488,0.5389287597466735,67.70217062787209,49.83027641140175,47.772397514435234,51.12289575887995
UTS,489,0.5657909889829718,72.73627192993918,52.88109622516857,48.28858512912669,51.44763778183538
UTS,490,0.47252826444452756,69.43763881759031,51.08106291323307,48.08702156761663,51.42100566473032
UTS,491,0.48440562083277416,75.89343112570488,54.214631212126456,51.121428890525976,55.79283521173892
UTS,492,0.449219118829692,77.92398551959371,54.96892682870283,49.16151819995834,52.561586205243174
UTS,493,0.5932805882502477,68.40618870180694,50.978430423334906,48.192595129823104,51.40268447809002
UTS,494,0.5380007378146083,71.1462894222093,53.28995209946239,49.3631288988729,52.710423392748694
UTS,495,0.5589596719095224,59.08388893150457,43.96529576556445,42.66314441229486,45.533095075951984
UTS,496,0.6198251255763778,61.61260078780786,46.02296739957783,47.480549638726025,50.13001005085504
UTS,497,0.5158723374521651,71.59317132498347,51.952749342089426,47.883166729604476,51.495552124027654
UTS,498,0.5009783132616364,68.11777039956097,48.87296621392731,50.84390691043363,54.45632002688827
UTS,499,0.48582690545645435,72.26572411723312,50.827509635599746,47.561660281554026,51.11112965320958
UTS,500,0.4733720075197907,82.18068434292267,60.33998762343962,48.05454064392999,51.39589106355222
UTS,501,0.5060163452799118,67.32834526182393,46.727318319117266,48.2239049896984,52.52104714956363
UTS,502,0.5219995239952064,63.89912893759698,47.47149238156956,46.12978492366154,49.68066675724514
UTS,503,0.5376180148564976,64.70199946287016,46.05410399698362,44.95208411803995,47.843301054615765
UTS,504,0.5195734136888683,67.78888895471928,49.18148644165901,47.95286205550263,50.85149102957133
UTS,505,0.545719051325309,70.61702064669359,50.75981718681332,47.857214507378345,51.61356269190099
UTS,506,0.5051155432889364,67.7073821015923,50.63039054188944,47.94602822421041,50.94712499107703
UTS,507,0.5582922686573626,64.04265157428996,46.98794869973236,46.616296186286,49.89125775327138
UTS,508,0.5469212800826329,62.488990027965635,47.6639653562292,45.249619053786006,47.559043732279726
UTS,509,0.5838125345548055,65.6288468088848,49.138087032980096,47.716637942375826,51.17888491628142
UTS,510,0.5479485929016034,60.56344183334672,42.06964545991587,45.206280888581,48.01932593001054
UTS,511,0.4681872299158224,75.36946005734976,52.944972829636804,49.10121042361948,53.002665630585334
UTS,512,0.539425933286132,77.87861399857125,56.05537765812811,47.764716015568105,51.31616112472425
UTS,513,0.5057637404348325,74.24183574414405,54.856212969627975,47.589275261014784,51.46939233905496
UTS,514,0.4768691828777184,62.6033673545914,45.209355691121615,46.0711612864495,48.85656386305339
UTS,515,0.5936839637500119,71.41063379200529,51.01018272239585,46.874570996185895,50.02276477516776
UTS,516,0.3766014449900217,76.20709235595221,53.79706932487014,48.66454977905626,52.43821425581265
UTS,517,0.5968790980004066,60.92892489907143,44.79877675806994,45.56838412465921,49.00029909856663
UTS,518,0.5487185964344399,63.921915618400575,47.58366791336405,45.685959222168464,48.38052352210994
UTS,519,0.5072869035959315,64.31254851780939,46.387249767697035,46.68153299800286,50.22302987421552
UTS,520,0.3544724777711068,72.19779624962277,52.78754636914648,48.78946778223717,51.701802628940136
UTS,521,0.5394151410039079,72.73248352230368,51.7631580965972,46.15591395473184,49.08324277478355
UTS,522,0.41172070061936217,68.62415001401118,49.22699941235289,47.471963742255944,51.0831270403628
UTS,523,0.5915371482066287,69.560498553875,51.318489128495244,46.633828345411274,49.866007338828624
UTS,524,0.605048896524032,72.23585298945288,52.283457166260355,44.386911328257426,47.627331840428546
UTS,525,0.3708548529998825,70.25056648280788,50.55539357515878,47.02300392243948,51.25320619076837
UTS,526,0.4543327194385729,72.50422447973075,51.062482860781195,48.716203152418146,52.69355016759858
UTS,527,0.48346937938980694,63.48288981911915,45.47415202155728,45.374265339056294,48.29924029255571
UTS,528,0.569153296632745,64.73642126629994,45.44796892146899,44.78972352398733,48.61498181204974
UTS,529,0.5275881875531776,73.42150762740839,52.358676993770516,48.01534517483828,51.22828153464207
UTS,530,0.5410166664417048,65.55497976932841,47.937882963319396,48.390080805573696,51.88687578700397
UTS,531,0.5257444904001826,64.94078176642425,47.331965673539436,48.24135813351151,51.501540390524546
UTS,532,0.4720853239845473,72.7730485870297,51.91533098074758,51.26075820256014,54.28719011524448
UTS,533,0.5168080621184239,68.67511848924757,49.148803155465465,47.08931876196674,50.741469765448926
UTS,534,0.510203245944476,64.12339798758852,45.52679172856858,44.164277464411256,47.5966462359861
UTS,535,0.5539936901506184,71.04712195108733,50.77323705766699,47.48591541252539,50.881934828694774
UTS,536,0.4800980747693163,68.30301276294442,48.732636389951644,45.14730238335668,48.905259496387174
UTS,537,0.471536207700893,70.67057818118946,49.97383273884663,45.7681071071684,49.21560800785054
UTS,538,0.5370895493380464,68.2301861991314,49.75057347406278,48.91918846656994,52.65913892829467
UTS,539,0.46897653748714185,72.6593540048043,52.10794526665901,48.6940288660694,52.918051524652476
UTS,540,0.6006625903540663,63.980465951137454,46.73663688127492,45.3945206596343,48.307076701598056
UTS,541,0.5045897002095139,73.26814295367778,51.625393787953605,44.20333264204871,47.432005820010204
UTS,542,0.4388833131468175,74.66778184875298,50.86980892442711,46.94856937310174,50.90616885823262
UTS,543,0.5593836608658957,65.87533477003132,48.4797349422713,49.167590672415166,52.73870755641412
UTS,544,0.5773479252527203,70.87800394381203,51.32128181736057,47.88869417901525,51.644680781935534
UTS,545,0.4800714833886627,67.07885493539244,47.5741771622177,45.174717315882496,48.11900005777137
UTS,546,0.5992533795264499,67.73613340015079,49.60657011918183,43.57619951104104,47.416502361528586
UTS,547,0.46243124581707673,71.71797557355086,52.66105944122836,47.2303920045595,49.52684212249505
UTS,548,0.607434222673214,65.49137057901194,49.06845048478593,48.28140091424723,51.55766793925143
UTS,549,0.46262503011938205,63.486685197542485,46.514104363579435,47.67203608803543,51.5259896689473
UTS,550,0.5665394279105874,72.66984446887332,51.25341998586896,44.695600963704074,47.93300701964029
UTS,551,0.5539921326322605,66.61362454712226,47.654785349976734,45.336218978345606,48.82388705246186
UTS,552,0.4975675316636846,67.12390234228074,48.29445893045029,48.06645291706248,52.554530458748054
UTS,553,0.5581155760579716,69.76907327583027,48.565306084178594,47.14585735202803,50.58900427539463
UTS,554,0.5100743606651965,64.93187421578588,47.56183862576433,48.529943443878224,51.36205404619517
UTS,555,0.5168168637062007,66.84553824997612,47.784143952507,44.34938171475431,47.40342415558524
UTS,556,0.5234279583785721,64.98830329128985,48.53271524358585,46.59863953825786,49.85364776961004
UTS,557,0.5287588679114729,70.30385239628934,51.00731905559084,47.047401737908906,50.87543788643847
UTS,558,0.5037002089550706,71.39726305805682,50.93246933358163,45.393916163854186,49.33537386369063
UTS,559,0.5253286028329276,62.97105848784916,46.044466097857736,45.50248616362323,49.058413701334736
UTS,560,0.49639126842531556,68.94319128598505,49.81689375927181,44.73849174350133,48.06749836714474
UTS,561,0.5406601879962296,60.964637811759,44.87624975456553,45.9059216414441,48.778635260179996
UTS,562,0.5637003718926581,70.62636700917845,51.07875813204121,46.301919492063064,49.60004492439499
UTS,563,0.5179825676015299,65.7919724254344,49.682901748318024,49.18658137673547,52.78073558910895
UTS,564,0.5013987510109221,68.86337399516746,48.31095741682791,47.05645851536804,51.376336262538665
UTS,565,0.5488286857172551,71.93804718379876,51.47116219221716,51.451289634529324,55.00528930331953
UTS,566,0.5681025197382272,74.93890860599069,54.493808901470665,49.77992621451307,53.09714804852984
UTS,567,0.5719889278401562,61.32196026592943,43.74382882206933,44.96514100115275,47.89056663580311
UTS,568,0.5102266523976794,72.73873373031765,51.94017618626317,46.087415513557154,49.153481958476725
UTS,569,0.40801405832419146,69.37144068340467,50.07392497950126,48.06587454144058,51.63395218869492
UTS,570,0.512326116931959,68.71387146182484,49.92600298623111,47.377584230343814,50.288808708955195
UTS,571,0.5331465945218925,68.06362263204075,48.490249343579556,46.0421131884727,49.24984760565079
UTS,572,0.49687514343888384,65.81674363045833,47.86363765749777,46.983698707234154,50.29461648609447
UTS,573,0.4600039940422951,75.88092927046479,54.98532147357121,48.16127870930594,51.13909027291792
UTS,574,0.5008116064127925,71.47454851851288,52.131057236616265,49.71406167381424,52.86060410379973
UTS,575,0.4852030698001736,77.62517350019539,57.10649049318709,49.823416797873634,53.11195504523592
UTS,576,0.5609959421934037,72.67387310132916,52.809254545280545,44.788071409494016,48.10815643649005
UTS,577,0.4876308272102664,66.44317532363856,49.328690086342135,46.491396776306715,48.6694990140831
UTS,578,0.4913588387839116,73.13503915725428,51.71915975954954,46.60469462516899,50.2432285824513
UTS,579,0.5381150730111854,68.44133401417307,49.17843752167605,47.99162376775159,51.58425604133961
UTS,580,0.6586023104001917,59.58532557523644,43.65551533644918,42.94225588699954,45.6682889238102
UTS,581,0.5285383887233412,69.25536187555018,50.18510130872555,48.079404271068206,51.867608340342734
UTS,582,0.6000279860501789,65.5233843050901,46.78017471255476,46.514873331401986,49.671820079915676
UTS,583,0.544905608724308,69.85585013524918,50.73203918615344,48.27169102176128,51.67432723129629
UTS,584,0.5973363524825932,64.95952670951975,45.518544713246506,44.83010969274323,48.13809909374225
UTS,585,0.5334538425229447,69.2966246101665,49.72408167675156,48.897904969206465,52.56738499377761
UTS,586,0.4646142585607501,75.0422060999524,53.43751053194471,49.965023501757855,53.93195906982696
UTS,587,0.6210786724373598,61.732933632216515,44.61320588731222,43.51672702562828,46.41112913918201
UTS,588,0.5063437461464967,68.3095918990947,50.375833628283786,46.7447316930316,49.23402830638071
UTS,589,0.4828156770855031,82.31246065487628,59.61573037238244,49.83055906863439,52.87912038910842
UTS,590,0.5336251861692618,70.2680140815911,52.39851166081558,49.70753216697906,53.525859415852466
UTS,591,0.6164173486621759,61.94980644357209,46.69391466209873,44.8952823019853,48.44395554301662
UTS,592,0.5272569182886176,66.27406339616438,48.35673935215794,45.45317296553828,49.427458572972995
UTS,593,0.5360911511980494,64.38307867868433,45.5405443686174,43.46497178022847,47.14548266656482
UTS,594,0.5977236890594296,58.923155741644194,43.804814444529704,43.00286742149822,45.782792288601804
UTS,595,0.44634223003292683,77.47639415804377,55.834009497512334,49.98118811750115,53.38350952914149
UTS,596,0.439394979880273,69.5694769085087,49.540101059247405,48.99470347856301,52.777316635329356
UTS,597,0.5277732292042439,73.08169556745884,54.1905137456367,46.1166210574543,49.06885561709754
UTS,598,0.5541169584590642,61.102541296256504,43.814516269464896,43.135698548347264,46.64541585515287
UTS,599,0.5218912846474407,63.07233797814869,45.34238294142426,46.538677947358345,50.05097086850656
UTS,600,0.46814112135730923,63.84800725393927,46.44350460012672,45.80979666547144,48.88742582735093
UTS,601,0.45956864125225827,68.47811517000127,47.00416800319643,47.76808444260809,52.567143950784
UTS,602,0.5348207254598099,67.2082965011164,47.786188582843735,47.29221314817714,50.595632554676556
UTS,603,0.4461636173453203,68.10049192963464,49.76127241056404,49.41078503692741,52.59638577602546
UTS,604,0.5398693689504794,61.43733749657915,44.19116715411384,44.95532314896411,48.02419326496856
UTS,605,0.4086727416940512,68.77674603693087,48.03235709871079,48.694630442524875,51.75484590994241
UTS,606,0.5341620223085202,61.26117681297635,43.92340806334483,44.58484397504353,47.79657553021993
UTS,607,0.5181453388339062,67.89409786438516,48.01845741048491,42.809207134775484,46.28701333111185
UTS,608,0.4626656998471774,73.56064223401098,51.85189391930044,49.823484141903016,53.087960352396315
UTS,609,0.5724557542321537,66.60364559712319,47.28619615829759,45.66308469622525,48.86107793159384
UTS,610,0.5049846127971782,63.97447344234315,45.46336919446927,46.393665039727146,50.60628162804111
UTS,611,0.4860581979952191,64.4551174425235,46.83057739995975,45.936599095763675,49.586008147861584
UTS,612,0.4959670083458638,67.25645794901094,48.45234972571298,46.03290832717505,49.515238415671746
UTS,613,0.5578330142245198,66.34315578633078,48.03407452194902,46.06236660042288,49.0729419364967
UTS,614,0.44886133112006477,66.77439653003599,48.06524690629825,48.419910227222,51.931572885121405
UTS,615,0.503579765646913,68.86734405644061,48.87946528749902,47.271388760326865,51.250017238725384
UTS,616,0.6598558820209253,62.571388727224615,46.88152978701017,45.10707555460197,47.7081718568254
UTS,617,0.48825102237395546,69.48173640449436,49.72855367002573,43.67207203504148,46.99614540130854
UTS,618,0.5338771548977318,69.32166369229843,51.19096609800941,46.74767661712478,50.09206857140203
UTS,619,0.5059362283173452,61.311800137870094,44.963806432740036,47.01951322791998,49.98728914683883
UTS,620,0.4224140387332048,72.71827690015341,50.35958336755975,48.271577471122086,52.87362806034073
UTS,621,0.5361473634878026,68.2822307323377,49.078999874862,46.13299218528207,49.66363591364392
UTS,622,0.5654417463389914,65.13368164163471,45.98717227331692,44.095907234849705,47.35354983139882
UTS,623,0.5228151651335322,59.39886856134502,42.81619467960167,46.17866480499247,49.2276149310694
UTS,624,0.5061507221100199,77.22416495621586,54.315727638076986,49.079460479307926,52.935572420429715
UTS,625,0.5399920122181159,69.46474685323655,50.465905893861276,48.50423037475134,52.51950724057312
UTS,626,0.6408314617341957,62.590904682910015,43.73927549818148,43.59012436576749,47.425376836521494
UTS,627,0.5262101422884189,68.58780504528579,48.83097101775118,46.47888570220629,50.040176938748836
UTS,628,0.5201497213696017,76.79161665501684,53.90488743336634,48.758400846682804,53.08344293990684
UTS,629,0.3917155175640582,76.81837366631257,53.47920216423432,47.9126143657223,51.14697139146435
UTS,630,0.47032013850974286,70.23282343652133,49.81669274693956,47.511991484482465,52.02772292376455
UTS,631,0.5724910773635448,71.0579921361896,51.45635293517518,47.18926859850436,51.1419479016432
UTS,632,0.4978133235808473,75.43925811492745,55.165152139045716,49.179247615087846,52.30438709074426
UTS,633,0.5296158693125532,71.74992122222825,51.4002068268098,47.89880533081788,51.474612048625886
UTS,634,0.42402130349978884,68.1124511473972,49.07944618278576,46.3920345567169,49.193736085696294
UTS,635,0.4844658439534928,77.02358038753934,54.56519118919908,50.179812790631445,53.22687104404439
UTS,636,0.5157834192967139,71.39981747082524,53.04136056417909,47.704263090460074,51.17061181388156
UTS,637,0.5898278047325232,62.535542923338284,45.93968162061311,44.402141563850996,47.40400964050523
UTS,638,0.5153361293035879,61.31928668917783,44.660625980223934,46.72062767515562,50.268141763662484
UTS,639,0.5464789738581916,71.4035478230119,51.37925577058591,49.20210850056017,52.92579182050663
UTS,640,0.45527719779567866,76.8967480461784,53.406399287624005,46.84753372623463,50.324444748551265
UTS,641,0.5751403956688091,73.18010237699478,52.601547533593404,44.538873909308016,48.00833108089069
UTS,642,0.5512503169009513,63.539872316900144,45.29399229225052,45.81151426298499,49.246858836908935
UTS,643,0.509417470704123,67.30161744894932,48.425429370198984,47.18187031318723,50.70720136231513
UTS,644,0.5747566608383372,63.67714442242718,45.40791982307966,44.32203742435458,47.39311625385253
UTS,645,0.42777021318257735,70.62598098840617,49.774658440528746,51.504060282386625,55.04092403269684
UTS,646,0.4757271447949095,65.47438072403317,47.768832240018014,46.466694182457275,49.54642000441834
UTS,647,0.5931688816803358,60.171699335711764,44.60524253928341,43.40022962713229,46.601743435202685
UTS,648,0.6033680399267862,63.9238050612991,47.93233237303787,45.34367196092426,48.52820074062976
UTS,649,0.4669007077814694,68.61558258787069,48.952098622375175,47.79738825638783,50.77510844071533
UTS,650,0.4964679609641137,64.32408831609804,47.6742502601064,45.611375270110436,48.80826689580539
UTS,651,0.5469412678301662,66.31893386049154,47.59490214000211,47.391463490571994,51.115597329590656
UTS,652,0.5316381426661484,67.32080336856231,49.491378138399966,49.22285259175773,52.01649567710638
UTS,653,0.5186447399721708,77.82730773073064,56.41197323662081,51.32698979967163,54.52924051160703
UTS,654,0.505455477049164,74.69554374765653,54.20715279584861,48.30998819328227,51.69020413205318
UTS,655,0.4992474306843949,72.31849796788383,52.42546676526593,50.51186906771836,53.66427694093778
UTS,656,0.6128472141061416,54.63060775319837,39.69073907579675,43.42771840520904,45.782404196769356
UTS,657,0.4514025985211818,71.44138443494226,51.30023289753266,47.887774479619594,51.75995141433491
UTS,658,0.5104036325020522,64.07463070723718,46.058573339364266,43.759018459333774,46.573459010228326
UTS,659,0.48324622861040256,73.67553651805578,53.60968566615739,48.374387364315076,51.00879215543141
UTS,660,0.5094255526190596,61.943165634250924,45.0365580893184,45.80651727454636,49.0796341584541
UTS,661,0.5640082955606016,76.18068432046503,55.82254360962094,47.09969580083908,50.04715159761547
UTS,662,0.5854267594918341,73.77380104757876,54.48960390586229,49.196127160372306,52.60658612919702
UTS,663,0.5365496348153216,65.21849194912771,47.69802612265155,43.64749410528625,46.90355950937372
UTS,664,0.590950249150768,61.22438715096903,44.67526811604431,43.10421131987995,46.245290538525175
UTS,665,0.5511060548956488,73.12599656154852,52.208777635284584,47.923091875320246,51.52597436625799
UTS,666,0.5362484362946047,65.31342042310378,45.75743718779986,44.643411325869046,48.51843125613066
UTS,667,0.4827148288286045,70.76345851484066,50.91982000388832,46.05125449993821,49.04232188993482
UTS,668,0.56603148699195,69.32766025560643,49.315637232951325,46.40882467030005,49.77942637646488
UTS,669,0.5475822583217844,71.86761205879523,53.66011206979671,47.89537752055012,51.20592142839538
UTS,670,0.5248770395277658,70.53027015196311,51.210303166455056,48.45857957215183,52.24728393910841
UTS,671,0.5163886374669877,68.48209740580477,49.0768157539269,44.255144301951425,47.63839473023647
UTS,672,0.5571249893730562,69.33136658847248,49.01551534693851,44.465434688153465,48.39369698630684
UTS,673,0.49014492643106955,68.60863146514264,50.11353708130917,45.52348531990234,48.708503467209944
UTS,674,0.6123501574533406,59.975854962334374,44.57193912635574,44.367237498048716,46.684521440507474
UTS,675,0.5289221734342805,70.28045435317557,51.440221857952096,46.70134855725668,49.38457772298978
UTS,676,0.5608324814101378,72.39983135478101,52.998893032604784,49.19567883608613,52.9063385216171
UTS,677,0.4780721479517066,71.04667411500644,50.570326670481464,50.94683824574972,54.22061740750087
UTS,678,0.4993193565233488,65.58827833203435,47.082963531166385,45.254303231731214,48.78839584261007
UTS,679,0.4400957463335523,72.86989283517805,53.229515613820936,50.628260843723744,53.90986988856239
UTS,680,0.5346721594458649,69.89992720169967,51.8899674094484,48.62599617673898,51.701632339348016
UTS,681,0.4244268010565687,73.31324736111706,52.04824140909116,48.34930791099621,51.65941349839556
UTS,682,0.5721282281335076,66.68388422685231,48.38915231683874,41.6886889095626,45.360261382328424
UTS,683,0.535574377448881,71.21751089128597,49.83273405984725,46.87238804874096,50.501563391596655
UTS,684,0.5690980449605099,66.35718174890023,47.50860161474608,45.96132115971756,49.977238870386955
UTS,685,0.45534934166999497,68.41920064682414,49.549911671149694,51.42799239665033,55.218490659347374
UTS,686,0.5272954532349801,80.70810228487574,58.93082323058648,54.166166370717114,58.32562662487354
UTS,687,0.45150341188923526,79.63951663640667,55.784839747608565,46.54624226213534,49.19615413976185
UTS,688,0.6073719538309443,67.55247826497909,48.09556590435528,44.856561314603404,47.9650555233392
UTS,689,0.5359248193454448,69.23330136384247,49.26117161311697,45.77639445274203,49.35633520635854
UTS,690,0.6051665176722834,68.87266083910667,48.463541629689615,44.41636762456012,48.05977345733016
UTS,691,0.5402049173612254,67.86239732029719,49.06504959685362,46.304337604552636,49.99357586952844
UTS,692,0.4497863667806846,77.85943326154548,55.69883151034686,46.83917609606953,50.58110185961117
UTS,693,0.5287894498721037,63.514240547688786,46.531981007298945,47.59331601586266,50.95133758137957
UTS,694,0.4855802937672322,66.90758248876062,49.002901133926414,46.61520729073963,49.78663847937385
UTS,695,0.5547527017446704,68.73889619001152,50.65017809788151,46.527686470654565,49.55481027368537
UTS,696,0.4567782259569245,72.36186610554572,51.79551792787676,48.96934058222139,52.244173789794026
UTS,697,0.4985593238020609,71.07916959238729,50.05748394735119,48.47587568398476,52.217343873401525
UTS,698,0.562659848164482,68.34537169097517,49.59908974731079,46.257644711305424,48.714544868178436
UTS,699,0.6193795523975718,61.037565014350825,45.389799603061704,45.15325335228451,48.224143614640525
UTS,700,0.5896634980107027,64.77084762033887,47.59038796593176,46.070329490150684,49.86084057862404
UTS,701,0.5747695737153702,66.82976171641899,49.72812138433115,45.20881735260024,48.41804909656878
UTS,702,0.574011417875806,68.21346427698393,49.656946435622935,46.014083246090244,48.87842152714126
UTS,703,0.5443237876367828,72.90151365246943,51.76632923176223,45.41725460563137,48.258167319926834
UTS,704,0.4447114762013795,71.50750325472272,49.857527126506625,48.86916531099886,52.72996418454061
UTS,705,0.5523072790445076,66.9204106695065,49.30931879525867,48.21538283616097,51.45659467229696
UTS,706,0.5314995280920839,67.30200916820495,50.75223642900639,46.230109809026445,49.27088394837692
UTS,707,0.48585766416607135,68.93498025075657,48.28820372146281,46.46215288517646,50.36144533040839
UTS,708,0.3268573015793297,77.41407198654876,54.37454765847829,48.50442642430754,52.16244407749373
UTS,709,0.6104259399115379,67.58487129435917,50.393094374526115,45.29249138867686,48.90672249984719
UTS,710,0.46050198423440614,66.2829884829069,47.310848327727335,45.70426794448289,49.23749953736257
UTS,711,0.4717103824820371,69.8353848102209,51.79459906647196,47.6801943828147,51.21035658738982
UTS,712,0.49120771809878294,69.08522783170433,49.58785766772937,47.50545854192231,51.93106910998953
UTS,713,0.5795038756742092,61.4517743545892,45.71964018693053,44.48578955842059,47.72703582620007
UTS,714,0.5975781230752572,71.68297741808259,52.35947767084909,49.7475997867679,53.23154382168424
UTS,715,0.5256032637250989,73.00690587346001,51.29411150440218,48.357771128976026,52.7846335278399
UTS,716,0.5707410805370488,61.74455287504565,46.287829790210566,43.43555291163234,46.212835457703044
UTS,717,0.5078502087892616,69.9319380216106,49.512217630504836,45.97587390208143,49.514375573394
UTS,718,0.5830053094214903,67.84541370630056,48.47316199921338,45.463128427835,48.5383713986835
UTS,719,0.4804357552142058,70.68148370054959,50.57305717924074,45.14612082962981,48.620325924677886
UTS,720,0.4373784286642838,70.45013461647027,50.14487852118518,48.218761675492374,52.463743262178674
UTS,721,0.4955740105662275,69.73061940811638,48.3106050173885,47.11351495107815,50.82458744366798
UTS,722,0.5845343784606083,68.01833561592073,48.197317680015146,45.837940651243144,49.54144363403478
UTS,723,0.5161863660364064,65.65206346082516,47.6057891826159,46.29522071344615,49.92886255657823
UTS,724,0.5505885046392793,69.65433403782926,50.79086982386524,46.936231577399745,50.60864647250733
UTS,725,0.5458540963470294,65.0118929097364,46.30182830746569,45.44478584095726,48.51615735112916
UTS,726,0.5518052356486278,64.85393396103369,47.490563807334055,45.746564966848844,49.445880056306706
UTS,727,0.6076935020547991,61.88569942668621,45.13074074524202,42.600917512885985,45.562210759334235
UTS,728,0.5025276590884595,77.19682450989552,54.75545276233803,49.66026828780153,53.20421878574976
UTS,729,0.5035176220445599,67.76004278541504,47.638387643334546,47.46860533367988,51.42628170511953
UTS,730,0.49523237796702146,74.37461232985169,52.20214693086225,48.44610746888654,51.69975007322893
UTS,731,0.5503126651764613,67.71042031720236,48.217225343726625,44.06994364300535,47.25762491933192
UTS,732,0.5483411840811736,65.98646729751633,48.31904799459526,47.70790934999727,51.20450418314428
UTS,733,0.5217180475175525,68.92255591728218,49.685981505022745,44.97707279488997,48.81566701106554
UTS,734,0.4600110169610062,75.86447152404824,53.2727552340121,46.307412045002245,49.84482860469023
UTS,735,0.43645611958399455,78.5952570317526,56.51882778892345,50.54325520269585,54.529136565905794
UTS,736,0.5590202262551968,69.14549766571588,49.6769316045097,46.19868508360492,50.28761995778024
UTS,737,0.5675798545525854,59.636957984068715,42.74567252100804,42.965471930085386,46.54044050381009
UTS,738,0.4127067068197897,75.85014534860719,52.73910620312549,48.84833620447845,52.44745699447047
UTS,739,0.531599599549065,75.28504518207458,53.343098090111994,49.91389509112029,53.69498075907128
UTS,740,0.46366171548856394,71.04782467117613,50.37700450405498,43.872300842396726,47.0093460680657
UTS,741,0.5147921552072086,72.09114857034037,52.772209418509604,48.95199410976114,52.58902227946565
UTS,742,0.475531707751612,67.07204713411377,47.494580312881546,44.21261903854322,47.87986434573879
UTS,743,0.4888891087926188,69.0673314629066,47.70958424219078,45.99392470296533,49.32817450771024
UTS,744,0.5191401302217337,77.20223329660014,55.67271282398841,50.873215372296706,54.92629075831666
UTS,745,0.5591320489913452,61.90852593087828,45.44521266256484,44.37539450657737,47.0313757532541
UTS,746,0.6384865985201992,68.45210511641599,50.32401031638181,43.79995178547918,47.237605137739955
UTS,747,0.4544646416886713,75.02807296807511,54.59693792072011,50.90148286235735,54.29665423577049
UTS,748,0.5130046954351828,60.32105428557406,42.383144345549105,43.99850102699812,47.37010434869446
UTS,749,0.6149094135428961,65.79298383314212,46.84338662927872,45.064567853574644,47.94548888904899
UTS,750,0.5489565103563129,68.64455613235164,49.03077486156871,48.99202993502957,52.17990526817903
UTS,751,0.5022066466670135,72.69074405995589,51.225846092878825,48.338245113554734,52.33549907133308
UTS,752,0.5356151413322063,70.29585266682241,50.43995227725176,48.93170698162768,52.815392983370565
UTS,753,0.5341466623508546,74.6021814598509,55.68619928199738,48.98476344980969,51.849049263649
UTS,754,0.572269969779623,69.644656879469,51.62370711543075,46.51801111626575,49.735509234217346
UTS,755,0.42807708301093617,74.20872707107921,52.745060943526944,50.26879934574479,53.792570818760616
UTS,756,0.4715760392211408,72.23623751637868,50.51046025042031,47.77509561517178,51.342025728037974
UTS,757,0.5889420541711237,70.50743270583958,51.54890798335056,45.25074240352816,47.83794955864994
UTS,758,0.5873034558258896,69.17547021110501,52.04074272824335,49.86718170175445,53.149829532722066
UTS,759,0.6285431983870851,60.50511800990216,44.20851674549419,44.295571111879326,47.104071808990234
UTS,760,0.5886616211648058,69.23800567774919,50.770844165130136,46.84543759956512,50.046939702283716
UTS,761,0.5087721405293897,67.90543118465854,48.22182003899851,46.7863280097866,50.6106230730227
UTS,762,0.4936483605918006,71.88817279167667,50.415639010535074,48.79298647194716,52.812914951578094
UTS,763,0.46737118550669554,70.15139613094958,49.71950880700713,49.44980252049274,52.575423264998335
UTS,764,0.5595338244440327,67.86263361912914,48.566503071322366,46.62160893349448,50.34065823750742
UTS,765,0.4306743513309301,71.31272173179458,48.69874321360245,45.58352007406371,49.02909390957776
UTS,766,0.55842205493304,65.09501917937345,49.089965026529434,48.32054726816219,51.54796403058238
UTS,767,0.42402874461319073,74.42310532485402,51.87575595614715,49.748603375515195,53.38510332585218
UTS,768,0.46666366018925953,68.12456533563535,49.46171184416566,50.739306617912,54.03873696051645
UTS,769,0.5120192246427497,77.20147241061328,53.64569433660039,49.53449132806599,52.89818500050554
UTS,770,0.44796680069520456,71.60156799323738,50.86366264526253,48.05212176204672,51.507356481999125
UTS,771,0.5227733457983569,68.945383258525,49.63179269692618,46.929091416451264,50.28668900865548
UTS,772,0.5107048852516647,71.64454456217058,53.09725051788318,49.87054654467777,52.96248769036539
UTS,773,0.5554357387644293,66.6960547076519,48.135954119835546,49.06741017974078,52.52883429692875
UTS,774,0.4833987377562279,67.65768831549534,47.815993599994755,47.23374322195699,51.27788625434035
UTS,775,0.5272808434102327,67.73007086063066,48.77579129354561,44.268773492229805,47.565848760608326
UTS,776,0.4850058583659327,72.73362863981578,51.682984801522046,46.6398192788791,50.046415177827235
UTS,777,0.5983409069720214,67.12027439742772,46.709263330240184,46.02509269777645,49.79853660245569
UTS,778,0.5537770281462745,71.13816418627279,51.7149736074409,46.435126657312445,49.47524182265603
UTS,779,0.5514972651061296,69.04075699893026,49.4252740579595,44.746626775271295,47.91693625344575
UTS,780,0.5928982953173075,66.78990645366227,48.31464396225023,47.85944579726242,51.3595004371639
UTS,781,0.5375281787491952,72.87882605422082,52.965444398173936,49.04695120377137,52.24732668549258
UTS,782,0.5104681281690774,76.17629098339458,53.4992826546589,45.28063337266329,48.14387457201453
UTS,783,0.5831213673304569,69.73754200541778,49.93386771733335,43.963211701218874,47.60196262908921
UTS,784,0.5836669154673408,69.23817214500504,52.460914654778435,47.08155216173065,50.599270965560954
UTS,785,0.521521031661424,72.47495008233275,53.57082684922383,48.51304459837668,51.26467865953075
UTS,786,0.49707792192661404,75.64933272737242,54.62692043460155,50.4393274323187,53.69797452240499
UTS,787,0.6023886202372896,67.91777223596648,50.712081277001474,47.82673864771552,50.68351724747335
UTS,788,0.5538445090051645,65.68930146472147,47.37424195932501,45.011784305700964,48.358019094701284
UTS,789,0.5459313158917084,62.79773603165877,48.1783440556772,45.52228254426725,48.038868907274015
UTS,790,0.5704632775306078,71.26746640651817,52.82539273175727,46.591701249973056,50.56547245757112
UTS,791,0.4535300902839263,82.28832403512293,58.64872675228439,50.482143204564395,54.70014325121697
UTS,792,0.5541790473216711,67.99548754735268,46.67325989037897,43.82869952887083,47.099232025198845
UTS,793,0.5560474037739092,65.88902332840107,46.0651190409283,47.66652885751696,51.365383340632675
UTS,794,0.49277876898499107,66.12449251891204,48.359229865813276,48.40547783585781,51.99798004144435
UTS,795,0.4920724459799818,70.91276061384401,50.86194396618693,53.22642515114421,57.15752654581226
UTS,796,0.4820609524037579,64.45636097556238,47.19993829110849,47.811376761843306,51.784054377880885
UTS,797,0.543250848517902,71.03858513777251,52.42679321428397,48.40462293655634,52.24604218587695
UTS,798,0.5154178949351446,60.449981392394875,43.514206889494325,43.64526078046272,47.05963692232864
UTS,799,0.5083285825640971,63.89914816900925,46.55924895852841,48.69869056972362,52.22325184251465
UTS,800,0.4863528489289328,73.35452565301473,50.465633819862234,48.41164811692171,52.09640036793171
UTS,801,0.4790978197031246,72.29818498129502,52.67773448893484,47.82209441435553,51.53725666263955
UTS,802,0.44759831067255684,70.28144862903885,51.027614819936495,47.02923726602368,50.62591911937551
UTS,803,0.5287381844167112,67.81274668589032,47.760292104378145,44.80718601686303,48.27112484338291
UTS,804,0.5242286764629311,71.14503623237867,49.156499830586846,47.361324077607385,50.82487784352391
UTS,805,0.49923205070773635,68.08057938438925,48.96962637379399,47.917917702111,50.95016092325689
UTS,806,0.4786658388432842,72.8084431375217,51.98115597041942,46.9619772101549,50.940406126465625
UTS,807,0.4368039421992175,73.28132446897071,51.32685587822124,46.84720385297227,51.305997882864084
UTS,808,0.4938694404750912,70.65186247037356,51.484663478152726,44.174747322880776,47.71487597970679
UTS,809,0.534597476816097,67.38977008536958,48.023081796964284,46.38027510214852,49.948487349455625
UTS,810,0.6047160080078681,70.06987256334578,51.319051363513495,45.82743271382689,48.80156572817921
UTS,811,0.5148121464284385,63.916376738252154,45.777156218681526,46.215767922214035,50.08683326547907
UTS,812,0.6024954668066442,69.2768182010246,52.24276070805715,48.151874169556095,51.16791227006879
UTS,813,0.4920801872792451,68.0593440720622,49.33911413029867,48.5364037125791,52.12311264328002
UTS,814,0.6132706132776939,63.688539748289706,44.89061833408151,44.52951267443047,48.45797552951257
UTS,815,0.6326597240996712,61.90859939239319,45.56629022141554,45.62221987856472,48.26610494315812
UTS,816,0.5164390628632773,71.76642348493282,50.60085389166882,46.48739831506159,50.4707452116028
UTS,817,0.5315815184683919,72.51904282413491,52.74107810788084,46.60699994941843,50.31011670437713
UTS,818,0.576359820629468,58.93518334929604,42.50685472357694,42.8631439381536,45.96524570916964
UTS,819,0.4575946035330317,69.63946755827347,50.31066742563728,46.76241265423162,50.17474442308597
UTS,820,0.5390775557435585,67.09361400471381,48.48312103324547,48.3210981432997,51.904133908159366
UTS,821,0.5636637261768073,66.83605887608653,47.859021393698555,43.688452827531094,47.31275353034536
UTS,822,0.5551207191304777,65.3173109807905,46.39803551140353,47.62158586015649,52.43078309501571
UTS,823,0.5054632830578334,69.66092060858473,50.59196273288521,47.44544623166896,51.376173400356315
UTS,824,0.6046579217241497,57.01518857047502,41.460406872346944,44.537247074131066,47.35666563677118
UTS,825,0.4634799770069833,77.58884126335981,54.166480018575996,48.60673393691067,53.03984384557076
UTS,826,0.535583176242443,77.40278031861675,54.86274448504299,51.24456380613761,54.589037776679405
UTS,827,0.5431705649012155,74.31638543781261,53.37838828035124,49.67112575547356,53.073820729003764
UTS,828,0.47520893372018125,75.53256628477119,53.89177213285873,47.43850195063642,50.65569707767798
UTS,829,0.4407209764816761,78.11838026546822,56.066649760667794,50.481006520051025,54.37686780978094
UTS,830,0.5284396027734204,67.44210892454917,49.18669643261216,46.02985583396994,49.784887050760176
UTS,831,0.4912934391355567,68.81460067103264,49.7630391805151,46.80245108322328,50.94997645457745
UTS,832,0.5497769369470606,68.41624477385558,51.1514517426917,47.284617932097426,50.94565452557712
UTS,833,0.41945397716342336,74.99863255363118,51.88960560984946,50.14217163723746,53.50039818441048
UTS,834,0.5134665274310369,72.65038409555301,52.85718454120743,46.3004697486341,49.715757628763555
UTS,835,0.5405028296345723,66.51747125692795,47.50758303237575,45.65598092534945,49.39460446393553
UTS,836,0.4677672372487277,67.45913529020828,48.57353904781151,44.18881856707259,48.17884806601667
UTS,837,0.5537481273553113,59.705158559185385,44.75284184126268,44.04301697822545,46.919345465822936
UTS,838,0.5698113050716693,63.475956083911356,44.914621126657075,45.42037670433655,48.15168356235179
UTS,839,0.5484402670945586,69.43051243496265,50.34384579273003,48.19072214159235,51.772794579624716
UTS,840,0.5862482834880949,70.04952795500348,49.43717652449307,44.95560036442571,47.76040008062316
UTS,841,0.4521211148978037,78.28071204528747,55.34818571234481,49.810062695076994,53.6764414970582
UTS,842,0.5178176272582065,72.31944705742778,52.04018748247984,49.80526731111268,53.25649123559843
UTS,843,0.5413717661455139,59.99165890593853,43.01284390933686,40.670996871421046,43.753742241928315
UTS,844,0.554382160988616,61.59281519261836,46.28144539782183,44.92967553814751,47.9283589067921
UTS,845,0.5499621979528526,72.37737845306486,50.62850167110114,47.550309598473646,51.07288818293081
UTS,846,0.439010530752757,69.39029620329882,50.28514011843817,44.821406969099804,47.21792548306758
UTS,847,0.5372718865443804,74.19097748208064,54.38409237389037,49.337483116279586,52.36806868173266
UTS,848,0.499002665480778,70.79167792008708,50.61374390151287,46.73082670544431,49.86721444438323
UTS,849,0.5214325669106631,75.39571933177231,54.26653499562832,49.21992619215426,52.90934552817477
UTS,850,0.5864987519570066,67.91324639844095,48.34441080729986,45.056023500699034,48.39672790568884
UTS,851,0.5381579251865086,70.48399969024611,51.42976319182023,47.652110357444464,51.175870338202174
UTS,852,0.5021868957312419,67.63673607756137,49.51357761529886,46.85644057943644,50.853326782011166
UTS,853,0.4875301255874219,68.43485041236667,49.407672079850656,47.44960918215466,51.2676884518128
UTS,854,0.4856426608993344,76.86438813153644,53.6259413616078,47.552662302849754,51.69142453288929
UTS,855,0.5019410483093826,64.42536439229565,46.666100141918456,45.93492005827008,48.72227398845033
UTS,856,0.5619217450004447,72.2638915149736,52.002435934636,43.913019803479074,47.258959999535136
UTS,857,0.48806240737338047,70.33367293252878,48.15938401638683,45.12529610038469,48.59911950717157
UTS,858,0.5143652804704553,66.31739529898184,45.29971429276867,47.938878533299984,51.37355524760705
UTS,859,0.42435770826812536,79.61648849649367,57.949676863073485,55.68460584264325,59.640980393484156
UTS,860,0.4580791943545127,71.99255009725233,50.92107716120504,45.7929391287068,49.5483424770196
UTS,861,0.5289380358024693,76.13137433366954,53.647686679104154,46.62682201144582,50.30955897280122
UTS,862,0.5790991852516876,67.11085100896042,48.48210255892319,46.15966798136058,50.028005073050785
UTS,863,0.5288719816601455,60.658736898932744,44.86519704500163,45.79938150878603,48.483775047693605
UTS,864,0.4447934551693222,66.85500936434207,49.52596439278657,46.54723375736326,50.1224893921761
UTS,865,0.504932285236734,73.69198355149908,52.13144886250489,50.79363445583926,54.704342852910656
UTS,866,0.6013837032327731,58.19747264025202,43.58661936720497,42.70113133018351,45.27576869137201
UTS,867,0.4931892723890243,67.47440115444982,49.21854794357514,48.32087301220557,51.89665847777185
UTS,868,0.4453273933946955,76.85796737182004,55.56523710187038,51.480857837984296,55.129316049887045
UTS,869,0.5008126535442188,72.48654500372001,53.50941533677544,47.10517720895169,49.96760769626661
UTS,870,0.4131009279649751,78.53664088010824,55.67487016470767,50.84959394154939,54.93153661680178
UTS,871,0.5702289025268379,62.0881024471598,45.599058220245055,45.11942739590196,48.121844643474326
UTS,872,0.5983513974242618,69.460453643549,50.473788968534514,44.74695687766042,48.38189809709413
UTS,873,0.4637269746657696,67.24164733332375,47.66305542231215,46.48935672308259,50.00090557113524
UTS,874,0.5261032249261397,76.90963681210793,54.172518315701424,51.23869893227175,55.53084274946599
UTS,875,0.4898001254230624,71.7936360888016,49.7318756449716,45.986757965840035,49.44112530149969
UTS,876,0.5079788593702954,69.98419948970462,49.55053999387065,48.15535650564207,52.107929211253364
UTS,877,0.405409161690077,70.44418820558471,49.18697945020792,47.72813874052644,51.409188213108145
UTS,878,0.5347285727978379,63.908032409674476,46.3242879630367,46.71057559315829,49.93062784702297
UTS,879,0.5111620572250568,74.01831571721314,52.422784320337755,47.03053203823758,49.699782601145934
UTS,880,0.5451545187919338,71.84688447860314,50.246084192788544,42.66149853680148,46.051535397978476
UTS,881,0.593909887507726,66.21164816856965,49.045427272411544,47.258906037649474,51.003611512016036
UTS,882,0.4030234653711857,69.48358072326592,49.47882560118094,46.77520007328854,50.66677922068138
UTS,883,0.6550224116643056,59.516937227025394,43.816109967813325,44.31071003186591,47.503961439498724
UTS,884,0.5554232381701139,69.64706479291522,47.10485725537251,44.25409101708992,48.05157116788334
UTS,885,0.4844295708844816,68.96389991052521,50.74169282902995,49.077591074398505,52.18898072250086
UTS,886,0.5612154824324272,65.9815580033735,49.2621221006113,44.213295666155105,47.69395142829274
UTS,887,0.5609703602067806,70.13387763853983,48.88143546262149,49.27425680506042,53.40209803453158
UTS,888,0.48635856143559564,77.40933799333352,54.89433421653521,48.17398432446945,51.039664328927046
UTS,889,0.3976390377030986,74.41118260992623,52.10175685479076,49.6732554991816,53.40317366184016
UTS,890,0.5219626538769393,61.4739919752157,44.423004724142125,45.45451209715466,48.97472499123994
UTS,891,0.5040886332223395,73.5638995163377,50.711116021633046,47.03251844880673,50.52562497624378
UTS,892,0.5338890878926257,63.67782319238959,45.54103382976931,43.86993002654158,47.1458600814332
UTS,893,0.43815487751106097,68.76510298051433,49.68660917894273,48.126972168320926,51.71077977961268
UTS,894,0.5231875698664422,67.19215298825281,49.46381338418298,44.81488977780281,48.00963869758628
UTS,895,0.5047384522918512,75.73723952374033,54.159885975491434,47.188160663906764,50.93108997262419
UTS,896,0.5143993936646833,71.9340718649451,52.794103954042654,46.50184896015017,49.857795801603004
UTS,897,0.5428532122524399,63.44539800036802,44.67513360508468,43.14108315538501,46.21558788883871
UTS,898,0.5288837128276098,70.14434819816161,51.06377500194007,47.79767481786129,51.332407786787826
UTS,899,0.5515964413525214,66.01703584964761,46.14571923676674,44.199902155713424,47.02244034836999
UTS,900,0.5373105325452785,67.2553818935362,47.00356641193974,46.60765405716083,51.32420249136229
UTS,901,0.5338621938378539,70.14114210449058,51.06039769759159,48.7751685344354,51.77713599930225
UTS,902,0.5703087505769895,68.95345036513051,51.16062856897402,45.659722612916575,48.52699060428724
UTS,903,0.5600411333731048,66.09338749633746,46.52584710624085,45.055923873375434,48.93416418478952
UTS,904,0.4294663006221606,72.6517990867565,52.44264349296196,51.766278851917164,55.35002312034469
UTS,905,0.5123166773705761,68.71889460378169,49.742383072480024,49.239966631781286,52.78025878161572
UTS,906,0.45834618246332004,72.02749704853467,52.501537915258865,48.21619288590759,51.8604275395623
UTS,907,0.5571605600757945,63.91176440378094,47.37147238385939,46.928137347453244,50.31214966442801
UTS,908,0.5737251898784552,66.58014333840401,48.0897798586577,49.31356510699465,53.02035230679951
UTS,909,0.594661195933207,74.00789551927981,54.9224027145302,46.696192685936985,49.7637628687021
UTS,910,0.5457701615594082,64.5297863574648,47.38074721189823,45.638474405374325,49.481206269260355
UTS,911,0.45281290255400874,79.57713893568045,56.32261388003738,50.03810228908742,54.17277557429147
UTS,912,0.4625855983260885,67.67535234824662,48.960125744023316,47.07923225728434,50.62827440968431
UTS,913,0.49061657236030687,75.56200358389786,52.830473506879365,47.29700111416137,51.21634652091359
UTS,914,0.557772066010261,67.13814335058402,48.735152072055634,45.78166337321519,48.42240192308167
UTS,915,0.47481785798553644,76.0798339894052,55.6352880941811,52.876141604064166,56.18083779860479
UTS,916,0.5749904170255953,66.18055064381923,47.95691509450993,46.502602611653934,49.96965577898554
UTS,917,0.5067486636794507,65.54073185049124,48.60527603094726,46.17748008579404,49.58455503793481
UTS,918,0.5215191401924228,79.36433409095581,56.685039251131165,47.4358234393581,50.889736833683266
UTS,919,0.5175217266675617,68.16448166000737,49.67535291217216,44.848525484119016,48.362756835297326
UTS,920,0.5183842595631174,58.53851324410702,43.54980228801238,43.101332654381636,46.16089030238099
UTS,921,0.43202547704781846,67.90758541724503,48.271345972161065,45.45209387965759,48.843048887658114
UTS,922,0.5526972878314045,66.60946664688856,47.686716726954536,47.084045741484886,50.80441050310772
UTS,923,0.5137986278095258,65.31867058091973,46.57813029989498,45.25556964131125,48.43062948091684
UTS,924,0.46851831176728764,76.83187850927784,53.3793411384189,48.8644428714827,52.890284369956596
UTS,925,0.616239628373429,63.34139526721817,47.466657535867505,45.08533997555366,47.71326892685037
UTS,926,0.5429200480935878,62.949786748891626,46.61534701661275,46.68917678701506,49.86841503387462
UTS,927,0.5069102455602827,69.29196218579277,50.60222309129402,47.692486709638814,51.10575062216053
UTS,928,0.5767501847794343,72.21990233830215,50.8301488631269,48.17327998787474,52.17804360791174
UTS,929,0.449997151033835,70.80122937596909,51.484043529063186,49.124015419941124,52.06645165521602
UTS,930,0.5049594272415829,69.84742602020765,51.1696643513738,47.05932609706224,50.46083075009492
UTS,931,0.5058081184330887,69.72526216073298,49.63527603111009,45.93412997721279,49.3110613655108
UTS,932,0.4213203793515796,81.50359344739157,58.06526362782154,49.973164039740496,53.506727372757155
UTS,933,0.4770902233728176,68.2698753344128,48.5506200461313,48.96339957666397,51.91602753689965
UTS,934,0.47336383817172634,73.22256947459144,51.2528262186463,49.47541619462715,53.66511009598686
UTS,935,0.4775152118136293,72.02893446991176,49.79670064091301,47.492408910066146,50.628375083946736
UTS,936,0.5253991259626181,62.43271156147619,44.93813589258445,45.27211552597549,48.70441430838156
UTS,937,0.4789474378767643,71.74076663271994,51.71220829528217,45.30485864880928,48.652203505797054
UTS,938,0.4740663116354261,70.57683312936447,47.95877592045134,43.71404718558239,47.46702215173992
UTS,939,0.5301691130214985,70.83778660563817,52.94435515278335,49.40993944305897,52.43503145995527
UTS,940,0.4988531411047177,67.26877205808965,50.34970324578555,49.19102291934987,51.93855816901487
UTS,941,0.4661794452015493,66.77999263904069,49.205279769655796,49.355835504466484,52.08609463054357
UTS,942,0.6570459568720091,62.88929133644408,45.4948686473412,42.171936173053076,45.28001751114999
UTS,943,0.523461563512255,68.26287530220607,48.10614422686493,49.24124193340017,52.953997492616274
UTS,944,0.5674632356547904,66.3608312271159,45.40388675230778,46.08118207517088,49.30375739877618
UTS,945,0.5549284148681694,72.34124510008411,54.86534431602777,49.836849485558595,52.694262610259116
UTS,946,0.405463443907334,74.9025591439051,52.53436179134846,47.72928889931189,51.57305019191908
UTS,947,0.5142463610406705,62.310806233181125,46.930098927586435,44.65712076951195,48.520427084712416
UTS,948,0.4630240641929402,64.81957055696246,46.89916937385159,45.386391621839635,48.57732978967511
UTS,949,0.49936218728686155,69.45384519645845,47.55641551945135,42.298449057248,45.94138414546668
UTS,950,0.5420402263514599,64.4279612054646,45.84501349753267,42.423286547230965,45.74239411826721
UTS,951,0.5027592768988743,71.75893640665677,52.28858091582011,46.8432774878244,50.338554681610276
UTS,952,0.5770130885756206,64.88753881414796,47.469641958262535,47.071435354526365,50.42826483275049
UTS,953,0.532930900876323,66.90984533677852,45.887135724340624,42.14661073726065,45.58959521950412
UTS,954,0.4840581543543738,73.27840577259637,52.08388924724075,48.735022870575946,52.25131720171225
UTS,955,0.5155045593559436,72.20163714923082,52.328771713847026,46.361630150492154,49.77585876925108
UTS,956,0.5180486582850403,67.4969888336124,49.92642597824361,46.06626975780064,49.57852823820877
UTS,957,0.5434714024571915,60.68977632506925,44.91625607374185,48.40473002412903,51.20173433285855
UTS,958,0.5809514709833301,64.38749318204977,47.160597938717125,47.51744593827518,51.07012209063711
UTS,959,0.5722918323205253,66.68657600689822,47.748708672574566,46.502259926914654,49.78509542507735
UTS,960,0.48588207122442373,72.9911354504027,52.674318048503444,48.07754295286444,51.71154092153718
UTS,961,0.5359890795876585,66.30546684406515,48.34530059057881,48.05472478616978,51.29619379453428
UTS,962,0.46745398274488403,67.61091381072208,50.43068775204051,49.033892996912726,52.53469349437477
UTS,963,0.525413305239172,67.9456416225649,49.8983085766216,44.00939435519545,47.13830628739895
UTS,964,0.5454186243607955,68.14349962983886,49.60851524869449,46.06195436702936,49.778165956655734
UTS,965,0.5695839921154227,77.00967754700282,57.059693484606555,48.6602666131347,52.80025826678387
UTS,966,0.48479856206726646,71.60392731528464,51.94467195447536,51.70149457049055,55.273823339245645
UTS,967,0.4843022567423565,76.77704185017379,55.315012476233015,47.45235884028233,50.76252392158032
UTS,968,0.5004861786072585,73.08477792803748,51.75595390619132,49.09371764253721,52.61932108566512
UTS,969,0.49012714129930723,62.50122502764318,46.61881165990314,47.70660407530188,50.44051502797705
UTS,970,0.5736101698576936,69.56881985117221,50.77047307767666,46.246782598544776,49.694710917646425
UTS,971,0.4942807037377852,63.85167216088372,47.88916883506031,46.55391421480022,49.26682127848797
UTS,972,0.6378631298629437,59.347340933763746,43.855843107839206,43.57990636447291,46.675410846627756
UTS,973,0.5565957140634188,65.10698898613458,47.555510316921854,49.24151099382626,53.01866597673567
UTS,974,0.5262231437928524,63.44415567637682,46.070731333566236,45.0035950258645,47.80525073843375
UTS,975,0.49295007918527833,68.99921302933576,50.20016028472275,47.592282719063526,50.950878841231464
UTS,976,0.5377943863610989,65.8663536408574,46.24875171911016,44.32552570781784,47.87082053840072
UTS,977,0.5515706872752355,61.31672273855012,44.54538992013578,45.2591050882688,48.61652428191578
UTS,978,0.5146631767637906,65.42881121657888,49.29649227552921,49.14977851696472,52.29069543715281
UTS,979,0.596422178026312,69.1287398863953,50.2371992949024,49.238377575751265,52.53073577237983
UTS,980,0.5470315533221801,68.62624784440192,49.13581384832157,49.61746176369135,52.623947700650774
UTS,981,0.4410881622205244,69.3920128523011,47.19833400282561,47.45380282638565,51.53008694795249
UTS,982,0.5067225901851217,66.21003379123785,46.190276328857315,45.46288251144861,49.186203653869185
UTS,983,0.5113742647610617,68.84705946069123,49.28232390348611,47.31213511096621,51.27698500514396
UTS,984,0.5555928932707921,60.53338806554232,45.37159450489835,44.70338328117699,47.66237397424244
UTS,985,0.44152607110799724,76.4084977464245,52.792404934177526,48.48121318817936,51.947379238093916
UTS,986,0.5074838402157494,76.13037819196833,54.36046657555468,48.971149297874085,52.561378084542014
UTS,987,0.4889889776158335,67.12764909933588,49.39146036750287,48.17727716922558,51.0501444013065
UTS,988,0.5372503795486975,70.51101280618678,50.79001163665047,45.66971264035719,48.45825491500175
UTS,989,0.4351671036666068,72.23786302821084,49.67485987014347,47.87357781308585,50.78823461166803
UTS,990,0.5283389984668158,68.88469430348518,50.006388889365425,47.02962261324266,50.294578452642085
UTS,991,0.5363464464681837,67.03449698100606,49.20206965599178,46.06490054600749,49.243489773977274
UTS,992,0.5528667569322095,77.56316151656841,57.00401318882315,50.31524447916705,54.05972806282409
UTS,993,0.46865415619333606,70.58216833638141,49.8803987758509,51.12449141417215,55.20378270317121
UTS,994,0.5362621862937844,63.99559314065837,46.36596500390123,46.57421628780217,49.91750221279891
UTS,995,0.533006370879596,69.67171589875598,50.143843700427226,48.019490008442325,50.5451552737192
UTS,996,0.5490237428028332,62.92357733702535,44.29188649131771,42.6193609310736,46.2028459258082
UTS,997,0.5169741305182938,63.183836205114595,47.394689623326684,47.30459145814885,50.20023654044545
UTS,998,0.5529335560930664,73.45623791690436,54.79217559055818,48.107655804801205,51.09045362140498
UTS,999,0.5734067801331508,62.64653446194409,44.91240427908189,43.74022124264469,47.4762609097305
UTS,1000,0.4547015752571105,73.78692943367078,52.091873292367666,47.894940163891135,51.49122277441041
UTS,1001,0.4899341825455672,70.93929298115668,52.535727953477924,51.591286667239594,54.589745121947026
UTS,1002,0.44429609813770343,65.44310178468439,47.31438581136236,46.22262035587454,49.91742350200767
UTS,1003,0.529970267407907,70.02716737499698,51.67786951636261,47.99157948778553,50.849509470097544
UTS,1004,0.4156305534957475,70.71203896846032,50.58862792129416,45.82739106802754,49.564757092051195
UTS,1005,0.4446298467401232,64.73689991720907,47.20994020505366,44.58890412405684,48.639623632737475
UTS,1006,0.4381161601005652,70.66395000139693,50.35639651499576,46.639316504368956,49.84494006901041
UTS,1007,0.5144452355037981,70.46579453695698,49.63013547431856,46.58514939079569,49.94537283511716
UTS,1008,0.5021351443535816,71.17717999700498,50.889389939455285,48.053399701625445,51.05546621330929
UTS,1009,0.5219325371491598,67.69206684728346,47.873017665105785,46.175909283524796,49.99759589364383
UTS,1010,0.5040057325225484,60.76726185205023,45.03481696086307,42.515716740494334,45.381759063796316
UTS,1011,0.5016952406349025,71.38902598669723,50.562242734565814,44.863878252051535,48.25201145274882
UTS,1012,0.4214520169767533,71.50089965077666,51.7496132896877,52.335879071039635,56.10458163282192
UTS,1013,0.5268159547922835,70.68865894964839,52.91619344659288,49.23096115517599,52.702166672948906
UTS,1014,0.6004753267453233,66.68227624402944,48.03806743579552,47.06562191082701,50.30934006002961
UTS,1015,0.40401366688932827,73.61940695419474,53.15179156011127,49.40136963960495,52.198597124681264
UTS,1016,0.5602086623855609,68.5081874529293,50.82976206731309,46.864739621122446,50.36329531934215
UTS,1017,0.6020243542347382,56.68459114819522,40.2473308435823,40.69498621625864,43.577966677503326
UTS,1018,0.5024449907068964,68.48773607413325,49.1852368872733,43.28160173881685,46.81996801952197
UTS,1019,0.5011784215792918,61.190878998443736,44.81968442155578,47.59618691351426,50.46617087153662
UTS,1020,0.5478171314855891,67.09906881547451,49.16246782091022,47.00399433817165,51.051821291239705
UTS,1021,0.5762557996644937,67.26406515859773,50.09762039495549,44.49499319208928,47.90397512989016
UTS,1022,0.5335928484558657,73.84666936036784,53.13567005717524,44.83081566507495,48.01409968620297
UTS,1023,0.589856112674725,64.46031009756742,46.73759515122832,45.010966774276895,48.902522655165185
UTS,1024,0.5981691616871581,59.15784362995589,44.846170252778855,42.701539917271894,45.53670184760057
UTS,1025,0.5199262348705798,70.78886317447328,52.70695983752767,47.882437005364494,51.39421379097751
UTS,1026,0.5182516840968234,67.0837550871538,48.253471309486,44.91045868324759,49.172488838429395
UTS,1027,0.49534501111046114,73.3001715782179,51.93610884778579,47.09804943837135,50.85022085565726
UTS,1028,0.4724826735505351,77.65779455918049,55.02841226393619,47.623379041504954,51.200348376040324
UTS,1029,0.5042418014033749,64.25471596173452,45.87474856807688,45.78338452181784,49.141667516324596
UTS,1030,0.6384319919586241,59.42934609780157,43.31441078907498,42.66543131777758,46.12920034982643
UTS,1031,0.5150181872594717,68.97515124071951,49.50751795110466,50.13463875134451,53.84703639111358
UTS,1032,0.507982180091417,73.28449510276732,53.69439340417954,50.138740503988764,54.51171091482311
UTS,1033,0.5508658884591853,63.76724945795132,45.725807199300995,46.03997872649606,49.70852096863936
UTS,1034,0.43138167580423414,76.4765237955894,55.079273807508976,49.19931034487181,52.300231247889336
UTS,1035,0.584981769844281,73.46561999159445,53.649375081154915,48.51922875196591,52.33881189294035
UTS,1036,0.5188891329721668,68.95095091859193,48.91359255951423,45.84648517383859,50.22885675812184
UTS,1037,0.5616690003848521,73.19438362948661,53.259093162587654,48.99047300924947,52.67999394456275
UTS,1038,0.45111841432581545,76.40685828464837,55.31200705924053,48.19085935702168,51.396617217289645
UTS,1039,0.4927477915293129,65.62430718220199,47.554094793532336,47.240910639780466,50.55003726739375
UTS,1040,0.5688029964073184,73.72026694040343,53.357257459957125,48.14736208592398,51.30889788846399
UTS,1041,0.560164045570077,66.00844870588571,48.031209453608554,42.42025607127657,45.17838835737661
UTS,1042,0.6122277681638659,65.11502303876209,48.30592971105435,41.91826771128363,45.65870635421866
UTS,1043,0.5680284827934762,68.8588431380488,51.732577031083565,48.878415606149126,51.658937726407295
UTS,1044,0.539800519954096,62.06126724370936,46.764008858167585,47.69733404357591,50.55142722470738
UTS,1045,0.6423452988303373,64.54733706631762,45.00428449998177,42.06090534975087,45.21230206856681
UTS,1046,0.5824594814026804,68.55122884637584,49.677204709280836,45.94010473833967,48.707814119653825
UTS,1047,0.6052412560352192,57.21747556179802,41.691307475513966,41.92465649643384,44.77396282427404
UTS,1048,0.5966763151327972,66.37430221604374,49.39444459265859,46.77219560957821,49.92338954870707
UTS,1049,0.49152316965874476,77.25830621247604,56.473251306754584,46.80008608548233,49.71947665509292
UTS,1050,0.6145427448247431,69.62048377953933,49.98436083084814,47.342808360754965,50.86068115242752
UTS,1051,0.4535620297530788,68.7861143721935,50.184564725750555,48.014066070019,51.14285463240349
UTS,1052,0.6078511842915696,59.85339560239659,44.32352588692391,45.84563889587082,48.634580762388374
UTS,1053,0.48769995839518687,68.99946650650955,49.33807987069585,48.59419448075882,52.15858300506912
UTS,1054,0.5217604365824536,74.59730804018754,52.896963743679365,49.48150984629852,53.21779588468069
UTS,1055,0.608194246996957,63.991579219461734,47.693588992606024,44.592688523426496,47.54261656015077
UTS,1056,0.5453076569205719,68.73834243116256,50.39657134383545,50.07166398589343,53.93823420086931
UTS,1057,0.5576758825767373,68.44345787122222,48.607416404599896,44.74375959695093,47.54493127891558
UTS,1058,0.3696574823899198,79.98277802130862,55.00877134536725,50.82122274745529,54.94036283669122
UTS,1059,0.5186265770193693,71.70506949929113,52.61203212035286,51.549677659865765,55.26483225068978
UTS,1060,0.5410541826187332,71.69564817507754,51.90296520159601,47.326901430948915,50.40263958226397
UTS,1061,0.6095947163957725,68.66432850684996,49.685551696554526,44.18535925312164,47.79190744999765
UTS,1062,0.4601503945416282,74.50047073042691,51.425367050964724,47.35551267949035,50.87494243875613
UTS,1063,0.4802677335670459,60.89149779656901,43.895517489779365,46.45402591657376,50.00769995847986
UTS,1064,0.45574813306888684,73.77458277543778,52.84605327725924,46.78880296745785,49.60204148505992
UTS,1065,0.5076283432642642,71.18672861148353,51.616982386798746,47.74640811926141,50.81077438179439
UTS,1066,0.5315418908244294,71.30570707055989,51.26287109182924,48.18943966987311,52.26744176590867
UTS,1067,0.567012632280388,70.32422652463688,50.43381282394127,43.671089034183865,46.58886097399316
UTS,1068,0.4174470774355358,83.05285426618279,59.05579799342136,52.920735429629836,56.60006608153384
UTS,1069,0.5214829361790015,78.45234342306114,59.10417614065616,52.287789250701806,55.41938702412106
UTS,1070,0.5105967445315089,72.13787597348261,52.01951210500739,49.50606271388191,53.662895581646865
UTS,1071,0.49882975329877544,71.37786615042462,50.92574835786084,45.792299894461365,49.24044094721829
UTS,1072,0.5980306081303819,66.45327379715926,48.51811349027603,48.28963553197234,50.90945189771256
UTS,1073,0.3891712880209135,76.87637463431903,55.54397104990353,51.79564927685629,55.17876234011843
UTS,1074,0.5198178982637388,74.77123280474241,53.31338846793873,50.63556972664371,54.57545639767726
UTS,1075,0.5180424381099064,68.28540128766947,48.61177763947148,48.431372092889575,52.334118732132644
UTS,1076,0.4972749323619752,68.50480610030321,49.66042553607584,49.482801188357804,52.526664494120766
UTS,1077,0.4614314501543274,78.9532995294268,55.27780193842167,50.30931011665188,54.31369639869369
UTS,1078,0.5212474408534968,62.708583244107615,46.887079938044565,46.284555480809594,49.40131206884645
UTS,1079,0.4987920725585717,70.65676018079378,50.01651484161272,49.20485875262481,52.35932356260755
UTS,1080,0.5501393868068398,62.41452138611992,45.084848122452165,45.372828805775555,48.66538671897796
UTS,1081,0.46680027475384134,62.174728562329236,45.867891855718156,44.580963222962836,47.14535643138665
UTS,1082,0.547886151506092,63.50148783549056,46.23605828490771,46.83285895227367,50.189319909377
UTS,1083,0.5083840770427441,73.35546170106228,53.470603238514165,49.61739473803614,53.60633234198217
UTS,1084,0.488869549772719,78.33986636563993,55.4926028014011,45.35598402042504,48.280485558868634
UTS,1085,0.5447576270052361,67.83857314624093,48.06479184346934,43.34264962077987,46.843458934083365
UTS,1086,0.49743071418510787,68.25947757926653,49.639823977223855,47.208260557774324,50.66009372691563
UTS,1087,0.5710648142433623,65.50458446950417,47.79601159221611,47.26703330045034,50.42538589216445
UTS,1088,0.47260811185538576,68.81839936267679,48.33528713373529,47.84585326432059,51.704940921582484
UTS,1089,0.4821919739306053,62.6892556782622,45.80294764717977,44.6616375584744,48.3268138148487
UTS,1090,0.5251095260481529,74.80563866164384,55.323861129891604,49.03151345761143,52.754174476682785
UTS,1091,0.5262681808893617,64.85610347843512,47.27449719370198,46.60221194135425,49.11275114959989
UTS,1092,0.5253581141371342,69.35736070595297,50.38068609542877,48.943091386738075,52.70338381064024
UTS,1093,0.5001940505573121,61.78368299096677,45.60500962102023,44.98792363387148,48.03294674820689
UTS,1094,0.4896759657872948,75.11553955384744,51.88161454425681,47.74958333666464,51.33321755413181
UTS,1095,0.5307090200469474,70.17907546237603,49.5482341915745,47.212709768809184,50.247625399541455
UTS,1096,0.5422118351899591,67.99700581572691,48.3029464705952,44.69414450569719,47.72362398967482
UTS,1097,0.5853201848533599,65.68081982311688,48.68881159655591,42.50349604482893,45.66700415257691
UTS,1098,0.5173372259320019,69.7457372397936,50.30004952687894,48.932504191774186,52.226685019854735
UTS,1099,0.5643234034312151,75.82775319840684,55.62309064330453,48.483626376088814,51.53773640841018
UTS,1100,0.5673713974098307,59.338493603039346,44.80624610966031,46.01183699293644,48.589146334785475
UTS,1101,0.5105125331295097,72.63690894905433,50.9861563776449,47.797889831139685,51.06130294649185
UTS,1102,0.5240867955810473,63.682118063885625,45.929388027645444,48.731690235890945,52.86504565540255
UTS,1103,0.5985204998343541,65.80575215249327,46.96968021844854,46.77219170130935,50.44324136266589
UTS,1104,0.5315907192787788,64.01853240996367,46.570683196339516,47.321820440517975,50.03447060708155
UTS,1105,0.5789537514271231,58.77563200044555,41.62478872501074,42.37868563185916,46.24618229652942
UTS,1106,0.5501677182422781,70.23578410505498,50.56329158169375,48.492015928966964,51.588272404824494
UTS,1107,0.5254486755809489,64.47489626935098,47.81074240939974,45.289179753654786,48.57415836607458
UTS,1108,0.4591784924006519,62.18440517388127,45.735536101052816,45.84025907892155,49.18557040385163
UTS,1109,0.4833398663276134,74.75973441382386,54.13386016564228,51.02063840267148,54.929540857479196
UTS,1110,0.5480702941717932,64.968949114746,48.53249727826182,46.519431968873825,50.17926183958739
UTS,1111,0.5462300613630136,61.78776798613825,42.275491121341254,41.399308922998706,45.275193515336994
UTS,1112,0.4698976206283957,72.18955757489451,52.8740474871897,48.85903008308891,51.21033362775986
UTS,1113,0.4702779374950923,69.79614675734518,49.879096742832886,46.5661593827533,50.34686846418236
UTS,1114,0.5268184264949913,79.78924572994423,58.038485816259964,48.496997302394306,51.89547769793744
UTS,1115,0.4956177120203501,72.37338556089772,50.590872757681026,50.0083750962667,53.35915283078575
UTS,1116,0.5301445839777768,64.1181724320706,47.30439769581748,46.556369405318236,49.516412168361605
UTS,1117,0.48914765456109166,64.61705991435544,46.742633205434025,45.29852485659517,48.31033358665094
UTS,1118,0.5144187830204083,69.73316924268538,51.31675088764009,48.644878554304704,52.06313463896367
UTS,1119,0.5872351378741775,68.6388626883734,49.390861244211294,44.40104635313682,47.31409132014717
UTS,1120,0.5355480293563138,71.11304267974161,51.73467994446756,49.52961510295844,52.70166806302203
UTS,1121,0.416828552555383,66.43051466633453,47.31708862277761,43.503307702138706,46.69901486830018
UTS,1122,0.441655728901591,74.96235820792,54.98091983656468,49.7681850335143,53.684867700310306
UTS,1123,0.566945296489947,69.3099598168441,51.34041797475685,50.38912173879496,54.19131413527636
UTS,1124,0.5490269701597075,68.28269269692176,49.88057204949486,46.63155810540574,50.577434877116936
UTS,1125,0.666264844892624,61.09587175836088,45.80010612042734,46.19303432192397,48.94648790085282
UTS,1126,0.485812678010751,77.17451704869693,55.85153163689676,49.00483629045913,52.235157525453914
UTS,1127,0.5517631637890481,67.31907658195763,46.684349323863174,45.43120940102888,49.03406279793515
UTS,1128,0.5200591778354753,64.07017769250027,47.59832438380246,46.299893530364,49.06127328923545
UTS,1129,0.49695459745832415,67.029802350132,48.03294258428266,49.44735010167724,52.704340057504055
UTS,1130,0.55361297907204,67.47112433507418,48.68373435753172,48.17990503759138,51.40141990896986
UTS,1131,0.5606438405620566,60.467749320203914,43.523775902753464,43.637719312106945,46.56666199916069
UTS,1132,0.4886135167587916,73.45566563503832,53.74009546626604,49.4776716409276,52.34505500339942
UTS,1133,0.5679994753838884,77.66806865054637,55.404872605711574,47.6157331846064,51.222464766241735
UTS,1134,0.5554973813480175,72.0425844178186,50.32495327316895,48.81956703643998,52.790236682950805
UTS,1135,0.5994306932764646,65.44403055310093,48.42344077907033,46.09480893520843,49.53847081532946
UTS,1136,0.5627414948989362,70.29551095312054,50.978461486370584,45.65534943918737,49.447061095803576
UTS,1137,0.5264767728986146,62.43456653533808,45.37013929858943,43.98421675251895,47.1491238047477
UTS,1138,0.543086531619065,62.20397735047267,45.19212005930466,47.53148220225758,50.75356301597992
UTS,1139,0.5841932071810532,66.18156756376695,48.056899329948614,48.51503426018303,51.34356062931546
UTS,1140,0.48676985971048936,74.94725539117981,55.24856101491156,49.65614076385707,53.089385647055956
UTS,1141,0.49528193068404125,59.84251919171271,43.635249322313875,46.09420108789633,49.467105046131714
UTS,1142,0.5859310165202356,64.1218748515443,45.912513772032625,41.139637917706686,44.06889770925497
UTS,1143,0.49449722409819563,67.31003155169873,47.88734887566628,47.29622635057144,50.67198066185539
UTS,1144,0.5178718842377672,61.32821914867422,44.863593660716006,44.931865742126085,47.866542335801846
UTS,1145,0.5404148785452232,59.86745800889137,45.45984891293471,46.821828444233056,50.09740040319283
UTS,1146,0.5437775536062666,68.82677700557218,50.04019222611319,47.11027409734406,50.969259426966566
UTS,1147,0.5263230285802318,66.35097115235365,46.79243369105457,46.30393494719902,49.72046859826726
UTS,1148,0.6193790399251469,65.60760617813663,47.92347284960073,44.750974547591085,47.953740778203965
UTS,1149,0.6016731910248581,65.45278513298648,47.99588318122142,47.09463897528572,50.290314046090884
UTS,1150,0.5041254326624687,67.61605917255098,48.4606820578629,48.368737175458016,52.01790740579937
UTS,1151,0.5396746163288363,64.61612280238046,46.827050382165254,43.875591067671046,47.24376105713009
UTS,1152,0.5537958456639751,63.793120808483984,44.53655912103753,41.1006711446727,44.151467453462466
UTS,1153,0.4610227651584159,67.39825070857901,49.294832315979136,47.31417050077832,50.61072743458517
UTS,1154,0.4731761885845417,80.67132169296,57.42843106202213,51.512728074519,54.45179346661232
UTS,1155,0.5959674713030407,66.10891966654891,47.91153967093158,44.741205559661125,48.05549241075327
UTS,1156,0.41912753373492284,75.99714073290585,53.430727326560934,45.912672407780846,50.144632271841225
UTS,1157,0.4760634636172102,70.26018127033052,51.95746349437248,46.164608790683424,50.08264795630737
UTS,1158,0.49249055431212396,67.15484123955274,48.16244009287267,47.34878164333261,50.66098163337143
UTS,1159,0.5806477077320112,58.57072063680674,42.23288385977963,43.21263856261372,46.28756972705604
UTS,1160,0.5347802556343049,61.63600216660025,45.07631895966858,44.167325957541024,47.816999505104015
UTS,1161,0.5273901209718689,71.9280727504612,52.78683884726311,48.63234540543187,52.31634447375939
UTS,1162,0.4565079184309012,74.454479564571,52.65068654907877,51.95795957613482,56.46496106172977
UTS,1163,0.5672838065340107,67.98076020706053,49.19405477432382,47.37565922674139,50.25141235770943
UTS,1164,0.49742739205654773,68.02192248426485,48.59060689348328,49.59978028505932,53.535478930716714
UTS,1165,0.5512610496254076,75.297364977989,56.41406336526842,50.58674514745793,54.3499276271366
UTS,1166,0.44247488515340216,83.69812182102143,59.87647380595005,52.59995556535896,55.96430120135628
UTS,1167,0.4873601300480964,66.12990238279232,45.13284316990357,45.35318428109798,49.469926212749435
UTS,1168,0.5935907872643333,63.784106468406,46.966059346141066,46.68238926440079,49.74713591454632
UTS,1169,0.5364599350733953,65.15074445841894,46.93283701854303,45.753880816348705,48.81166639642287
UTS,1170,0.5062252329884307,67.48422355046256,47.38549433249578,46.36321250276478,49.90791041339556
UTS,1171,0.5421801129332005,66.38108913475986,47.14338300828493,45.692884371481206,49.83693457366459
UTS,1172,0.5031005402775517,78.74068095168653,56.11423130994211,49.8583227066834,52.77340606404107
UTS,1173,0.5027317667411424,66.69322644929913,48.57227235665936,47.00661894078868,50.66514338721875
UTS,1174,0.5097250618128788,81.27019558827153,57.80019751944454,51.536221832486135,55.05506952015632
UTS,1175,0.6319905213944521,71.34397285750688,53.43304453961509,46.63598253876954,49.741799907599145
UTS,1176,0.5430530574564818,62.06319509415727,45.44926826975371,44.871802799899704,47.92437272601743
UTS,1177,0.46102869133836,76.21095274245911,55.551031379960214,50.0956731057379,53.39489947540055
UTS,1178,0.522576258539566,71.45979762097143,49.03074326690438,44.6124962091272,48.68997784558094
UTS,1179,0.585386133751165,61.84436922843071,44.43780232282365,44.57582617115077,47.94692450446702
UTS,1180,0.46911136158925104,71.87137212045049,51.700051270894,49.478517851454384,53.86585655155828
UTS,1181,0.46758660030788235,68.62847493993267,48.90317293287529,46.777082153741276,50.57268209991319
UTS,1182,0.4936027519757574,70.22491135872744,51.06635377271013,45.960865068410115,49.37182961623296
UTS,1183,0.5076017480025845,65.58883222546032,48.269356179035974,44.68370125086953,48.11486722195547
UTS,1184,0.4748486466816332,64.28882927635003,46.652486029405615,46.72877627686675,50.52595531123231
UTS,1185,0.5017581134436022,72.57988620125855,50.15110485945994,47.98948430155776,52.08832765008093
UTS,1186,0.5111423936961111,72.30163561966285,50.88875074140533,47.13863253179299,50.368686704609225
UTS,1187,0.44369561446267125,68.88991911411765,51.588217394351,50.35722346839481,53.5516429562728
UTS,1188,0.5144275254234483,71.17527078517762,50.98987624135338,48.500341723882194,52.29466831232589
UTS,1189,0.493839290560809,67.10296761582855,48.95692170261182,43.391381210025614,46.95087637636929
UTS,1190,0.5409288895650823,72.34820348380701,50.79863493763336,47.5808895180648,51.162694109555595
UTS,1191,0.44261662119199463,73.44546662833126,52.57285572927965,48.289693455045786,51.868494118522406
UTS,1192,0.46078712666019894,82.42797523484086,58.612940364555634,51.08565994250971,54.78209473024976
UTS,1193,0.5285644178943847,72.09204980825706,51.09985695399951,46.03809599700481,49.237695643653474
UTS,1194,0.48523120438702505,78.51201223940622,57.36354453075021,47.35312090861232,50.54435814877734
UTS,1195,0.4565189341472321,74.56756080279371,54.11882594393489,48.21353732068056,51.66775319616046
UTS,1196,0.5373197553968633,71.57680062704605,52.00764408763891,45.48592215273594,48.55926326502025
UTS,1197,0.490109499525051,65.75425921400134,46.41130650814432,44.510959884398666,47.90066885658714
UTS,1198,0.4105837279409952,74.84602861271483,53.43734699139833,51.85073947823846,54.87774210531788
UTS,1199,0.5864561380311122,61.51256287704738,45.84903303000089,43.45219567576551,46.555125702057026
UTS,1200,0.6053570018128962,60.77376548904576,43.624848794594925,40.13951536258003,42.83776445666175
UTS,1201,0.5156559201280664,68.21416134038174,48.13213346326987,50.354968488602566,54.53372474084332
UTS,1202,0.5398691638753257,68.18890585247784,49.957267229989455,45.945842542066124,48.82670902113586
UTS,1203,0.5145102454226215,69.05825712179504,51.78074630643845,46.86670865993735,50.27840881259927
UTS,1204,0.5516633257814079,67.62145163537171,48.974696096758514,47.659114318687664,50.624213088182316
UTS,1205,0.5640472753619101,59.49168778855945,44.23717952125767,46.8640663877223,50.11141319754362
UTS,1206,0.48908275576558924,66.3393018156839,47.35580756391582,47.01175508962379,49.85853289531636
UTS,1207,0.5116673938008744,69.31028649165222,51.20140487455474,49.818505447043506,52.83975858285669
UTS,1208,0.525931519548384,62.97749008939214,46.84119440842718,43.99169139884225,47.18231156821649
UTS,1209,0.5240983705770448,66.04729511005397,48.420849786571274,49.650381549121214,53.521884421005346
UTS,1210,0.6207226447576677,62.55682139969006,46.32767043220193,44.48029294422986,47.195731027335505
UTS,1211,0.5768902706286738,69.63103958521037,50.60966133941877,45.60741408524462,49.846209790371
UTS,1212,0.49453654761380206,75.89745745661659,55.21858097580517,49.386993898583576,53.38795690372654
UTS,1213,0.5927577669381394,65.01464524568317,47.24614631226083,45.66488904478128,48.23605606248182
UTS,1214,0.504229728123506,75.41916035084233,54.00264694258737,49.50696790394783,52.740365539986584
UTS,1215,0.5292261229333283,72.23783280026313,51.848051867999544,46.231230659718854,49.66307829023171
UTS,1216,0.5440634792752131,70.01394968177758,50.71068860518491,49.263757913201694,51.803811692842594
UTS,1217,0.5116350344084215,76.43864382068115,54.86255876235921,47.86668203959098,51.24504359484428
UTS,1218,0.5681145687418199,66.17687710193394,48.796800454170615,44.153383502682246,46.98746565621849
UTS,1219,0.4848697146925056,79.76587504382746,56.5633364732959,46.89943470525425,50.57027163176475
UTS,1220,0.5488157450165153,70.77302614221908,51.68873083299572,51.67234930678691,55.26679711669133
UTS,1221,0.616089338812398,68.94252308996077,51.60939254280897,45.00518717907021,48.33748799594106
UTS,1222,0.4984123716037153,75.47996398756251,53.783624833772954,47.55128838267137,52.15445263159947
UTS,1223,0.4960406941467076,70.1100022331253,51.90395389772568,47.623494758587206,50.78333013066434
UTS,1224,0.4682268330122359,73.55286238457306,51.24653088535594,51.87310300108237,55.199450011240245
UTS,1225,0.5521101990980273,66.48766630714725,48.683023939464086,48.81587622684158,52.42658392449031
UTS,1226,0.5550834691483724,70.60618533436705,50.72069005203086,47.27738268670991,51.08602900285817
UTS,1227,0.4931665366200201,76.81690984616411,54.26926140130878,47.83362084865462,51.33591814525477
UTS,1228,0.44014482477873773,67.899109426318,48.1649641268041,47.659347909063186,51.55619241829068
UTS,1229,0.5767948681460773,64.43941944960129,46.15552118588996,43.66873550167603,46.90743641802719
UTS,1230,0.535464671455772,65.48747283459004,50.3830920590603,50.49977353940795,53.75685708594962
UTS,1231,0.5088224039043905,66.2571092859504,48.716247167584626,46.38444131025069,49.46649150421894
UTS,1232,0.606246795406483,68.94264650753367,50.10819769460825,47.00833004106357,49.677698658335935
UTS,1233,0.46622858693315716,71.11961583342982,47.92145003129441,46.14443445333598,49.81924410526617
UTS,1234,0.4487355319134101,67.89128616861554,49.06663402142489,48.67269190588062,52.283274115741435
UTS,1235,0.5466901082315694,66.85998446389405,46.24512993682036,45.26366601839532,48.54651898012898
UTS,1236,0.5672267881498809,62.01710231005206,43.65297702656539,43.01526091265024,46.41033547892292
UTS,1237,0.44976810394635347,75.60157741781023,54.2799580018386,49.80239171295588,53.3675761796464
UTS,1238,0.5116649998384162,76.74322781899328,55.21801007111787,51.118265825702196,55.12420802749691
UTS,1239,0.5138019946812612,74.99376990595313,53.15997730521606,46.74626738512246,50.02548443575903
UTS,1240,0.6018415814222945,62.02819286367458,45.22723157309105,45.18343387010602,48.90389142461373
UTS,1241,0.5581884609807503,67.24516268173164,48.00525726849008,48.00610806255154,50.84871446339473
UTS,1242,0.5473630212327631,70.6123724809632,50.671182526749384,48.751172320767694,52.36313932965343
UTS,1243,0.5209563881656216,72.34629774404881,48.9587921211415,46.219484066645215,50.23240382083712
UTS,1244,0.4976220807627544,71.36030783165769,50.59576537060937,48.198121172551694,52.240973794987426
UTS,1245,0.5707579416329198,63.456841268125686,47.705482899814335,48.026165543724744,50.60135549129712
UTS,1246,0.5608759644360777,68.55047913986695,50.18889987700662,44.8607231960298,48.37481504815464
UTS,1247,0.5904124541023081,66.52944521331219,48.629461714393116,47.01481227125823,49.978546909686735
UTS,1248,0.4522053350350821,73.75180992756903,54.73900668949878,49.799396314673196,53.641366547852634
UTS,1249,0.5459010698219146,70.97421054593842,50.58498601570332,48.082342814219736,52.02781999139458
UTS,1250,0.5478971105851785,68.68369185380503,48.63762314564377,45.044917175000464,48.88926502270651
UTS,1251,0.4977746400812999,64.63804371147846,46.85750723500032,48.64773813845777,52.11840362047065
UTS,1252,0.565782571597446,66.77278355536609,49.07717932181644,42.55885299616486,45.258251392770795
UTS,1253,0.5174890441945792,68.05478417068171,49.7164044489428,48.93897973872088,51.95094275266694
UTS,1254,0.5306033165979127,68.21955403048796,50.07405862302676,46.617920650369626,50.093585850263636
UTS,1255,0.5384405946412096,67.87243587079706,48.32112790506677,45.472414640140556,49.11035084725917
UTS,1256,0.4990984260725735,70.0655389548035,51.85104831231664,48.068678790978986,51.50398848890412
UTS,1257,0.4486769206951594,72.11984196496603,52.17975539208037,50.17099188467574,54.184352080380854
UTS,1258,0.46468085479606624,77.49356316177644,56.243537806669174,49.36599320552289,52.63008694320324
UTS,1259,0.49819864570052264,66.1736874888227,47.28270299254285,44.05701303612149,47.690194843878615
UTS,1260,0.5845860783245934,68.66290388332328,49.559262438875,41.702888332824,44.61067882932477
UTS,1261,0.4925034216832834,69.11686344535596,50.672975342478004,48.426196657684066,51.85975294011763
UTS,1262,0.5459607846515628,65.94416728509947,47.96380058663547,46.59989319265649,49.603355227403654
UTS,1263,0.5181954975255452,60.83470556892357,44.25073496180013,45.29785200319044,48.69650240882482
UTS,1264,0.555136994707281,60.29916202849401,44.5107448142845,42.864905823177864,46.17954183722932
UTS,1265,0.6215112942638245,61.839882265373255,45.64063454586547,42.4477825543639,45.083757329128204
UTS,1266,0.5314249319937865,65.22340558280109,47.937965118964115,45.50912849098389,48.65891722128113
UTS,1267,0.551987086202488,63.804606350915385,46.35519762458862,43.3807496306754,46.843004156723055
UTS,1268,0.5299954026158559,62.34033470112051,46.10077522764969,45.99333728978098,48.90841920635936
UTS,1269,0.452045155791694,80.75528791085911,56.55759897736807,50.9798735050704,54.60422271988254
UTS,1270,0.5518860930618235,72.74695993612367,54.72852320990206,49.717321133688145,53.39429955579292
UTS,1271,0.6714841233824811,60.65900476068157,44.8795455245679,43.54427420403134,46.577412303620015
UTS,1272,0.5743836982692714,77.96414288575156,56.916764133391084,50.71771572105854,54.41679205094141
UTS,1273,0.5010211580201516,73.5228481456858,51.44835815081495,45.57321438743303,49.05424427139905
UTS,1274,0.45425215537049923,70.39724883936562,50.91268244766575,50.477882127981175,54.720350146344174
UTS,1275,0.4885015068597981,66.9552434559276,50.76190149880241,50.62282314120795,53.64355667407576
UTS,1276,0.4992217019723755,65.83008422925724,47.500500345962,45.19330348868912,48.813557444432774
UTS,1277,0.44071525959107416,68.26598171957906,49.51078933864408,45.389732893288596,48.95601559186798
UTS,1278,0.575404736634642,67.16472686317614,46.83117785098575,43.6147797201691,47.83800120871937
UTS,1279,0.559482069328586,73.42966526078085,52.98677248920712,48.58039621454616,51.84682436084646
UTS,1280,0.44174424075022733,67.5211840736329,47.22398536894407,48.34230364587143,52.78633962304537
UTS,1281,0.5435507087092992,60.25163953698226,44.52781281147007,48.146103209800145,51.68354904585219
UTS,1282,0.5117762493036742,71.27128615535051,50.18870068199016,45.54897836069026,48.96013627100082
UTS,1283,0.47896095053964816,67.10895439097358,48.4477195025444,47.48932997238676,51.47932825654961
UTS,1284,0.5656731682685826,74.27474894200104,53.49617548183027,50.98889553884408,54.85915022633006
UTS,1285,0.5806721459914593,66.6981511734853,47.59676638413975,45.50384152926754,48.26594252520928
UTS,1286,0.5685947586813008,65.19187036658248,47.014665407147234,45.50695476769019,49.04725387299051
UTS,1287,0.42744086462277797,75.7571743504501,54.370702047124624,52.16439920417914,55.49205933797991
UTS,1288,0.5075556474889996,77.40607132271134,56.01449755909529,50.354808605539525,53.76477793949024
UTS,1289,0.5073626552712655,77.04457912887328,53.86578324807288,49.638933609586026,53.33812384508091
UTS,1290,0.5338662891782568,67.96390713259329,48.55658022225676,45.1227633544159,49.06713184639728
UTS,1291,0.47078052664053527,67.81537982612143,48.225512511906395,46.92134953239057,50.646564759165905
UTS,1292,0.4882020904547043,64.18314233222019,46.95809032518489,45.26340208387112,48.074617317517664
UTS,1293,0.5416887373661621,68.76532026157385,49.13620926331144,44.33617077760342,48.04147514202141
UTS,1294,0.6235118689408461,64.923311632658,49.941825376909016,44.82487202417709,48.351821170196025
UTS,1295,0.5273340888119523,72.32240271025842,51.68809490624896,49.368930737248014,52.5132638827702
UTS,1296,0.5099133678640224,65.47947104710194,47.687333305181404,47.413832321645934,51.58294075606661
UTS,1297,0.5404635413071226,66.2844326225618,48.462790679022,46.89140044034916,50.547858978632
UTS,1298,0.5734893290601815,62.72826945278504,45.92748942597487,44.08958511526322,46.7051707695787
UTS,1299,0.5383335676158615,69.2366056315893,50.8755514398991,47.121939976115186,50.6380180264506
UTS,1300,0.4274182242735024,85.17038569167265,61.30981070476318,48.88988419851101,51.81475827955765
UTS,1301,0.5857714217688135,65.02412413088504,49.524670834046546,45.054227770280484,47.679512495774524
UTS,1302,0.5533572228341548,70.76484968110395,53.094230542722094,47.88458680488954,51.6521358586259
UTS,1303,0.5229136096275677,70.58366561902992,51.360895920136166,48.53712021333042,52.1965450324559
UTS,1304,0.44938980770856574,69.43170309979858,49.49502778891698,47.74209400285517,51.88079256855695
UTS,1305,0.5623122002222034,63.033076622180175,46.91912754181056,44.9640440779331,48.136478927085456
UTS,1306,0.5016470068790866,65.34739816348498,44.18880242658374,42.098493372809656,46.40342795091917
UTS,1307,0.5576354304094907,64.2737187994828,46.01141404075866,47.06202511266371,50.79385649279305
UTS,1308,0.5077045435800308,70.16211984660514,49.82666751877052,47.55133457707747,51.14631039685408
UTS,1309,0.5111011051416469,71.77849380527263,52.26911333667075,48.32879422366471,51.60614115273621
UTS,1310,0.5179005753003245,67.90804089622797,47.25720526306566,45.132900789585186,48.344450519040656
UTS,1311,0.547597702553493,70.24645522682405,50.95866778065246,44.72455458780874,48.69185370933432
UTS,1312,0.5139252830987647,57.88049442059989,42.26258933287719,43.36338013634091,46.69409058840872
UTS,1313,0.46765385353412525,67.2568557482041,48.81549098396468,48.984956260636785,52.66341602632407
UTS,1314,0.5252534245817031,68.43252933248193,48.78095056346165,49.41735821994743,53.09142107745994
UTS,1315,0.5714046118041729,61.616409023217,45.75229899457309,45.79100411301912,48.92653472634487
UTS,1316,0.5776496095110903,67.08148061717007,50.0221767707911,46.32890199945453,49.16781405343308
UTS,1317,0.5722079292517481,63.95082137111171,46.95141641275263,45.45539243886015,48.60907271745967
UTS,1318,0.56687177710914,66.27632711090494,49.68643025569786,48.51498673363648,51.441420095580874
UTS,1319,0.5146115860378306,59.31442532649121,43.14812489472226,45.4764230003988,48.703947878061065
UTS,1320,0.6060076368647016,58.74802755689951,43.02225224746025,43.0151100828713,45.883058947034264
UTS,1321,0.48900153762243226,76.76741464539904,54.79280645289831,48.91961670396438,52.62573455650323
UTS,1322,0.5437074137713604,61.59485171438507,44.41441285126533,44.21283167290174,46.94735278602044
UTS,1323,0.5422234552046308,70.31834835885724,49.57623321790134,47.06584259278105,50.12904803697823
UTS,1324,0.4870930028648446,71.57196101946893,51.0376328254374,46.622258306227046,50.759385806570656
UTS,1325,0.5219068060729712,68.22245083437386,50.585012276121326,48.50437866397763,52.72009309960572
UTS,1326,0.5233766813886072,71.56708626366809,50.50711898240899,46.733385663192074,50.592376559349596
UTS,1327,0.4269001981521596,67.03181400136685,48.43192143797729,46.389148976204666,49.45363292666793
UTS,1328,0.5898121131209688,62.06472311849768,44.455936106498655,45.9496257470194,48.94887476184763
UTS,1329,0.5242630403940534,64.0435891764175,45.75239369418755,46.4343491488169,50.348470745112834
UTS,1330,0.6125251260492162,61.07939380136328,44.520726508005524,43.344135177935144,46.385663713976
UTS,1331,0.5703441006630354,59.902158183646094,43.894845471311854,43.812802749620914,46.9813385379548
UTS,1332,0.5604103169166318,62.03901376775608,46.00787748625451,44.87098821076621,48.012863034048515
UTS,1333,0.551113765075699,60.441016720845575,43.179366292247856,42.579600427241175,46.520705474508965
UTS,1334,0.4672133037055728,68.98818868461538,49.92037573918706,52.47162131545452,56.11201305671725
UTS,1335,0.5247445753552057,72.72156871298702,51.89985267007538,48.753083228073365,52.60805321032507
UTS,1336,0.4473701977934923,61.34687835936352,46.12670653985625,44.84782236178435,48.165093486184055
UTS,1337,0.5453766614303523,68.04174464721065,49.44070853488204,46.19806685972867,49.274009878566275
UTS,1338,0.47800368953713346,70.64746865446158,51.84983017303177,47.83459071928587,51.6555224549103
UTS,1339,0.5065014887001749,71.81743743796541,51.84139496243057,47.51191500907765,51.00996251551545
UTS,1340,0.5685544654902466,64.49907296134324,47.00174232851572,46.94397230429235,50.311555658579344
UTS,1341,0.517602123440915,67.61359516047386,51.5889638391503,50.43091425489462,53.66366283150692
UTS,1342,0.5580908204316644,63.21342633002691,45.30039706540852,45.17787536706313,48.31674991399
UTS,1343,0.42273308064329995,77.2674319873667,53.33138757282317,50.32613954874621,54.1207285548703
UTS,1344,0.4250685707658687,72.2881604083677,53.296671986017806,50.6270730982717,53.45308046239042
UTS,1345,0.5980657435769582,64.01862387497316,46.62515790306469,47.09023113473276,50.099969810132315
UTS,1346,0.47161422060515923,70.89221336536652,49.654356704478964,46.28570019282141,50.06749104786555
UTS,1347,0.5122820955210827,68.15707209237321,48.02149029885162,47.86447369817169,51.3101282315348
UTS,1348,0.42092604989069105,66.96378789529794,48.38208388941717,46.07974107541984,49.926947010801584
UTS,1349,0.535377137557939,68.48236141089268,48.83463277048407,45.746839864209136,48.91315661278031
UTS,1350,0.4764100192542853,71.76676424097083,51.434533929665236,47.297075123058605,50.85342207435468
UTS,1351,0.5059005787001472,66.83603447453692,47.986353963610135,44.70923781447529,48.11192862416446
UTS,1352,0.4097029451583256,71.62751858974225,50.99086128758238,50.67700594862545,54.577047098306515
UTS,1353,0.5580896105531601,78.16133499249692,56.14815047938756,49.18200083489268,52.753452892471024
UTS,1354,0.5250822147387281,69.33442893123087,49.619509031561975,46.45125996059746,49.82856581590993
UTS,1355,0.5586664456939907,71.74428184373639,52.112834316908945,50.22422935192645,53.68361537031935
UTS,1356,0.5867487882467228,70.63481250120073,52.202587963422694,46.35814863664832,49.443998533363676
UTS,1357,0.5331796133377507,64.86661629908222,47.50383878301648,51.05253605620845,54.26948286152067
UTS,1358,0.6075379078542811,63.256344280563006,44.67243195016644,43.7160107157636,47.07890117446232
UTS,1359,0.576721492294932,63.54856727056074,47.017755535060196,46.582913242309246,49.870404771281095
UTS,1360,0.6290003809918885,55.2091766553023,39.83528501707411,42.226980702647275,45.19854291799459
UTS,1361,0.45858218305913123,74.37096931741715,54.64919327489995,51.89859199552013,55.29874471352813
UTS,1362,0.5113086907957152,74.48524359811435,53.90588553448714,52.94131666536232,56.754599267463774
UTS,1363,0.5769518789319481,66.96647203253013,49.21208549051032,47.06017192894652,50.280624639629046
UTS,1364,0.5579488952415297,65.81556663254847,46.84931902926609,42.97636144177515,46.37489795760869
UTS,1365,0.47869973443823755,67.45939572080609,48.765950863056204,47.92673447469186,51.51018259662843
UTS,1366,0.49848841955725864,72.38419466864154,53.50399532877952,45.71577582098302,48.92598635122649
UTS,1367,0.5020064460779385,75.01364175340446,55.38088568686077,50.70265328123556,53.49531843364728
UTS,1368,0.45801826445085747,63.66164026326793,47.03024599814827,44.80372226520594,47.72412481311986
UTS,1369,0.5076798796814335,77.53229810490579,56.435196173708526,49.243208468256014,52.82810490116476
UTS,1370,0.6571974381498085,64.52795714619177,49.10919874391438,45.61754829192097,48.712757637064364
UTS,1371,0.6039803928978655,63.174445647877334,47.38458308859208,42.002500956912485,44.43084385773597
UTS,1372,0.6146620546710844,67.85990146090703,48.849706338432235,44.352781069273696,47.62107956952893
UTS,1373,0.4618779066302753,67.19749352561445,46.3832692031106,45.428204218628615,49.14425271670228
UTS,1374,0.4183110453198011,75.79336141648776,52.17299522109057,48.58390919384331,51.45509777815027
UTS,1375,0.46342819275557123,69.53900261572198,49.353928516494086,46.24661356308795,49.61869770416241
UTS,1376,0.554964461709913,70.69327186303366,50.665758755518226,46.08018472576922,49.486724147002164
UTS,1377,0.5552527072239437,63.550139723697164,47.71766464757697,48.09173276364673,50.859025990711636
UTS,1378,0.43351647914844094,64.4997442844933,46.321451437135515,48.98500025869094,52.78963936180225
UTS,1379,0.620174938520287,65.07620851728903,48.79756852729571,44.35984931455882,47.90763440402342
UTS,1380,0.43774898461009826,70.6470318735311,49.79843097967528,47.556387627572896,51.65417884991859
UTS,1381,0.4894790100006191,68.84247274778593,49.74169402615856,50.08354160471171,53.172559454994435
UTS,1382,0.4305819891726733,67.84317410186436,48.04441934794865,46.26662388834844,49.77505697122492
UTS,1383,0.47992667580172654,74.9663612548298,53.57650329997782,49.74023108992327,53.60842966671691
UTS,1384,0.5570768433109154,66.5459877492768,47.87092846586486,45.22118953496216,48.165484849571804
UTS,1385,0.5198885996617844,64.9653055766738,48.456161500348784,47.58755025341383,50.98254296268096
UTS,1386,0.6267922032300104,55.4907432665969,39.78647749171302,40.75132345965496,43.43292963150407
UTS,1387,0.4877842051210708,67.56277328792642,48.81344312402805,45.00427603866519,48.88602857681938
UTS,1388,0.5642565083609169,70.50323564390747,51.15932494036268,45.41764379225472,49.387717674469855
UTS,1389,0.5680279640603088,65.81009257507304,48.526348645967424,44.22396061311101,47.44285731617976
UTS,1390,0.576574182118955,64.17643028155406,47.05898192050727,45.78596759701301,48.68109454340251
UTS,1391,0.5241369630480284,63.37048717461402,46.87123038944101,44.061105526701425,47.52053099588175
UTS,1392,0.48440049743914293,77.33893650447264,54.976846621271015,51.557149505963125,55.374168324416644
UTS,1393,0.5444659636033562,71.51635898203276,52.97629935248319,47.681062517043564,51.314164133920585
UTS,1394,0.612130180168271,60.535286822243094,44.24652226691862,44.693777985651195,48.042519741993125
UTS,1395,0.48994954969232796,73.00305949374408,51.687313485777146,51.6798871413146,55.46030626197966
UTS,1396,0.52546699221708,70.6456704593288,50.66842809001951,47.968646383764806,51.702076292025964
UTS,1397,0.4652762426614476,63.848290070108476,47.56792059175178,42.963568548883295,46.67297467085302
UTS,1398,0.5716748027636946,71.40906429206107,51.283876465054256,49.07884316997916,52.39060281978944
UTS,1399,0.5129508477254511,74.16039109141599,52.9828829680487,47.854228601849464,51.76092222432118
UTS,1400,0.5454151173075333,69.76622108973532,49.70330384223858,47.88796479904316,51.45162405376969
UTS,1401,0.5644428831880914,56.52728846539432,39.911731788097434,40.31371577757616,43.17214315655301
UTS,1402,0.5642373955386139,60.92153064459912,43.7427827576571,42.82875227890696,46.700120889789396
UTS,1403,0.5069368639928618,67.68449799816129,49.93607172401274,47.52466903922922,51.439025188388875
UTS,1404,0.4956611639202919,68.41542441934158,48.204066808907896,46.344791720239236,49.43852105463065
UTS,1405,0.5573021977614268,67.78513809107396,48.22862209854049,48.18876740155429,51.8269516995044
UTS,1406,0.5002133758407341,64.57286968194542,46.71395604667472,46.730008502231364,50.4100866274931
UTS,1407,0.5557628159412461,63.67327341992234,45.81579028991859,44.34122146032387,48.36435765234792
UTS,1408,0.5105084079451861,72.45538491863607,52.34188305647046,49.72273649403911,53.61751155651295
UTS,1409,0.5864935396045007,63.60900016012559,46.85182235339437,46.08815225299585,49.20048029911161
UTS,1410,0.5083781229240691,65.5709832841692,46.66883166328538,49.87147879940087,53.722863914988714
UTS,1411,0.4676956479101003,66.52467549908813,47.59767498034623,44.86288803145136,47.445991359515595
UTS,1412,0.5278504566385471,71.13354753521995,51.67377918414485,48.22347937580231,51.56443600711827
UTS,1413,0.48444846296857935,69.81351655127338,49.47595405225939,45.33241726226469,49.50561865390859
UTS,1414,0.527306043298606,65.84845743479481,46.64129525498068,44.38762516680892,48.001209899716905
UTS,1415,0.47905712417966495,68.54121382496179,48.27606354342029,47.08138502399372,50.74971617841197
UTS,1416,0.6010782793742684,68.24350641315804,50.93736665297115,48.34808675708119,51.82614539524037
UTS,1417,0.5532066371627502,68.74817786592536,48.65452012299136,43.073796329002214,46.37104642539083
UTS,1418,0.49381351938468165,65.99453352028269,46.556111376576574,44.947339751899165,48.69515167390486
UTS,1419,0.5068841929866618,73.93959073758512,52.2940076365713,50.66544977238037,55.25315762535446
UTS,1420,0.5117607326967325,73.60707451201509,52.16121921650202,48.73408479237602,52.54550466420317
UTS,1421,0.5415912756514032,65.94929566455029,48.587769331014734,47.83874230622102,50.48743536168729
UTS,1422,0.5436425381053281,67.9774867285217,48.84835480655262,45.91395012184986,49.08489823818039
UTS,1423,0.4164564906510021,68.86590796454155,50.594055067507526,48.84851769016127,52.329376782477816
UTS,1424,0.5162930162873252,75.21298595629915,54.2533151110118,48.05343690135885,52.14433757876779
UTS,1425,0.5191035524631439,68.88778736719274,49.91308087280308,50.20853120159702,54.06134651491926
UTS,1426,0.5566494804206286,68.01407512466221,46.60396340172947,44.9110453210661,48.49378851002362
UTS,1427,0.5002127267660892,75.29541976163108,54.475328307024036,50.141345216585215,54.01600191612158
UTS,1428,0.4979034928150057,76.23665005280188,53.91096237637609,49.981313257890704,53.912868651257654
UTS,1429,0.6018888972162926,62.240205930214806,45.09370026795297,46.61672206855644,49.904184088971505
UTS,1430,0.4792037978221281,65.01116170419256,45.771819944466436,46.393515661858935,50.366902253512066
UTS,1431,0.5553192489104313,64.20771521419546,48.42581684814071,46.16480466575291,48.87618739222034
UTS,1432,0.561130901329705,66.88978321216116,48.774093257072465,45.38609496860114,48.99500461946366
UTS,1433,0.5662036123196501,61.79766556790603,44.655706067283525,45.08546365355976,48.687486967723586
UTS,1434,0.43234927433667614,68.37886363447353,50.49251407793891,49.03105956462154,53.0770716261116
UTS,1435,0.5511032021702985,73.56342713685657,51.88170775556391,49.53062955879491,53.64633049675257
UTS,1436,0.48893087404167734,75.0298273525609,52.07120794815848,45.13993494944455,48.33558625544828
UTS,1437,0.5954884714453942,63.814879079421225,45.91256953605903,42.677109945619165,46.0320152895977
UTS,1438,0.5526678412253507,66.0099809702095,50.29098448573827,47.52459237381967,50.38192169031541
UTS,1439,0.5710414707879823,68.27079851464377,48.57175309264858,48.33256724305037,52.124963792542225
UTS,1440,0.5278287262431836,73.293839874346,52.82438575000005,46.231300940626355,50.11177383986478
UTS,1441,0.5836004942741665,67.99054644947505,47.64918729272782,48.66399620716673,53.03876761814682
UTS,1442,0.44599981754144136,74.61334840001565,53.49575514199726,52.869697280514494,56.39423878855976
UTS,1443,0.47968763120244884,80.84409024343226,58.7081275083635,49.361269031323914,53.61387611791521
UTS,1444,0.4381874316346571,68.46139405627012,49.80567399350335,47.042297002135385,50.27642180581111
UTS,1445,0.5153298516925366,65.71248160295885,46.84801734402172,45.60899854519821,48.714595712694724
UTS,1446,0.546803476251804,64.35749740517461,47.355189346436646,46.71248014872868,49.96900349164857
UTS,1447,0.6085593431365449,61.047146562288106,43.06426784147692,41.56638554370638,44.3429782874302
UTS,1448,0.4616641618240678,83.16938361209836,57.89566341149254,50.57836263369853,53.921607866791554
UTS,1449,0.5122002300636492,69.34208031370137,49.57731595503016,45.60196124559538,49.281739626341434
UTS,1450,0.4654971435662819,64.05098009469776,45.70092345226101,46.247457701428225,49.591348542675604
UTS,1451,0.518655243389734,75.06942962250406,51.524282764477974,45.94918901653913,50.42927244170836
UTS,1452,0.5815537712297416,62.55506449290851,45.03192447668199,45.85592746146157,49.28947440168925
UTS,1453,0.5050456468207171,66.99841247955226,46.74507148740927,44.83147111339452,47.77492810000497
UTS,1454,0.5932018469433703,61.62398101377379,46.429811886868755,45.33101298093177,48.48756442162447
UTS,1455,0.6219602730760394,66.75011679911734,48.14939092628005,45.175694249626815,48.79112149295936
UTS,1456,0.43580065035999116,65.85403686178543,48.744455867419354,47.23285167238616,50.6158342956264
UTS,1457,0.5270044557381353,71.23212058038033,51.85371417702722,47.62858743234093,51.595798504776255
UTS,1458,0.5323379657183849,66.70983443289265,47.9998373442809,47.10668982234473,50.84064316641817
UTS,1459,0.44992578340342737,70.07268327284672,50.316083045489684,47.17233576624692,50.6956241510915
UTS,1460,0.5891182472828979,66.5683258798406,49.80773528660457,47.97948447498046,51.69751065406424
UTS,1461,0.5394438916065114,76.34311927007498,54.042610074955086,47.20925070846759,50.498425999310015
UTS,1462,0.5413531187778455,72.4757211976744,53.455434800880575,49.66400915465067,52.85899183442336
UTS,1463,0.5138268472401939,70.11933924802301,50.61824095002709,47.31126860390511,50.67071750028597
UTS,1464,0.6287801899630614,67.41983656327017,50.59928631268022,47.54458063584478,50.31420926934885
UTS,1465,0.4711511816258781,65.92213706671853,49.22129679176575,47.39892509210614,50.00226585083818
UTS,1466,0.5052272852599378,65.44441450504894,47.42904808550433,46.951913895270565,50.30692256282602
UTS,1467,0.5733912801071674,61.384871507821,44.46446295071217,44.94194040578638,48.128053662055414
UTS,1468,0.5216861291656243,68.40332656636842,51.03298779784765,47.38636513392127,51.011814741193675
UTS,1469,0.4859801629746324,68.88020956443926,51.270043389938195,47.08285292090935,49.87074093892726
UTS,1470,0.5223616970443237,62.56717610989316,45.6476692601323,48.261884041722915,51.306593519691205
UTS,1471,0.5681287900584624,60.50913791494282,44.23525379079591,44.449613231622614,47.64910400183564
UTS,1472,0.5638725776805864,67.2838475745887,49.861472007934715,46.37108054484468,49.467180196538905
UTS,1473,0.5395255438371163,67.27761536343687,50.2698136082834,48.400823455984906,52.179120458005585
UTS,1474,0.4405475053580852,71.36025958685002,50.561307078207946,48.596102852773775,51.72989640995384
UTS,1475,0.52517409691754,71.3589183500929,52.21084431021728,50.16169870255436,52.97250125374022
UTS,1476,0.5904222438476683,67.8190838618648,48.673070757876474,44.04493154676703,46.7907828157531
UTS,1477,0.5046557495335392,66.7689941921233,47.47455839141018,49.05266943623656,52.36345013190676
UTS,1478,0.5331653292849697,66.84478073646862,48.385980924552456,46.02890174594211,49.56263076168353
UTS,1479,0.4661026933018989,73.49939067988532,52.152625049930506,47.72317195633596,50.7923324784554
UTS,1480,0.5582853812044485,65.0456838328905,45.40261008957815,46.518026517778054,49.69621176754123
UTS,1481,0.43560947524244653,77.31112525498087,53.25243401538905,45.82077941649315,48.89629092381544
UTS,1482,0.4704463378176871,72.97472440234274,51.38731148075914,45.57762020784394,49.83543077785015
UTS,1483,0.43327576221780506,76.84973484752666,55.12896379834925,50.6513844089828,54.571199318535115
UTS,1484,0.42185323199963465,77.62977129375206,56.0122159281248,49.05823001651381,52.28841503204791
UTS,1485,0.5171540889642384,61.89439086095711,44.497088777788164,46.249079900741755,49.32310565472566
UTS,1486,0.375394252940216,74.01930143644984,52.92914383714716,51.569457683441144,55.714472641911684
UTS,1487,0.5707324713568935,69.69935200373902,51.02397683702817,49.29687620398127,52.16416716870413
UTS,1488,0.4245251775157628,79.91848217307735,57.198773467543994,50.28154818102498,54.040431919851684
UTS,1489,0.5313448384782946,76.01192643159824,52.816633319607476,50.49323944291874,54.3538691904539
UTS,1490,0.6145566078281806,64.38207974331763,46.10141042988629,42.64045685835619,46.52014004809121
UTS,1491,0.5678023561747503,70.32094473119693,50.45643827296716,47.688594218965406,50.44441827113363
UTS,1492,0.44776644864462545,71.4101571113984,52.11208986334381,49.14995414900887,52.753310916108276
UTS,1493,0.5310541561903805,79.0291784273048,57.799250554359105,50.967931687194636,53.83122819773567
UTS,1494,0.5078132404515521,73.70085215446376,52.677938645483806,48.596775356005196,52.4587641587312
UTS,1495,0.556404768604791,64.4943258429007,46.71247335921301,44.70314278536093,48.292085492064636
UTS,1496,0.5728178437595999,71.15401083607557,53.11237383514975,49.42345300791826,52.570457101350364
UTS,1497,0.5207568773678295,71.67671360390328,50.49111255700681,46.1817815624232,49.280621995301345
UTS,1498,0.6012267981855,65.758233563373,46.71257037764946,46.381616259400694,50.05161936770853
UTS,1499,0.47514188832727156,73.10368972679039,52.55137062656168,48.396598524100334,52.085554971593865
UTS,1500,0.4117841640310794,72.41393380479462,51.33790753529273,51.380603811760956,54.73138931895157
UTS,1501,0.5895545196839349,67.39508937370682,49.87403756681533,46.1404373050619,49.80850636789052
UTS,1502,0.5556039718874928,67.7086926144917,48.448534156977765,47.56032203380774,51.510700301872184
UTS,1503,0.517113840700816,72.93758298015874,51.43258737766258,50.53771652023427,54.32970678304652
UTS,1504,0.5217148474003256,73.61500779651617,51.08128876333859,46.357242913108365,49.63382647904662
UTS,1505,0.5525884169878192,60.46064750690301,43.02901079726502,44.130374008775306,47.64420911699145
UTS,1506,0.46704039317888824,70.41566225636352,51.502703083858115,49.08493066654899,52.35342146521639
UTS,1507,0.5582646001738159,64.54094799343763,46.122944361540746,43.844696094493635,46.969056274259486
UTS,1508,0.5032460582715554,63.57176984605087,44.81492993836102,45.10864643566303,48.614852823574
UTS,1509,0.5745909630030572,59.21541043022896,44.055431816778324,45.37607406576652,48.81754026527779
UTS,1510,0.5977940341744916,65.69485832427105,47.228012592257016,43.03990103372637,45.89870125901472
UTS,1511,0.5095680313299455,75.19398249109793,54.32298967804074,50.04028503655582,53.446811376770164
UTS,1512,0.6015580736844092,68.39500460396805,49.69275140488582,49.85523543792428,53.275072330557855
UTS,1513,0.5563887875927578,64.57628662321068,46.97523841739984,43.97292691575629,47.18471101403049
UTS,1514,0.6271312651882779,67.06267177538282,49.41535666169701,42.14548538981138,45.33454824323232
UTS,1515,0.5737588341387826,70.88134439644696,50.93104051657167,45.517479169506906,49.17661988430938
UTS,1516,0.5099369511310854,66.59112326779864,48.96466244974428,48.371496424036394,51.309926361861464
UTS,1517,0.6084819068220519,68.85000051117566,47.61265281920788,44.68014958291118,47.680829298878564
UTS,1518,0.38126841740109496,70.41505244478573,49.97112372358898,44.80174893261041,48.29416169144665
UTS,1519,0.5227195086867085,72.39464290516649,54.257080319940385,48.73558210384805,52.294655165291886
UTS,1520,0.4562268331299484,73.84844584524788,53.283121194612264,53.277730047538356,56.817939795883845
UTS,1521,0.5091110227691644,62.09807368178624,45.38464507689779,45.812405803208094,49.128480590962376
UTS,1522,0.4896901097688007,72.41423920345397,52.33317793408133,47.02631142437197,50.06536146845354
UTS,1523,0.4858232778441238,70.28504268453526,50.11401930691188,46.29260100340852,49.66495012143674
UTS,1524,0.5533236296706399,75.47156726041295,57.074600305838736,50.199163673127686,53.95489528263231
UTS,1525,0.5006215869402498,67.1771997345295,47.1242621915907,46.543796268583236,50.76491202267759
UTS,1526,0.5017951419941902,70.25795880558069,51.068699474304594,50.01928752821922,53.757961246424635
UTS,1527,0.5000095286571502,62.37545810306322,45.92728459452866,44.82438797766375,47.42645275023539
UTS,1528,0.51727019760701,73.9755712234999,54.40365443480634,48.41302072546204,51.52101157894372
UTS,1529,0.4995174734575194,67.75712648099075,47.856343601266545,46.81023219522951,50.18166084091116
UTS,1530,0.5112056281849191,67.68653515369677,49.215588825056194,49.29904211701537,53.0548233791324
UTS,1531,0.500019880018526,69.04100526331737,49.493724525450666,43.408847341440335,46.71509350609319
UTS,1532,0.5266899276213126,72.17847411486255,50.27712685148156,46.22699637319648,49.48045392875422
UTS,1533,0.4800207903569713,64.82393283164802,46.43782715722075,44.73103509819366,48.13992380680565
UTS,1534,0.5487590749517685,66.53293553233134,47.429305462370806,43.80025196636756,47.454900846097345
UTS,1535,0.4976291271468031,76.36041243723001,52.658363042341364,46.76812938330861,50.82218145761405
UTS,1536,0.45212051457358604,66.72814354506062,48.99780538508664,48.36444806727173,52.35784331967525
UTS,1537,0.5961141318979617,65.5189174717664,48.91009925048237,45.273582944846495,48.488651398566496
UTS,1538,0.5654720206998718,67.09056580294637,50.34779514032755,51.2805795833091,54.31080910609464
UTS,1539,0.5719153338913712,72.23122456872434,53.065252483046066,49.729260585221766,52.224929982197736
UTS,1540,0.5260236726175646,68.05895959726463,49.02911098399282,48.639674165395284,51.555665022905174
UTS,1541,0.5555881324032282,76.19965864761444,57.05011821934897,51.44494824763203,54.48834692221781
UTS,1542,0.5756341702339618,62.59088252037797,46.30709287822388,44.06930524459176,46.84146308405358
UTS,1543,0.5700908056952076,77.73616029196134,56.37924082570085,46.25826565211126,49.26201122921972
UTS,1544,0.4418685003102921,71.99521164449752,52.0013103251254,49.322242016957524,52.757932309451355
UTS,1545,0.572749666385548,74.04663055243104,54.47732038100437,49.8383895299267,53.03440709173382
UTS,1546,0.5293334368067718,73.88134255565859,54.398319709169236,50.6557457134973,54.2973650946008
UTS,1547,0.5861205455534382,61.75696170213338,45.5277262997533,45.71285095105254,48.91597884510337
UTS,1548,0.5358190021534779,64.70589777832961,47.62786950837574,45.042136403014176,48.46994655136927
UTS,1549,0.5040911652750714,76.58026040744818,54.787091129376535,50.63895036108507,55.29334834917919
UTS,1550,0.5410686177274969,74.09764822729599,53.410137245183314,47.9331080018165,51.09709612120028
UTS,1551,0.5630298335616652,71.77276381245862,53.79487621280036,48.99754931661047,52.56549583291141
UTS,1552,0.5044528786025883,62.24554908399296,43.98185717553943,43.70953310481781,48.19744042334749
UTS,1553,0.4960245107880895,67.54937546624738,48.21796512043717,45.99937740841478,49.21739806835687
UTS,1554,0.5270864051107265,70.02779245778079,49.62918998631112,45.67812358901492,48.84907208630788
UTS,1555,0.49981937489567996,74.1619877596572,53.76186273294201,48.97209163623721,52.4177889255917
UTS,1556,0.5388078738532998,62.048794625957946,44.65538833995971,43.64656222201114,46.9005542770634
UTS,1557,0.537122454423918,73.56010744272895,52.16271548206584,49.351140078791005,51.93105629579077
UTS,1558,0.6039689914770481,61.61957081509147,44.809153029928005,41.50328332151585,44.39900100942772
UTS,1559,0.5572302480644629,72.90479735523793,51.17701651318519,46.968656436662414,50.79083931964043
UTS,1560,0.5675352842234681,70.23278071830914,51.26702359294212,45.47492004533249,48.47217855287951
UTS,1561,0.42934072435630155,82.08354859911776,58.920562042839755,52.44403744653557,55.555896901328204
UTS,1562,0.48085192057883863,69.3996685375485,48.38191910938099,46.92372474018449,51.05048608318778
UTS,1563,0.47621416758168944,63.57013514560261,46.461083192528484,45.360248025772606,48.75002961477012
UTS,1564,0.557380813529325,65.32118224727095,46.95908359445233,46.33284643517814,48.98609877211672
UTS,1565,0.5477479997099763,73.79469592263935,53.193119399708394,44.638572251610846,47.89979682772133
UTS,1566,0.6508021421887173,60.50340296185633,45.14005119523901,45.6496851392239,48.34823967640105
UTS,1567,0.389074191998505,78.87447003342909,54.85935422617731,47.30922963885255,51.31098791826223
UTS,1568,0.57974612396316,69.39436157301651,50.42931489198754,46.18291415128703,49.54878958717154
UTS,1569,0.535412686009562,66.26196342827531,49.4466381356914,45.82994626881036,49.12290760934918
UTS,1570,0.5829064060350734,66.64058322673532,47.47093544970682,45.575353966094525,49.67200213543056
UTS,1571,0.48780006707164536,72.77696412541205,53.033073414523564,50.86343634737035,54.34771700962118
UTS,1572,0.5423781369255187,64.78263939530588,47.025810062381396,45.4374660481945,48.906279859136106
UTS,1573,0.5908759288997567,67.42232097308595,49.40054254814915,46.760980182413505,50.50681065893215
UTS,1574,0.5774805903972646,66.23348791767206,46.9455859491601,44.52017739274405,48.04810995942897
UTS,1575,0.5099271905821783,70.62237750576895,50.46261280550545,48.0244385127451,51.515574197816846
UTS,1576,0.4603176590420134,74.48163393646594,55.35336504226301,49.84558151229197,53.53594712459849
UTS,1577,0.5065186014537522,69.29543960222618,50.13011015599864,48.68048975844004,51.72830719687145
UTS,1578,0.5588890609197249,61.833712262289374,45.22702322843978,43.54683146902314,47.107509512163794
UTS,1579,0.48230370369585074,73.32340482199255,52.20332053331049,50.56366923722297,54.38400089681983
UTS,1580,0.5729699764129519,67.84720873584592,49.26955330194615,48.49954901111427,51.3825556022948
UTS,1581,0.4851454430991776,70.89525639040787,51.14476242386268,47.42761603580745,50.522536211136334
UTS,1582,0.4730635518456101,61.76807898163755,44.997473036829895,42.25968046947379,45.42258338337012
UTS,1583,0.635590177354413,58.10377220715913,43.79226708499639,40.78968076644598,43.681972904447534
UTS,1584,0.4717050712080576,76.33670830637914,55.12186658897437,48.09663478656764,51.06544039744141
UTS,1585,0.4517722200570612,68.67930617190936,48.190607290187934,50.177006746391704,54.13690828002391
UTS,1586,0.5025983360098083,64.13801288425421,46.09272101544049,48.705242280460645,51.540008712708094
UTS,1587,0.5903005686557566,62.14527966854002,44.1527890076656,44.48052246274539,47.1968695238475
UTS,1588,0.5236812946975082,64.80756005646167,48.47330046567044,50.50213170318832,53.78675795903556
UTS,1589,0.48820159730382495,68.13148641796403,48.53350261553746,48.364183455758464,52.333442005171186
UTS,1590,0.5092943552850666,64.14602985723313,44.73425322229632,44.474918418954054,47.928617005065846
UTS,1591,0.5298492392474146,68.01762884969868,48.88304226729503,49.5669137129222,52.64652020686952
UTS,1592,0.4970979198591363,72.69908603314877,52.007492686274006,46.64315717779441,49.872776853905826
UTS,1593,0.4970384258773589,73.84373455891047,51.8177948054763,49.36714088115316,53.47662653016725
UTS,1594,0.46927348944364455,65.92202601417691,47.667444541960535,47.994900129475546,51.24212756714262
UTS,1595,0.5820293867146558,64.64914493773732,47.331262107580066,46.42921284765407,49.56660088490556
UTS,1596,0.5259591516373057,69.59761096179079,48.09733033667884,46.32357127453106,50.652063940078804
UTS,1597,0.5001670904415594,72.14010698528405,51.58204263881839,47.934717940659866,51.63968833761325
UTS,1598,0.5843934510205204,71.26757651135634,50.89246517389561,46.97358048468577,51.040949909478115
UTS,1599,0.526530885222924,71.45410970994394,52.39844839148355,49.36832001779779,52.56715744710705
UTS,1600,0.5289731636786844,67.23630671918568,48.90546107346013,45.73594233575234,49.40606994262732
UTS,1601,0.5203859518958396,70.72464579663625,49.728116106302934,48.91711030638885,52.12966088778222
UTS,1602,0.5809254918835003,66.99759343955223,47.971547734455235,44.97088414460252,48.34709863105255
UTS,1603,0.4435540866119547,77.73563181484636,55.975281399729674,49.82720243337915,53.7950820558329
UTS,1604,0.5027576978232888,75.5884741129099,52.54904926906145,48.05496768448846,52.23742875211808
UTS,1605,0.49772247421068694,69.07195570461083,50.50556516038865,48.31152694683496,51.06654332933276
UTS,1606,0.44117543303547013,68.09263383581737,49.04579908465834,48.925346925099376,52.34425523075868
UTS,1607,0.5655518965713024,62.62433233580771,46.986810081891164,47.82848025318984,50.41191480324027
UTS,1608,0.5537175098784868,67.51621224206785,50.154780034262046,50.17626015344497,53.57950968081161
UTS,1609,0.5993607424120992,68.90360946326939,51.53167161518906,47.96113844987422,50.985082610075736
UTS,1610,0.4804398801889038,64.81020552653762,48.63563458598262,46.988002772681924,50.218167110688015
UTS,1611,0.5460168818442608,74.08130082857663,52.95321723027549,47.062522541315076,50.314560867265136
UTS,1612,0.5122547819842247,70.41635221472839,50.239710773835434,48.73445342749381,52.36243476330027
UTS,1613,0.5226024681491623,71.64118159066491,51.57468424208365,49.2015633001519,53.300720081924716
UTS,1614,0.5286552290337415,64.70106403973118,47.40963044700387,47.193606791108074,50.139562980138194
UTS,1615,0.5410289278187753,74.28982377808602,53.759243325958245,51.094044556993914,55.300576712045675
UTS,1616,0.5225423219213986,67.0533962422289,47.28989130684149,45.65927394760258,49.07019958157215
UTS,1617,0.5501086590506126,57.35979553856238,42.801736044377925,44.198315366134665,46.995786501622966
UTS,1618,0.5018439986978491,67.7461230937993,49.236546897761436,47.346657074086956,51.20304321339837
UTS,1619,0.4767017998247436,70.51548682701448,51.30421993205053,48.26758187795619,51.889137056783056
UTS,1620,0.5175691150519028,70.16982235444479,50.257979939030534,44.7231604507401,47.82972168710514
UTS,1621,0.5964034607756741,67.41715687892746,48.70923121433657,47.119888887437,50.411433186817725
UTS,1622,0.5748854560896736,71.69976551361253,52.12677904698739,48.72813214181159,52.37079312019494
UTS,1623,0.4564495740613469,65.29823827750732,47.92574441388947,46.927283081112904,50.22522036928326
UTS,1624,0.6144967864514294,65.14545337329706,49.237040713887836,45.75491806710255,48.646506547985915
UTS,1625,0.551425461835519,67.30104050594151,49.30645644806296,47.36897217447227,50.624989358049795
UTS,1626,0.6127589727732637,59.57259056781662,43.66418592936248,44.1481935621026,46.664887322792055
UTS,1627,0.5176091283371078,71.36832480933347,53.10178235263249,52.4100617970278,56.439994603080436
UTS,1628,0.5455707596309454,75.39180847787766,53.28648803773534,45.9836672020054,49.06676214929153
UTS,1629,0.5000483406416207,63.95490460481502,45.49107835581626,43.72053056032099,46.62264720892739
UTS,1630,0.5689085539605576,65.20856812716458,48.577751841129974,48.39310857330937,51.59163850839963
UTS,1631,0.5248385799223885,69.9365744634165,51.227608918411754,49.75717298597302,53.46463007559501
UTS,1632,0.5367310115531378,62.03572747899208,45.48811449251163,46.0561942955404,49.45510544070885
UTS,1633,0.5634404787363663,64.80990944107086,47.18366647702517,46.94543503721714,50.4930960413986
UTS,1634,0.5256597095587083,72.81518104827809,51.88082511405787,45.70986382664777,49.00030495638036
UTS,1635,0.5790396672994111,62.65160626643479,45.3199153520316,44.99975393740942,48.82161853386359
UTS,1636,0.4730661269268822,73.41102644387091,53.992211576885914,50.6011237471023,53.7610230135185
UTS,1637,0.4660325741985645,67.70685304980925,49.901316361115725,47.62545703016317,50.75754891868655
UTS,1638,0.5020548626086148,67.98653674127927,49.216652031266236,47.74326444597403,50.87320862321691
UTS,1639,0.5256046734984001,64.67076594071769,47.773313593868096,46.46437880731693,50.06060109114739
UTS,1640,0.5389149864506274,73.43050460666039,53.811114112325676,48.23024343949103,51.31452816424418
UTS,1641,0.5459643416160007,60.32340700508089,45.556616213583034,45.87548269663782,48.6758641891637
UTS,1642,0.4968826058136774,68.08709540756762,49.361856152579,47.55019575522459,51.8505691427345
UTS,1643,0.5485710868785812,69.89791728511126,50.8805383845829,49.91631308703708,53.68169991660196
UTS,1644,0.5627625422712241,71.46552680121206,51.24924403534876,45.416538136947864,48.95132939772835
UTS,1645,0.47996226855421154,71.97069553689252,52.575652376818844,48.7740556491808,51.958668437784596
UTS,1646,0.43145767908416444,75.76735875362635,53.97632149448529,46.4874780492068,49.877410977488516
UTS,1647,0.3788966365386156,74.39472848457861,54.85398082903514,57.41472674914661,61.1958383858131
UTS,1648,0.5306037257932008,66.8241779063227,46.990751200355774,44.419772776163924,47.91889465411359
UTS,1649,0.4199502127677115,68.39704310886414,49.3515545053254,50.095697889272536,53.451531886191155
UTS,1650,0.5185184779735028,69.13272648892315,48.99350984167407,46.25328792713778,50.15828666040382
UTS,1651,0.5948586601057234,64.35889949290237,46.28913653852255,43.320772130061194,46.74812718543122
UTS,1652,0.45263294619589634,70.18383328826211,49.460040478831715,47.60326864919081,51.00832636676772
UTS,1653,0.48978646167405515,74.09271240779194,53.35690864603509,48.651017713660806,51.85816133605993
UTS,1654,0.575584729771045,60.270723193724365,45.059197127373466,42.68153508222913,45.716670688607614
UTS,1655,0.4802623455264782,72.52537053955096,51.99953897375711,49.08186827552786,52.60096958947458
UTS,1656,0.5361666027332046,67.93383934647544,48.51500673783624,50.340268809184494,53.883545579537575
UTS,1657,0.5543625980473632,67.698102587665,49.444303059058555,49.9446636749942,52.53233689737933
UTS,1658,0.54883932188001,67.97455767780274,49.69296060924566,48.32986754184871,51.81291268706652
UTS,1659,0.46852001608773464,68.50000066627136,50.39176123204966,47.47303025313733,50.52489410065494
UTS,1660,0.49282938755057226,68.54373511089933,49.92507997257606,49.151047475176576,52.83628640846157
UTS,1661,0.5542583411339888,63.43066881403374,45.70429032296622,43.707706994747845,46.54373281646034
UTS,1662,0.49752970483636727,67.11525082036732,48.90243789371525,47.7248631148073,51.08927715093877
UTS,1663,0.6131681032940282,59.90134645612218,43.922801832649654,44.5687686449156,47.72167278570914
UTS,1664,0.5246365638010926,62.73823155998981,46.46179307516788,44.20194138795591,47.45304380872389
UTS,1665,0.5743519139378304,69.62365869876395,50.799250697102224,44.470385517127966,48.325561211792355
UTS,1666,0.5277681328666544,70.98046684117716,50.33380225248614,47.216762611426525,50.26961129540106
UTS,1667,0.4899800820472163,61.660325493769484,44.89291878403422,45.985367870217644,49.56005656856143
UTS,1668,0.5436527924076778,68.09348451065532,48.84496900539513,43.0570649698288,46.25848200737674
UTS,1669,0.4367744341527544,67.26441564867075,50.069527111329975,50.51393446363669,54.11487700816128
UTS,1670,0.5846737333248138,62.89921603377166,45.18543805432692,44.65967632619284,48.45189358689034
UTS,1671,0.5739646298323973,64.06981008415742,46.2773440306501,45.93144003240583,49.211107643571346
UTS,1672,0.48871304352981093,71.66721966323004,51.92840962841803,46.93727073305814,50.71557752467585
UTS,1673,0.47268524134528966,68.62058089838258,47.94606484551804,46.07187426958577,50.32506108069335
UTS,1674,0.6066331770333406,60.479126482714214,44.132251591599214,43.425284563132045,46.173302442599294
UTS,1675,0.5718902739044811,66.581819521972,48.89715646956571,46.191036131709595,49.9372025923959
UTS,1676,0.4435561927301912,68.32531225464886,49.11757323481246,47.32986821941751,51.502297000791465
UTS,1677,0.5040811049874289,74.5061686340529,50.508064306478104,47.6342491744858,51.37338568096984
UTS,1678,0.6346943116720314,65.86192538078389,49.17509317309526,46.66914064921829,49.54514810095008
UTS,1679,0.5096729599993719,74.72668237891398,51.786392168540374,47.5748956512496,51.48685675832557
UTS,1680,0.5698978178887715,63.3315863318246,45.78446587424842,46.28635418020146,49.60526934601839
UTS,1681,0.4484600031124566,72.25237931623035,51.2050620858635,50.164407243304495,54.07616120366413
UTS,1682,0.5708091227786547,58.42081389367803,42.25190345189949,42.44338525808828,45.84864430307168
UTS,1683,0.5578516907765766,68.1402188843019,49.37479511201781,48.9735194155795,52.394112237287786
UTS,1684,0.49357896608669405,65.36758310232825,47.00555878265419,46.58053740409039,49.97175659136024
UTS,1685,0.49090624763376345,64.2408658903818,46.84030737570804,46.44602699270869,49.59441570162604
UTS,1686,0.49504825578126355,70.90615864708501,51.22600436754198,46.71102028638591,49.735461542223824
UTS,1687,0.5653077457906505,74.39318607435709,54.29779690148284,49.44515224508642,52.87092029745197
UTS,1688,0.5565687800854485,69.0605232104896,49.91773278080499,48.153241783999256,51.43133462156765
UTS,1689,0.556971735764375,67.63860024481204,49.240537007349275,48.42790281272057,51.97316011640703
UTS,1690,0.46939454089170785,76.76437616612321,55.75591121209769,52.670299019646066,56.55285933895557
UTS,1691,0.5123677747061368,65.02718178611154,48.01174268840445,47.64425391429804,51.37413205776829
UTS,1692,0.4449806678181061,74.07893956001477,52.51022635733683,48.58558373197219,52.046289781951074
UTS,1693,0.496587520610587,73.7298515934611,52.833500910642165,49.69180868438377,52.90101402160182
UTS,1694,0.5139177966852377,78.55687982959313,57.313717193988154,53.35106912402425,56.86139695207238
UTS,1695,0.523147457042238,65.12024297501294,46.555920292137735,45.72911521285741,49.15802498081516
UTS,1696,0.48676152977843445,69.0392237350657,48.28257873829011,47.55822258521801,51.17198591443382
UTS,1697,0.5983188102069577,75.89787296855381,55.57057338991137,50.638107123504795,53.88762659866346
UTS,1698,0.5533545485668918,67.5267904303225,47.788402615049606,45.1507747895673,48.66763150189487
UTS,1699,0.4640976882608908,77.26084647468464,53.5736223290496,48.013323265514266,51.93142466942466
UTS,1700,0.5548596712321788,63.28398287460889,45.869096511379944,46.93018266447338,50.82584800623052
UTS,1701,0.4909487423993114,67.95316519894155,48.033274577872035,45.885054900571404,49.41574580305545
UTS,1702,0.5503276657698815,69.07302156600569,47.592616883007295,45.94648309878147,49.67274125186675
UTS,1703,0.5215736066161096,73.09288028049164,53.42652265754468,47.37469131975725,51.13049843561505
UTS,1704,0.4301640533717045,74.62965025212888,53.549929346456686,49.27187688515872,53.28975137869276
UTS,1705,0.534225572562895,69.55577574470864,50.101740228469374,48.00013030020302,51.249652475890855
UTS,1706,0.45940350492704474,68.12841172524986,48.75329315984136,48.39603341565755,51.76490269300855
UTS,1707,0.5165168640414133,70.36116637665084,51.88033187467762,48.84754577776783,52.945369754507205
UTS,1708,0.4667711324257795,69.67584416163704,48.61379254817222,47.53925284850898,52.02174352685253
UTS,1709,0.5500877803078916,67.53513123852612,49.25871213926335,47.51383602914688,50.41972163784323
UTS,1710,0.4817613519471874,64.09916129989531,46.25516214482898,44.969102534637926,47.947008638180094
UTS,1711,0.490284056653705,78.94208546698427,55.8520141918032,47.9331376287327,51.3094117181117
UTS,1712,0.46826779086102444,68.88144088644893,50.196754866309846,46.97429056994073,50.588052977175394
UTS,1713,0.5566324424576541,65.51113022632981,48.77213213018147,47.204389497363984,50.568173079956104
UTS,1714,0.4226505275994836,75.25397331847357,53.28898000499552,50.59619029119396,54.323826927979496
UTS,1715,0.42270460691891165,77.59770395018265,55.7423567067667,50.22746896519122,54.30243267718227
UTS,1716,0.5781930628795744,67.75560430373956,50.70254177784365,47.9631731012333,51.03892998745167
UTS,1717,0.6535732379541817,72.94473626925272,54.231731495115625,46.31815719847916,49.125800324358586
UTS,1718,0.4495262289637525,69.1929613363422,49.87061184146385,50.029972420489,52.80951152514186
UTS,1719,0.4753170558970232,72.52354355075647,51.50530444598662,45.722463702823525,49.713139588879855
UTS,1720,0.5870797770060846,71.72226785528017,50.73928572657286,45.30196298494637,48.336232559114016
UTS,1721,0.47846725838448956,74.27603134914979,50.78015558880082,48.80272998977845,52.90387860257747
UTS,1722,0.47500205352389246,69.27164446439184,48.964128731073494,48.71517879252154,52.834875588054175
UTS,1723,0.4948578233790899,69.64513397465979,50.0512539999546,47.33775866385928,51.03207277378825
UTS,1724,0.5570893537305548,66.27865050918405,49.08164033115971,48.500843086600284,51.721176025482876
UTS,1725,0.4990865446241918,81.69950403404557,57.156919769925004,51.80569681427905,55.72375129150837
UTS,1726,0.5864978144619937,64.95725807923336,46.751145533808796,45.4509043667308,49.08810554190773
UTS,1727,0.5524381648505335,71.40802517411574,49.61263157385386,42.986653301573654,46.43269660565372
UTS,1728,0.4376834349716585,75.45818120515804,53.59044055981955,48.121879478275595,51.1415843535187
UTS,1729,0.48765871299082797,65.63496264650112,48.59761214038243,48.42461748227298,51.75448455802531
UTS,1730,0.4109882249526946,73.53115256155338,52.83535737711866,52.04709374691167,55.821029119685164
UTS,1731,0.48070126883046527,71.15103279063166,50.628621591935385,44.978112656442185,49.363840503828264
UTS,1732,0.519367863954145,73.55304141963248,51.77169277645029,48.03566881213231,51.90258994644259
UTS,1733,0.5347781928756083,71.65500807234895,50.75900256850042,44.25131053563359,46.68815620911004
UTS,1734,0.5271506695469493,64.35613865122136,45.00490865791516,47.438648861856,51.22581907935582
UTS,1735,0.5414681974837046,66.94503024511425,48.29325423335314,43.99597004304537,47.13099194376076
UTS,1736,0.4739450919955437,63.798683511578034,46.36608879637255,43.31642388620331,46.3846268119751
UTS,1737,0.5562924068065804,71.92716966264399,52.34957089045148,46.60936240957565,49.40326963630985
UTS,1738,0.5093986215537416,68.71972548460113,49.44131376898211,48.51267464871257,52.156820291019166
UTS,1739,0.6108797098590614,61.68202449183486,45.83346957996282,40.61401151235118,43.89335075375987
UTS,1740,0.5745397921007439,62.786703419734636,45.04130792464893,45.49523700880781,49.760199871293544
UTS,1741,0.48368311186509116,67.10739260725099,48.65436424839623,46.80050943059369,49.942546416605516
UTS,1742,0.5502153465652921,62.80753734365554,45.001301153127145,43.96991780268681,47.27841810550726
UTS,1743,0.5766911201809654,66.46052487967357,47.0656682423262,43.44038256506443,47.0693668544249
UTS,1744,0.42732727713158736,72.14208530511586,52.30145754814915,49.187414310133995,52.02109466716293
UTS,1745,0.517510359578743,67.93739580025012,49.550852263143355,47.68257227867537,51.63573602292232
UTS,1746,0.5618763260916155,73.1896722752936,52.44790130241136,46.742859884252944,50.09981462996877
UTS,1747,0.4126293319012416,67.38557900438762,48.07794388349919,47.4283507846817,50.37005039628668
UTS,1748,0.4955612697746862,67.20518866652318,46.95108011973611,44.919112414405426,47.914555097475244
UTS,1749,0.35218033054251063,75.29784300128686,54.20885912394263,47.82847253134976,51.36135785668437
UTS,1750,0.5833704220965812,72.8222987486373,53.30232606001798,46.133000458465645,49.12987292696786
UTS,1751,0.4697912144168461,71.75172466466049,52.12059346376442,48.342141150175415,51.46606942128313
UTS,1752,0.4777946154879904,67.672375779556,48.313981642003384,48.21359539735012,52.074607392692066
UTS,1753,0.5134425040934966,71.33992293036567,51.492567714436866,50.37126026204945,54.052345428554524
UTS,1754,0.46943919627563946,68.751636304115,50.0137540451766,46.94462991806662,50.49663261868752
UTS,1755,0.5276887560843003,65.95377892543172,47.38917105121967,43.44782089759329,46.52539016356476
UTS,1756,0.609894371372482,66.1894417504473,49.476691186774715,49.34447533751536,52.44419639273236
UTS,1757,0.5115892916136631,70.74320300097844,49.57720756875947,46.31144942981035,49.996970391266
UTS,1758,0.4451704403274075,77.7722573070563,53.92165358672684,50.29435764803795,53.65643957643587
UTS,1759,0.4109817093175464,65.23338017500768,47.20847126696842,46.072105783201515,50.57032454197624
UTS,1760,0.44383285685991225,68.71746949297692,49.45077672779625,48.35393868246148,51.963598376386145
UTS,1761,0.490043101435216,69.85289435409013,51.218533365373226,49.83338970395378,53.32000298712409
UTS,1762,0.44391691014444457,71.48487882411628,49.34683286847591,47.55821347127803,51.15457778079916
UTS,1763,0.4857845681391506,69.97808031309158,49.75045215123092,48.69512577182854,52.105450753938634
UTS,1764,0.584295869452157,66.98200106881558,47.22870115811739,48.264650186598935,52.4381750035541
UTS,1765,0.5132907510957219,66.31936115135642,46.524086765699884,45.402973315369564,49.32246129882855
UTS,1766,0.5529592726426504,67.76634123763709,48.71580949288558,44.932791646417584,48.412887087966396
UTS,1767,0.564568347477028,64.43206989545705,47.51020403802063,45.394231911956176,48.48470158892749
UTS,1768,0.5665372001645246,74.3383586886945,53.51107672304116,46.622575273213045,50.33187228808134
UTS,1769,0.5420820595992263,66.00120018631905,46.93658154795679,47.238140575286955,50.37570934626642
UTS,1770,0.5029953770604196,65.28941822997467,46.916133953021486,47.965774793632704,51.52260709078738
UTS,1771,0.46183374660165966,64.62242839629454,46.89309989714113,45.985095956412124,49.148152306121425
UTS,1772,0.4411022185481075,79.71903246679062,55.12822461806452,50.116458277017,53.88489374522559
UTS,1773,0.5703780188760388,58.134114676921286,42.813791120156104,44.88224889185069,47.81590264107405
UTS,1774,0.5562608629357858,61.38250782028786,45.4223232064692,44.46675903353351,47.98033226533628
UTS,1775,0.4608494453573668,62.74423167328824,46.17364411094142,47.405867199661685,50.23883869262044
UTS,1776,0.46321263329259643,68.25148527527644,49.26101805842452,46.87176833942138,50.26348000453262
UTS,1777,0.5012376547684538,67.08652966577863,48.046519054277915,45.65088104890346,49.810940572831534
UTS,1778,0.5342147063105174,72.74984713017632,53.014369762470665,51.0831131377109,55.62411971522604
UTS,1779,0.46092719559918516,78.11882191612834,58.16438574102295,50.992747391620455,54.726220080323834
UTS,1780,0.5726667177639344,70.18180633032308,51.67614180589566,48.57569834925051,52.1226647652816
UTS,1781,0.5478179591589061,74.32083242838422,52.97609512099147,48.684117134166364,52.74384735018952
UTS,1782,0.46840899868679686,73.77716741424857,51.13771932197764,43.86225253738634,46.87589813149273
UTS,1783,0.538978058848334,67.62403097928392,47.68234243219219,43.264375687137296,47.00860318140867
UTS,1784,0.48370119297083325,63.073940250145476,45.64757744686979,50.39149359353747,53.74313449862254
UTS,1785,0.46042732711302703,64.25816450823363,47.906261053051736,50.43645062718737,53.61175361289619
UTS,1786,0.457196541331334,72.27436029004346,53.59177720077333,51.857147506428554,55.57477348924704
UTS,1787,0.4645176585838354,69.62400958270264,50.57174864698109,48.82636491273897,52.05244675591323
UTS,1788,0.5579289308408015,62.9219910980606,46.25011088629573,47.599001137458195,51.26856359455315
UTS,1789,0.503551477620571,66.5850596770956,46.940041960761896,44.25805730398403,46.83072682858079
UTS,1790,0.5182319730298071,67.73497041087091,50.420440835363785,46.327917417559455,49.66312113132403
UTS,1791,0.4984264119932993,68.03687106694844,48.78817916332146,48.28107016943811,52.37832198429571
UTS,1792,0.48219740095696384,66.71841030795358,47.970094613823406,45.06825320346916,48.22612811882928
UTS,1793,0.5903832915438041,67.30587692323617,50.11505125818016,45.327323900081296,48.415517950678606
UTS,1794,0.5407544567113844,74.35864662309193,56.04947828076806,50.9599120285206,54.79957919984395
UTS,1795,0.4940422602890735,66.50489258224783,48.51412393048611,48.68728465997833,52.278580131288805
UTS,1796,0.5331626649760013,72.3963348727624,51.44187042819652,47.19902546155823,50.55749241521306
UTS,1797,0.5055570137778814,64.36503013547886,47.057246948562835,47.16665735586608,49.83947974329857
UTS,1798,0.5312905155425652,63.25893737984379,45.85151598480429,47.77531539935049,51.65455028590529
UTS,1799,0.6069365245930856,64.31063151471847,48.291845361646246,47.16745266783507,50.03629843940008
UTS,1800,0.47266318058115797,68.30318592744798,48.89320652347598,47.194633075257656,50.5164561316256
UTS,1801,0.5724577822796642,65.24139333797775,45.97376123038706,43.980195593117905,47.04144425410288
UTS,1802,0.5261968506550547,64.08950790480922,47.294636528094884,44.15815758130853,47.141401662351676
UTS,1803,0.5270061475801722,69.35274883662653,50.10272972233136,45.23532024398752,48.486944300864735
UTS,1804,0.547590557551431,73.10729078475042,51.44651778857896,47.63088474025683,52.11151139508762
UTS,1805,0.5332828291653007,68.58634403606416,51.52063218167651,48.28466541767786,51.614415157049734
UTS,1806,0.5689028902132263,59.72760350739532,43.885907367509276,42.50099904214796,45.53328376692597
UTS,1807,0.5327740420743377,78.26007292182618,55.26600541402233,46.4895581493478,50.37625295302975
UTS,1808,0.4223642030153958,78.26675577992401,54.910298382140304,47.78236494981182,52.38786916562379
UTS,1809,0.5378696344022633,64.8637152034495,46.954653520610705,48.694263101744625,52.18676358351674
UTS,1810,0.4369224250524071,72.78411126561568,52.630715623742304,49.0366862160379,53.08287089252422
UTS,1811,0.4690961010848196,70.29962212945821,51.0585399624342,48.818900509937464,52.207025248432295
UTS,1812,0.5344187046550142,66.55167786050237,48.52019001892726,48.54011687077481,51.197769061364184
UTS,1813,0.534934579976325,70.43054298728107,51.601694855614696,45.50301979206862,48.76406611006728
UTS,1814,0.52405827786921,74.20384829947629,53.318617157750836,47.85200137047723,51.50360253756932
UTS,1815,0.5473724493579981,60.0631488179286,43.60825774509153,44.116310231954465,47.045290310837125
UTS,1816,0.5152246162681635,67.95568698929164,48.632316626605835,46.77854607314392,50.447756147610114
UTS,1817,0.43758930234050664,75.27737559550528,52.026904084600005,45.99784028210148,49.97283844934167
UTS,1818,0.5102433285752634,65.11803730492656,46.46186406534284,44.03553775032288,47.01665401014924
UTS,1819,0.4484351042610143,74.80855661266877,51.91775276878273,47.650552822790324,50.66014222777566
UTS,1820,0.5940196295471436,69.10165535977713,50.00317127951105,46.43375397981324,50.73602714157436
UTS,1821,0.46228815311082105,77.30125536328642,54.09652663833511,48.2076020826815,51.564189979418444
UTS,1822,0.5579280005510672,66.75188660351938,47.87015186305265,48.52117772094533,51.37098330024479
UTS,1823,0.5258090072492483,68.60531211188085,49.746115977313174,44.936288745480205,48.4554326902629
UTS,1824,0.5734346966261799,73.1993637948767,54.39395471972886,49.441521836038326,53.338490718594805
UTS,1825,0.5703880011408886,63.68845120099572,47.34199080090736,46.33412071258104,48.454099175971066
UTS,1826,0.5277785598988476,72.95590132505936,52.909836002780025,48.273060941910245,51.87558648443684
UTS,1827,0.3843216960889757,81.62764576724516,58.010099471352575,51.24746178029515,55.18617463670297
UTS,1828,0.48611398389327776,69.07141146534153,49.78666915342448,43.80588459225961,46.419519608074076
UTS,1829,0.5553508553684594,68.01242952684275,51.14972782702168,47.08975187096402,50.04614084202366
UTS,1830,0.5245778326695812,68.1585308012487,50.77935442073134,49.31059142344583,52.85715848678539
UTS,1831,0.5177513243470305,75.3212752931356,54.34657546919806,49.12919419580465,52.26878979826345
UTS,1832,0.5778316710390228,64.32898696264513,44.21179810999032,44.104674272176446,47.873254821572466
UTS,1833,0.6351059088744964,63.63119927665522,48.5022719354789,44.383248043105745,46.88921303075694
UTS,1834,0.48966371664529995,72.11699398618023,50.89121777046133,48.636515973244855,52.4771820442771
UTS,1835,0.5639311683799624,71.87058155936036,51.52215721083487,50.60996595766572,54.52211061298446
UTS,1836,0.5374050661347041,69.91236066756775,50.67541650772579,48.52029999923348,52.02818224128887
UTS,1837,0.6348533483870629,68.33533107420142,50.16979355330177,47.50738389043337,50.751735842964614
UTS,1838,0.48418810769625586,71.44993722609085,53.20691111040564,47.57347053705051,51.218170267099744
UTS,1839,0.5097977682588344,63.10988913466257,45.844372780621285,44.68733529561802,47.83630747414806
UTS,1840,0.5246625451350662,69.05761984531019,48.16821454622226,45.16915805915974,48.715761624139816
UTS,1841,0.48467782923081026,75.39478262647657,54.522832389040964,49.42907152129941,53.09669198823084
UTS,1842,0.5516021307783705,65.80583667850058,48.03105464512071,44.98176525280952,49.13245514143232
UTS,1843,0.5255047608944137,69.5375555131136,50.47321960909218,47.938060452509085,51.576416653736864
UTS,1844,0.46870908118060495,68.63238832218208,48.81860368836906,43.554034776732706,46.86252138415483
UTS,1845,0.4825695660259204,73.54462834898055,51.03789521297298,47.21462782005435,51.79938103030407
UTS,1846,0.48665923450936677,64.16678751381177,47.46384978057901,47.792232697471604,51.7293947349656
UTS,1847,0.6409296533646891,66.78593134343036,49.991830029637526,48.44638020067608,51.966132359955864
UTS,1848,0.5638548202056826,71.05034612971362,51.397592755970855,46.69782971961243,49.77915815360984
UTS,1849,0.6329275583591853,68.1154707738321,50.940725756648035,47.25821907873879,50.71975643282635
UTS,1850,0.4874763273362549,72.20068387538369,51.493631600732826,49.2545768458931,52.69845934827632
UTS,1851,0.506739112331779,71.26842941799617,52.00664736363954,49.69834826017597,53.88543982991757
UTS,1852,0.527876715798218,70.15102127411801,51.15439456013618,49.810612988766025,52.77376832799484
UTS,1853,0.4505485664674136,73.07128701311252,51.30114234060292,50.303525972672205,54.71051600089343
UTS,1854,0.4896304351553703,68.65272696824901,49.79615850634954,47.66548033427616,51.31629185351845
UTS,1855,0.5521615092078103,67.07985579968819,47.5766716386684,44.65002236790126,48.18621082399969
UTS,1856,0.44865426016085286,78.71021252847807,55.536406346979476,49.58345694212682,52.3198420896076
UTS,1857,0.5423985435327778,70.1559468474005,49.64406214223066,46.437221595111765,49.56356590152574
UTS,1858,0.5464188331925413,67.03967358493809,49.60622112780117,47.008247861698536,49.90247546162891
UTS,1859,0.660908268339989,59.801106688694965,45.24594319408537,42.351692245520574,45.58768233460305
UTS,1860,0.4830054033365333,75.97619677229135,55.85540702571618,51.17787905725788,55.44394664493348
UTS,1861,0.4773432741733794,68.3490554634051,48.5585588736076,47.010341644676785,50.82137351287966
UTS,1862,0.5664348284814426,67.69033468470107,48.39711451290452,45.546538027867314,49.19150606557166
UTS,1863,0.6326526146226881,60.34297557882329,45.67283623112367,43.20438914199346,45.98698326130395
UTS,1864,0.47369717249516874,79.54939715395479,56.459970535121364,49.68749964477308,53.399835327772145
UTS,1865,0.5312244075518564,68.48667770901427,48.143090985502646,47.18946644289026,50.35888542182418
UTS,1866,0.49617033770735675,79.72554090820185,56.27580505550855,47.481626043452636,50.83972713016368
UTS,1867,0.557020030044884,68.65179606277293,48.40475022448346,45.17920510195699,48.86317666844641
UTS,1868,0.48551065810372973,72.67012218705752,52.38860598307884,46.008886603849604,49.19384076481376
UTS,1869,0.5521846340725765,67.87166087929883,48.00094495466739,44.60149494894408,48.66146946091129
UTS,1870,0.5131565785421635,71.94057184233434,51.93529947053141,48.43630730546169,51.67394794809719
UTS,1871,0.5382055932298211,63.195839289225,45.100600954876896,45.905430518479506,49.202784530430115
UTS,1872,0.4892575772118585,63.86754356680336,45.606411114449955,46.78059919807632,50.41122123444588
UTS,1873,0.5207935845840402,69.17132834298813,48.99064675008546,45.73212751660742,49.18946543983342
UTS,1874,0.5197938229917636,72.81525681812303,51.700099657558404,47.99505402236065,51.589230499366074
UTS,1875,0.5529861273016541,66.7119018397504,48.08037057052343,47.9750629364993,52.033745404083405
UTS,1876,0.49435396587751124,78.4103807923803,56.07763599858457,51.90616059847343,55.24872160022828
UTS,1877,0.5524634362841194,73.67362998762832,52.73400378520377,47.56741914486173,50.81398373267933
UTS,1878,0.43435998784672547,82.80611746774754,59.80784242261471,51.247185136927776,55.098188077255735
UTS,1879,0.5503331871069703,74.45027063449687,54.631901663533164,48.884700439869945,52.11229348806089
UTS,1880,0.586822315066543,62.290019579001765,45.67968186360225,44.160255400209564,47.85996167391931
UTS,1881,0.4858346680242438,72.02202673348279,51.7657763637574,47.566059750318594,50.91080814523824
UTS,1882,0.6106243005550915,60.929305787641695,44.269396071105355,43.50190370535939,46.77870308717019
UTS,1883,0.5704280717234624,65.03688504988183,47.70244002875344,46.284963762125216,49.566119000364424
UTS,1884,0.4314652379972336,78.03630727421464,55.22542255488844,48.78531147112098,52.79753480203509
UTS,1885,0.6002037645119064,58.96455533428597,44.23041220500905,45.22382669089403,47.791228524586046
UTS,1886,0.419842805856661,82.44418709215485,57.85910608512384,49.58468990954193,53.1354965709904
UTS,1887,0.5479162490717162,70.97844404197538,49.56414513801723,43.049462353729325,45.755527950061264
UTS,1888,0.5465050594448759,64.86212483953446,47.54308551070016,44.692610357767904,47.010942480275645
UTS,1889,0.47063358582825154,75.96941064861099,54.67496646845814,51.91424166512652,54.763419175641005
UTS,1890,0.6050188790137583,64.48378481298653,46.85690893920144,48.00458265673285,51.447473544495736
UTS,1891,0.469121800824017,79.84826088857466,56.744422983201346,46.52286819608451,50.425185272868
UTS,1892,0.5464913577315335,72.35801450413314,51.746704189231956,45.916561960020815,48.95137506901631
UTS,1893,0.5802935818787631,69.50323056990173,51.72725537752703,46.28653243806289,50.20434666153244
UTS,1894,0.5203813173712601,69.63497244187685,51.028391359274494,49.916242536130454,53.709963344409864
UTS,1895,0.5294654284656277,63.11562534343059,45.42585198027175,46.045846030989054,49.42984415383105
UTS,1896,0.5169817104255612,66.28719035182927,48.42590353407408,45.559727081933126,49.05109559857017
UTS,1897,0.4892756873124541,66.93392164116752,48.10601778661752,45.231340729439175,48.94770913094052
UTS,1898,0.4991746146525631,76.62924707556658,54.12242879476669,48.3225121344005,52.177225124520426
UTS,1899,0.44871654423433815,72.20337694835554,50.067030846795426,46.89380959994836,50.850698707689105
UTS,1900,0.5745234829923491,68.70274120163945,49.31473326905951,46.86654744872769,50.29033805342263
UTS,1901,0.5040795014577147,68.22120938937601,48.85215768804848,47.92561429001699,52.25713049200146
UTS,1902,0.5867541851692759,61.12198284177753,43.34735671088641,42.83311736771971,46.65665640335996
UTS,1903,0.5992577207278913,65.30062332179338,48.161612437215354,45.732763072845245,49.71234597747606
UTS,1904,0.37714803650776274,74.93005305734886,51.84212892364622,47.76300121732543,51.75217127004516
UTS,1905,0.6034055127391527,74.29178878516504,56.143389263237935,49.256307322851,52.444355554440094
UTS,1906,0.4421529268056984,61.77589974179219,45.57257495311622,47.504383701541755,50.690639567296586
UTS,1907,0.48398714397277365,73.30758343815906,52.59700346717262,51.344406495365796,54.744820800576306
UTS,1908,0.5064092170916827,76.9093558786316,54.74398596826727,47.11395515426769,50.87685127565711
UTS,1909,0.6181494892648247,67.94806608351676,48.41796615391639,42.60921726739092,45.210231549220424
UTS,1910,0.49260612616136956,74.36697668575529,53.590255142032255,48.76388535972299,52.74079408627263
UTS,1911,0.5589741027875627,56.924636544779545,42.80400898440135,43.981405984457126,47.27740782112633
UTS,1912,0.48797708123323247,67.14521621585668,49.33669714747066,47.22778323514557,50.30271497732537
UTS,1913,0.5097688430660112,73.05370611029707,52.5760823701655,49.71097396123325,53.17400228291632
UTS,1914,0.4307683983774441,68.04455634542954,48.947215787477894,47.887072764565126,51.59846801668707
UTS,1915,0.5710919846434894,62.76771946237007,46.95667750858896,46.78823463204116,50.10752314478577
UTS,1916,0.5686558978066469,65.37719438107287,49.750320628832405,45.790375796582445,49.10905587560405
UTS,1917,0.4860925773619531,66.34521219463916,48.74301651577184,46.899733799629864,50.06491290317303
UTS,1918,0.5192717634350996,69.28903096087588,49.46421620914725,44.59534934537092,48.53577384341561
UTS,1919,0.49275071248532076,73.47614276812618,53.70814415208477,49.46613664809456,52.992720594952914
UTS,1920,0.5876965415244664,58.76790091624969,43.735632367069364,42.52717628844106,45.15299487531911
UTS,1921,0.5654497531411833,78.0280671545908,57.69686080801654,47.30424867217754,50.12678999200608
UTS,1922,0.5366522490796661,64.86923307868895,46.12912812205698,44.89490562555026,47.963901854071345
UTS,1923,0.4997607092230206,64.95121196726744,47.93623189382105,45.05676775638494,47.99519058806518
UTS,1924,0.504622679491963,74.66609719422847,52.781526064393866,46.4401386140889,50.15847993011999
UTS,1925,0.47967626796066487,66.95158143606595,49.32276927235154,45.489192219903174,48.945042454074496
UTS,1926,0.5698139139818668,70.00111637270585,50.93944230122794,47.09166030841832,50.62453498656702
UTS,1927,0.41544446856755424,65.1778862437804,47.78290957175113,47.47592575023364,50.69037109169185
UTS,1928,0.5092137548416835,81.31021114561473,58.28079367074585,48.58234176373566,52.4923187702398
UTS,1929,0.5295395384190611,68.17048750556069,46.931870957332094,48.40082876788696,52.37328744348812
UTS,1930,0.5103809240217285,67.76994717000095,49.49248036030703,47.9488738931935,51.61849837820203
UTS,1931,0.5410767245511302,70.68172704585676,50.210725560847855,46.16048005715836,49.69145536786132
UTS,1932,0.5044552478749835,65.7532809836988,47.40255957939477,45.4758408484464,48.81044973190325
UTS,1933,0.5339027345745238,68.58805266078771,50.76775454224911,44.176489221950874,47.445505047221914
UTS,1934,0.45919477192877733,72.85704703408366,52.210952305391615,50.288393136258506,53.43410431482037
UTS,1935,0.5225422837257625,76.22240984302326,55.838307710674506,49.99228048639692,52.79063289715028
UTS,1936,0.45938153666836756,64.19878368236779,44.96994654426562,44.61409136736221,48.03280044676247
UTS,1937,0.45276845951369027,72.8955846930802,51.28097975329293,47.52982546055774,50.89520946243299
UTS,1938,0.5354586131903788,68.41176639447188,50.52449169958316,44.116861717487964,47.18311715985118
UTS,1939,0.49180405468007604,66.04539090218385,47.02206985172666,46.69421696109018,49.84280060805509
UTS,1940,0.5015139251373539,68.19041230044881,49.59742272131898,48.45996503578475,51.60694385573213
UTS,1941,0.46948383845246944,66.75747677105973,47.75138788122946,47.783943257034956,51.85538268703016
UTS,1942,0.5426841072744257,67.38257097576286,49.21963512677998,46.52781969313686,49.66128562596811
UTS,1943,0.5887041529512694,64.68625487620515,47.76761672826096,44.29044888907716,47.10560652544262
UTS,1944,0.5573543561539445,70.36636647199563,49.72361426768775,45.995906691709656,49.400508645391696
UTS,1945,0.5498069984643608,65.41761596202592,46.81634219294162,46.97680111278368,50.59934673844224
UTS,1946,0.5535698137875005,68.3353561932465,49.44429259320281,47.71318802003564,50.726209583031995
UTS,1947,0.4999036472917625,68.02040247582607,49.316307133622715,47.05015722024079,50.58117826353182
UTS,1948,0.5590337980522948,68.77509179168554,49.84288211768434,45.71522220806873,48.83875020393325
UTS,1949,0.4992252476946305,69.53975480292904,52.07837469919928,49.27616923771452,52.25266758545798
UTS,1950,0.4901989468063961,69.59938462599781,49.1483489632172,45.70723834949299,49.32106872551405
UTS,1951,0.44179113730002817,66.87558433212216,49.46437165927756,50.80046365696073,54.03510102402436
UTS,1952,0.569210006316836,61.46935722183886,45.3968139817145,44.1418520534432,47.195752513934586
UTS,1953,0.4609736313350683,63.201747840231114,45.72281185399243,45.28604546571045,49.01995213253155
UTS,1954,0.5434386095508468,67.58696821023446,48.645381848671946,46.05775374166629,49.58608729174483
UTS,1955,0.5465105233895999,64.67185727441537,47.33652952637833,45.77709153779258,48.94454421962185
UTS,1956,0.6291455078492343,64.96501887015238,48.282705421659365,44.90092646593183,48.19496381106966
UTS,1957,0.5276501886237145,67.46566162569746,48.74987588726161,46.51914972695971,50.06256254430427
UTS,1958,0.5093055845011554,65.08802606089712,48.695936581165405,45.80595499168297,49.31721662878405
UTS,1959,0.6080571527710432,60.92310456373583,43.33363298505319,42.985792265052396,46.43650548184946
UTS,1960,0.5628415381747615,67.99738587436156,49.00763959913477,45.272503725784794,48.158402990368124
UTS,1961,0.5712164941016658,62.52230579275249,46.176731586278436,45.71982838527888,48.89400117244767
UTS,1962,0.4718856410677411,66.56710193534411,48.90503832112225,47.278202917801764,50.22256954690461
UTS,1963,0.4787140677350894,67.31870420908645,48.69991779602066,50.246441530895545,53.02816839302915
UTS,1964,0.47647492692407556,75.02640345269737,53.148659071537395,45.97024780065925,49.70849550748885
UTS,1965,0.49753039458507076,73.16149668843735,52.15637995738764,51.14381061389351,55.18621122336323
UTS,1966,0.6007745051781077,63.172792469909155,45.38599209028922,46.7549796479644,50.634945097581436
UTS,1967,0.4493719730547031,66.99720880504742,46.96754096432395,47.84583447314704,51.666273231311614
UTS,1968,0.5056174206620228,66.35829287464021,47.08771210197152,45.913185837222954,49.541362183714234
UTS,1969,0.5085876783693479,67.60378698645876,48.295188919810094,45.79793788176044,49.09378728282635
UTS,1970,0.4579454922127153,73.86877937857459,51.87861581905487,49.96201564900615,53.724554249437915
UTS,1971,0.49124733020986666,70.63922572898059,51.62530824108534,48.619649924246495,51.948921401657
UTS,1972,0.6435096691804125,68.69646077936333,50.45793344370356,45.45885995723339,48.83609403827453
UTS,1973,0.5742667801549762,63.70059238848065,46.79459736950101,46.119516042961514,49.718627286607536
UTS,1974,0.5371460752863816,68.82992429395107,51.12079615939612,50.29186995116878,54.43886187659706
UTS,1975,0.4887519010754324,66.52909125991427,46.09910156519757,45.83184832250359,49.338108926100496
UTS,1976,0.40065415670036564,80.73155931011979,57.21166580707989,53.89329583255556,57.308547706716524
UTS,1977,0.423977501293468,76.28456017372363,53.17963737068801,46.73744980489441,50.497519481597344
UTS,1978,0.48331189837487953,70.83900914603966,50.88183918677761,47.88944607074223,51.12227994730891
UTS,1979,0.4825347729752242,68.49126251091417,48.55669161264868,46.79406968231918,50.1229180668495
UTS,1980,0.4819701281942762,73.05863049663611,51.343626726247926,48.619172872779984,52.02856275480573
UTS,1981,0.5833898996956631,63.10539139072223,47.09183703125566,44.59341578626315,47.591290017351184
UTS,1982,0.44755204815852867,65.81211435584298,46.910331858381134,45.16085851099013,48.46673652594426
UTS,1983,0.5737369864540185,67.63343667591542,47.0912651006509,43.919141170839495,47.90864342061386
UTS,1984,0.5872732192094943,72.58940846753217,51.91938061391809,46.48341223061517,49.789363788291936
UTS,1985,0.5545026941402802,59.671509658071564,45.263475984081715,45.962084028469356,48.72877033109709
UTS,1986,0.49893259100387677,66.76724889140804,48.82000008309738,43.15778191106379,46.67486331556215
UTS,1987,0.6448860480333347,62.29360605250693,46.149608799628,43.35753950597461,46.16779604477808
UTS,1988,0.4259023983938647,75.26413525507273,52.524163387092564,47.10383866026444,50.861227833278726
UTS,1989,0.4759390883075223,63.92825558777978,46.28671475555191,46.68388039284879,50.115546076629016
UTS,1990,0.6033641837970372,71.09082842112021,48.12499477655619,44.45250990630872,47.7425431124456
UTS,1991,0.4744494122895605,69.58600566659334,51.01939496092023,51.69410498777002,55.43931235668111
UTS,1992,0.5680300366831124,69.63675192071763,48.60402709369318,45.48192004451328,48.49492737271572
UTS,1993,0.5666835005406181,64.81007551195435,47.40192104678696,46.45631385000652,50.327832144413506
UTS,1994,0.5489107278843002,66.23582917291402,49.16174862341859,47.905475646258324,50.81749843086353
UTS,1995,0.5692333784779022,65.70304425972708,48.367923700133076,46.87155924774744,50.28470285619104
UTS,1996,0.5514294570807444,74.8627388048373,55.05451139803732,47.8492392448149,51.27197168814139
UTS,1997,0.5046044854100027,70.57892467251688,49.91523447082748,44.943874870156094,48.03096231707386
UTS,1998,0.45266014600688276,76.69268516974235,56.360833043797165,48.94416565621652,51.735757172225746
UTS,1999,0.4774927155455039,69.19944056218286,49.04620730229815,49.09088849725122,53.21014449124335
UTS,2000,0.5344950815673852,58.711696986628105,44.74902024929105,45.90161486541703,48.978056713938415
UTS,2001,0.5662719835620711,64.13367194529162,47.821880439113485,46.73234280550281,49.938536903965954
UTS,2002,0.623475080254738,67.9606259845908,49.85427095617533,47.104826126296594,50.577456073794686
UTS,2003,0.5419109837692762,72.40347133536795,53.12594263778384,47.67543954473586,50.83148741417916
UTS,2004,0.5481591880284999,76.80728464552915,53.66821976398062,45.57887198340751,48.76163529095763
UTS,2005,0.5705615032591064,65.67997051319664,48.04772498808077,44.20664663140034,47.70149055835803
UTS,2006,0.5694511066728656,63.37157806438987,45.41059909473217,44.371069567508776,47.59737991738211
UTS,2007,0.5468551669791841,73.11418799900439,50.92356319187818,46.110368674530434,49.1376642610222
UTS,2008,0.5328605601267811,66.42336915627709,47.3392717552306,47.32799929476621,51.03047834457881
UTS,2009,0.5227665845736305,67.47408988387373,48.01657305939048,44.7583129244367,48.321517901429445
UTS,2010,0.510262720725184,65.75810469045852,48.51307800377472,48.70958943142446,52.04450844743684
UTS,2011,0.5045677546535836,68.70088830225308,49.80912130146381,46.6661452881918,50.15358074169803
UTS,2012,0.47866290538769496,69.05108451980392,48.35346109492753,46.419425956089185,50.51596663982626
UTS,2013,0.43109191481846576,75.46122122360327,51.91897847309616,45.234900298785966,48.39471873660317
UTS,2014,0.5698494133044599,71.41327567695797,52.780454435690466,46.5816778490526,49.99319911384382
UTS,2015,0.4599930040960958,77.56890541366224,55.467860849696905,48.0410023402853,50.81083996991576
UTS,2016,0.6207837409110375,64.38380117675406,47.53014741721204,46.05981227373296,49.168249789992586
UTS,2017,0.5155422149141831,64.68543926694016,47.72744542321544,44.58253702801781,47.216091686689445
UTS,2018,0.5770323138860887,64.08604596159148,45.61774528491491,44.56770779523068,47.781661348411895
UTS,2019,0.5061953169580774,75.7730240083888,55.08216905389462,53.52091121634318,57.73409896578149
UTS,2020,0.5931708811993655,57.23654312536299,42.01386184825045,45.784216926150535,49.410268023206015
UTS,2021,0.59253464987915,64.70753275676314,46.15236558526395,45.555664558997485,48.99937629008543
UTS,2022,0.5254159076212408,69.85989578930206,49.409430703465574,45.64318869157902,49.10065697750826
UTS,2023,0.6546955098547583,66.22904431432823,48.58375044802615,43.52719893843211,47.14802372827594
UTS,2024,0.6162912180373509,73.04193742293887,54.76619883110641,49.10148015105673,52.14573694609891
UTS,2025,0.47019396501539523,75.21707640306661,51.668244640416546,47.69936096648498,51.54191735867441
UTS,2026,0.5570997276088689,66.35227326587804,46.74683248054134,45.38152197845439,49.17640697031405
UTS,2027,0.5017877718848617,72.46712956431426,53.69892458715279,50.32892339096656,52.83929763313582
UTS,2028,0.467359914264855,72.20155649470004,52.475714251533134,47.952035738864694,50.46573038541666
UTS,2029,0.5178267647505705,77.73535846292415,56.54281142469826,47.204384063677196,50.996081825045515
UTS,2030,0.6422980478156214,63.45575695925333,47.18013388052573,45.442304464626574,48.22471595934148
UTS,2031,0.5202915750902153,68.2567768801961,50.030408601258785,47.26765994187949,50.33220353867585
UTS,2032,0.5099978493021855,71.23736440747456,51.64592376107554,45.96431424576345,50.34704692914719
UTS,2033,0.5609912475971848,68.84408383436333,49.482465936317716,46.241255162456156,49.882733179683456
UTS,2034,0.6365532989437898,69.93647898936095,52.68167841713055,49.23710016049505,52.38987622946031
UTS,2035,0.56191046588028,64.66272515304232,45.652727362948234,43.80497553337558,46.70872012263147
UTS,2036,0.5491582676004327,60.38198485260848,44.63675986324469,42.47488443595707,45.499083123423105
UTS,2037,0.5004783308138788,67.39199466270345,48.03129899434708,46.864669254769474,50.83318360830258
UTS,2038,0.5146892204544233,63.1909063340786,45.53830076864699,45.367270334916185,49.00473282325134
UTS,2039,0.42096394949539173,79.43080444545777,55.589869906061224,53.97761782956468,58.142428428618814
UTS,2040,0.45848242534869643,74.52383419357713,51.60669213038023,47.73564739411891,50.92490996604173
UTS,2041,0.5855872831484097,60.525525293072434,44.6828272148142,43.73716867204282,46.9232550499554
UTS,2042,0.541246207674117,70.60447791641015,48.484441684158924,45.66538503283795,49.644404682405465
UTS,2043,0.5360677390022571,76.15813370514736,55.5126561572982,49.353304584896506,52.7159324021317
UTS,2044,0.515492150751297,75.63074052820667,53.9749723389282,47.43834144595101,50.61343913031052
UTS,2045,0.5698977495034376,66.94863394138791,49.967396540459916,46.92425546106825,50.46203547864236
UTS,2046,0.5944917541641276,63.64530913885638,46.47444577160373,44.7008483838212,47.8740932871436
UTS,2047,0.44802803408512715,68.8553591511607,48.97602438708695,49.859340733113555,53.477768616858086
UTS,2048,0.563156393364624,73.79350174587314,53.643413401678025,47.35808365704407,50.562022941024374
UTS,2049,0.5310269166405963,80.29243334825208,57.80688071560386,52.93378046958928,57.077424540839736
UTS,2050,0.5502969506114577,64.07934530377702,46.89117842835086,47.30737167536514,50.98703907788764
UTS,2051,0.6133437535751167,69.90080462971126,51.32132974302288,44.65634811536724,47.59348551985128
UTS,2052,0.5018838210116205,76.17583937953677,54.07632709133189,47.97876260837003,51.86805230378366
UTS,2053,0.5318078455545957,68.81923567052559,49.07489151670593,47.084196968225605,50.960449856866276
UTS,2054,0.5682625524091792,71.65347836064602,52.56021961648265,46.6137860259263,49.567846099865946
UTS,2055,0.48426453720058293,79.9523879567547,57.426390250486385,50.555752788077804,54.760570758835655
UTS,2056,0.40236166928747574,69.75591024453884,49.61757454031007,48.85111796822093,52.475661510906626
UTS,2057,0.5242682487548169,71.83898910379781,50.520077460678074,47.44466691987604,51.44449668846675
UTS,2058,0.5491086752766747,64.89853343173014,46.61924643326816,43.18818499619554,45.83288797100096
UTS,2059,0.5570717334748845,68.16514630234624,49.604252397063,46.36948199468577,49.93269291325199
UTS,2060,0.5183063664326301,64.95534916425623,47.80430003187463,45.92731011662253,49.00560335942901
UTS,2061,0.5310023002110855,66.95958499009059,49.91157951186998,46.10588365550118,49.39845835049108
UTS,2062,0.46997752686178274,71.18804828237458,51.60449662826844,47.552332614268195,50.84748483924358
UTS,2063,0.49739230751902086,68.2826573291209,49.51444112118792,46.57967476612533,50.13215299833845
UTS,2064,0.5323930731617392,62.342212780943306,46.14148997097067,44.53461326872307,47.59238117987462
UTS,2065,0.5653590455375324,65.08820276179542,47.16328437391963,45.64583190346639,49.06971869997091
UTS,2066,0.5508428027268442,69.95607153353276,51.64296300583306,47.97565337652,51.2759454647535
UTS,2067,0.45083416729447334,70.90070003558897,51.588616460562065,48.53269664570276,52.335943981035555
UTS,2068,0.5755565196057623,67.39253943513422,51.342675123419866,46.441071219032246,49.738421265372196
UTS,2069,0.5259174980988202,73.09755296886237,51.34771951942177,48.8808716353993,52.961921658387375
UTS,2070,0.4852613878962768,76.158070617534,53.68506268418382,50.116264978900325,53.28711715877679
UTS,2071,0.5708553387423314,72.09653168736367,50.692767133834955,48.25533763811523,51.82267011833453
UTS,2072,0.5379719233139835,66.27584170252199,48.785738582401265,47.363666973038136,50.60778519138781
UTS,2073,0.5015215587363082,68.6597270219223,50.61902630839594,48.230875712936495,51.767403318928146
UTS,2074,0.5525959312588042,72.22162178600142,52.769151908112576,45.933781537316534,49.32965505805273
UTS,2075,0.5055338002169198,65.00952136689932,45.9942663477676,43.43640035101742,47.51577175106879
UTS,2076,0.4962578144009383,69.32133364984375,50.00268369895437,45.4770769147921,48.94664457117361
UTS,2077,0.5434928279465991,68.97677094532297,50.24242938727993,46.08488462342415,49.01682486277055
UTS,2078,0.5577106206534652,59.39731118139934,44.47047359542575,47.79788892000695,51.31392145722785
UTS,2079,0.46167974543091406,70.81214297267233,51.59519712928128,49.33563646808653,53.15523387600287
UTS,2080,0.44565951010978966,72.4222906322084,52.10869155188284,50.4547544976222,54.67535277900262
UTS,2081,0.4780398812493829,67.8745998277661,48.3819178783382,44.12582826134055,48.16798530001353
UTS,2082,0.4352879935572551,72.15726983118135,52.042460917712006,46.50466978267194,50.11846310525179
UTS,2083,0.5262842545287285,72.65061585502924,50.35274869312482,43.11501350591823,47.3847670937675
UTS,2084,0.5576670902353666,65.52949422885251,47.11359611044041,46.137985894646334,49.54291344967748
UTS,2085,0.5429602921451491,74.08191226082347,52.65243362546738,48.84398798545341,52.56166902438864
UTS,2086,0.4609414153623562,72.39329581015987,51.99502346432084,47.922926227532166,51.62108510185476
UTS,2087,0.5508863774349017,61.99865232482508,45.306886566912866,43.553338503823944,46.87939041857872
UTS,2088,0.5541570967019628,66.44305921537757,45.52427192740896,44.56035653208801,47.9386651170941
UTS,2089,0.6277297366651206,61.2154794004194,44.70811723465619,42.66072642195912,45.33330192080303
UTS,2090,0.5274667618254738,64.81608598123756,45.182390163005074,45.57890432268092,49.06142739229646
UTS,2091,0.5784784571456243,70.38300315317582,49.77044864648789,45.27228970207298,48.81077334093222
UTS,2092,0.4626620203691658,64.21684587649136,48.04407611358927,49.66567845864656,53.18357910574648
UTS,2093,0.6507101942853313,63.078951367315014,46.852069642354735,45.70645286118618,48.56990228115189
UTS,2094,0.6012717383931117,65.69776554784852,48.72015656297508,46.3661541658727,48.9625847783371
UTS,2095,0.5212863911015182,65.92756072135131,47.21241250795439,46.98348920276979,50.11684833856172
UTS,2096,0.5365575358070117,66.8367350835897,46.60271056284087,43.331674135748074,46.67775936446543
UTS,2097,0.6223357167790634,67.72954098089627,51.436663245613104,48.030211887002054,50.7562730597202
UTS,2098,0.5237256449733824,72.88295755902512,53.41303408899171,48.14664456414741,51.405710069341374
UTS,2099,0.5379390249522314,72.66106077264006,52.66564511755966,49.42981421240349,53.84691312911617
UTS,2100,0.591534656532422,62.749289138610905,46.33732101147604,42.504842844703084,45.465322988220535
UTS,2101,0.560222575750911,68.81569874809048,48.658564352458576,48.36196669812161,50.97552901360901
UTS,2102,0.5603767664339339,74.94318298116204,54.583557949950254,50.61251813210146,53.76282071452305
UTS,2103,0.4989030736802921,71.04044496924647,51.008501988978175,47.24813448833368,50.54842462678132
UTS,2104,0.5890028246117134,66.7639642466872,48.33658605946123,43.97017090194629,47.647931749198975
UTS,2105,0.5191847839983179,62.73304034395223,44.72246691184598,43.67543601669073,46.48213196260362
UTS,2106,0.46848971837079545,66.15646196657563,48.63917168974057,46.24996556493541,49.70840373061388
UTS,2107,0.5163010304075266,65.20807075021759,46.6006007436649,46.52480876590503,49.86364207711075
UTS,2108,0.5477893971053327,69.52893199567659,49.94497925852033,46.6491996941058,50.29018675102135
UTS,2109,0.4937816114118455,70.1369017101059,48.308005667540804,44.540273602692885,48.46790015036881
UTS,2110,0.5063650630270985,67.86839360156699,47.86811612092153,46.17631288458652,49.86196904494418
UTS,2111,0.46242225204405696,64.7832913776379,46.14020009118515,47.03567924526293,50.05547342672777
UTS,2112,0.5612567963301569,65.38460018296544,46.78055282137124,46.218986310313106,49.843634187765545
UTS,2113,0.5199571522922521,70.83035506102254,52.19655309018604,48.9662342757451,52.86830349307651
UTS,2114,0.49776449160204417,72.58011875783602,52.833046662830455,48.3965403970015,52.37141172894336
UTS,2115,0.5566971467966193,66.65301325620409,48.44469620637869,45.19555428697658,48.51272153555262
UTS,2116,0.5232523160133444,67.44575018680459,49.577151041534336,46.43433780890872,49.79759597717059
UTS,2117,0.583208001274086,71.50160956793088,51.9598395401587,46.065375455129654,49.37182962680551
UTS,2118,0.5543724748034511,73.85196089741542,53.746926858715184,47.43468268828252,51.13172329017665
UTS,2119,0.5203588633285252,70.22099688530469,51.78363275068569,47.210356902215814,50.16971913548634
UTS,2120,0.52850653923657,67.91873426864923,49.76697613075396,47.68415350617867,50.652151777964384
UTS,2121,0.6126940168979148,67.01819912422786,49.02135045941491,47.10218833121066,49.996032381373645
UTS,2122,0.48761717203893695,75.29285490340803,52.88372292985617,47.98391942832183,51.55952652420004
UTS,2123,0.5407076094588159,64.21211883757334,46.17652124195326,45.47679233475317,49.12254036529428
UTS,2124,0.5538522175597282,62.50757027952465,47.362038750876245,45.41587925801756,48.42771007336417
UTS,2125,0.4401229074576183,72.14434047887495,53.03813270922227,47.40323772483636,50.930389611163775
UTS,2126,0.5100267555588782,64.9320480839955,45.99155710789687,47.23887272564902,50.851419614829275
UTS,2127,0.5012772609088754,68.5939779523582,49.231412724097076,46.04511067681973,49.163346269191535
UTS,2128,0.5421213950769642,66.61089591242039,48.798854463649704,44.41817569570428,48.15873429578752
UTS,2129,0.5263918955955624,67.75354108873819,49.47752859126016,45.748237536644446,49.05006076302862
UTS,2130,0.5042268574534637,71.573989029216,51.35467298876608,46.561573206035874,49.78121043529056
UTS,2131,0.5178310592613646,69.28400140946253,50.320559814067046,47.218011121446196,50.599009951519946
UTS,2132,0.45677687109898735,70.6867619567599,50.66866883879979,51.561086949327816,55.50248538540338
UTS,2133,0.5651417354431689,65.80458076292788,47.09259482839641,44.7033949978494,48.18978606382678
UTS,2134,0.43194751882181925,71.43135120377742,51.40836992380208,47.85399901721424,50.86543872350177
UTS,2135,0.5334340143231919,64.12926128151757,46.50046531441132,45.844991914797625,49.403495971336206
UTS,2136,0.50888418478509,78.31856278159741,55.85546711223536,46.90978800751227,50.5583003703489
UTS,2137,0.39396113488958995,71.18282918648846,52.77714326524044,52.31629925049244,55.52389594495185
UTS,2138,0.5271913770364525,67.70890875733839,49.162828674264276,46.91523911469119,51.21799476538288
UTS,2139,0.5240156145645415,78.50157218350182,55.652323548783386,50.43443995900333,54.31727711424317
UTS,2140,0.5689565191378809,70.38062042427285,52.278158791508446,49.36828188479946,53.26404477089268
UTS,2141,0.5160506238560202,69.60339614371873,48.520615159165715,46.64792510106801,49.59433449969177
UTS,2142,0.5288414591749868,70.34446721933416,49.921841558125735,47.16874999921154,50.57958088619703
UTS,2143,0.5192033844893866,66.16167124509671,45.8059222500763,45.9010290578219,49.544553411866865
UTS,2144,0.48108281541382236,71.08979210706192,51.900597191928796,46.528288433259355,50.33747738412295
UTS,2145,0.52617371095524,61.48797464324103,45.6667041120445,44.16217103523274,47.12613251085781
UTS,2146,0.6305991168442375,58.766059546368695,43.528428882068226,44.70348163985228,47.658593213914806
UTS,2147,0.5049641615545847,66.15958201444795,47.86055408055831,45.98122924591495,48.74438876569594
UTS,2148,0.5710940766937594,75.31224325357756,53.088824320288964,48.38916754807956,51.7746985365872
UTS,2149,0.5317835887453095,68.1330982204952,50.4186119955159,48.30601034057486,51.763268313581705
UTS,2150,0.47390195040249183,81.5158242018616,58.02617552599785,52.14368842227668,54.91634193301808
UTS,2151,0.5160008402384075,76.877569367631,55.73264624523243,49.046670590674644,52.514939785480095
UTS,2152,0.5412310419063713,68.02166543368496,48.12256584001263,45.25802305984354,49.326368594546416
UTS,2153,0.4444173217399462,71.70749628757329,51.39650817106462,47.7662946756767,51.320449986112415
UTS,2154,0.5303742821707302,74.41779628888398,52.25798407110351,46.848892512229654,50.582089737303065
UTS,2155,0.5301624616121049,63.735754963751155,45.80752486340331,44.941561002040785,48.84889722832
UTS,2156,0.5916294539803776,68.96077265243464,50.01954598350743,45.11776500036875,48.82900136346763
UTS,2157,0.48121105509267204,65.94831986692687,47.455329160483494,48.29741814425351,51.55623746515193
UTS,2158,0.4899633867820822,80.42263805137648,55.3941999835842,50.033179485359625,53.723885226733316
UTS,2159,0.5120278512042882,70.26528125156645,51.2239197538728,49.40389291843275,52.862029411179435
UTS,2160,0.571708322168808,67.21477141822733,49.098509659909375,49.93350184857024,53.19468418176061
UTS,2161,0.47062873481873635,66.09811163191254,47.63733489786037,44.51709664387179,47.72382707795404
UTS,2162,0.6069780435045321,63.90668617285623,46.99791703708217,47.53004948518141,50.5624406742932
UTS,2163,0.539909406185556,68.80901372070775,50.108203283696135,47.41982849143139,51.60677715391636
UTS,2164,0.478441665202316,72.25591976577161,52.13203805922509,49.79134054964578,53.228186476229496
UTS,2165,0.4538601481912401,67.24381743252613,48.60969840339025,48.08646227874311,51.53443240014101
UTS,2166,0.530050848944288,69.68055856767515,49.90171055992622,48.472354698783526,52.13438714187983
UTS,2167,0.5032903822760897,70.66662962952279,50.6132694206716,48.44351094943644,51.98386629670369
UTS,2168,0.5222215260841468,74.11389319334192,53.936463840818206,48.48767348375711,52.01304211261279
UTS,2169,0.4706806191019156,80.95640053879453,58.937384927107786,51.272203165140795,54.99652745200771
UTS,2170,0.5484933255716882,65.66065853587322,48.76680671276396,46.54689550171861,50.30590498744559
UTS,2171,0.4969961023829421,74.81720557056964,54.77619126430253,49.64096154142509,52.87273045680822
UTS,2172,0.5173007127566289,77.59073860120073,56.9868244111497,49.839888457514874,52.980413447592404
UTS,2173,0.5800451705939085,66.8825575588454,48.641263416868746,46.0640724348526,49.275128788369415
UTS,2174,0.4516785846563778,81.74414734452931,57.7806514192761,50.48794596835953,53.83987905168938
UTS,2175,0.5723037611340014,60.17937950971632,43.60848886960466,44.065554797283404,47.78404194722595
UTS,2176,0.46162105309655577,71.70510626105866,51.6060148992275,50.15502186755936,54.36917213805367
UTS,2177,0.5413706451590157,66.09624379589444,46.19390101703088,44.96330272533788,48.601263888542306
UTS,2178,0.4862057710166745,78.00219353747912,56.363847875521934,50.2574601819874,54.33351611737099
UTS,2179,0.5475838554665269,65.41839575531972,47.9798063702443,45.57851982121365,49.10719200423346
UTS,2180,0.5159324531730429,70.4063354014329,50.66587120650236,47.738101508860204,51.065030952400576
UTS,2181,0.43565612195153725,72.34451099649034,53.07666227049099,48.65207918501354,52.099704789466834
UTS,2182,0.5825418348167843,63.628461399099876,45.23243282810157,43.11327297216727,46.13512815500689
UTS,2183,0.5011674763238534,67.15535831740173,46.835658953924856,46.26174118782567,49.61196960060253
UTS,2184,0.510330223603301,69.85648694667191,48.86965328937775,47.55534178393249,51.00931415032366
UTS,2185,0.48487442598805075,76.37390074123715,52.78503505777875,44.80616281876232,47.622887967765884
UTS,2186,0.4436233920293149,68.8798492407928,50.01161444954365,47.42467040608025,50.989698403827504
UTS,2187,0.5979348584184938,60.66741409911588,44.863902559751004,42.269330946211426,45.405274242225076
UTS,2188,0.5436939481142786,72.12514673748026,49.800031538095176,47.445129635245365,51.00031628651853
UTS,2189,0.478846470332295,73.12181914288064,53.86206669443542,49.974605559759496,53.57831122317725
UTS,2190,0.5343558016012977,69.84356486520755,51.29378802652798,49.55118683970682,53.123755975693165
UTS,2191,0.45017561830069885,73.39897452159353,52.54247641681105,47.08633482407355,50.265880371444815
UTS,2192,0.5610510145384995,65.30550935219058,48.89038661325054,47.56679474765198,50.650457275258134
UTS,2193,0.4533093978218966,71.92469540796623,51.537074165803816,52.53490627381741,56.15258032415874
UTS,2194,0.5319813885075712,66.4502384209988,49.12167764416468,46.63719717317153,49.5672735211538
UTS,2195,0.5081031818104272,73.44960628808796,51.18225850061895,49.74958682209407,53.63604921408428
UTS,2196,0.3833782800871671,66.7908536119666,48.01721771982365,47.79519862761015,50.84146317474544
UTS,2197,0.6204296777159696,68.52576455808143,52.78353992633574,47.400993165064456,50.16577471668808
UTS,2198,0.5010153740283847,75.95939990495803,54.440850589721286,47.54839253306237,50.70415583116351
UTS,2199,0.41669588835179383,65.9501054344331,47.01852530586548,51.108644235622,54.823424144488115
UTS,2200,0.42985234828071706,75.49410820501802,54.09316962810524,50.213290039984955,54.17658660920947
UTS,2201,0.4891637474326771,66.67806786888117,47.97570723240267,48.19679802274197,51.16979949401647
UTS,2202,0.5243996019186004,64.42925446342751,48.044288151530665,47.21340296085787,50.20963681478211
UTS,2203,0.5807613066215325,67.46735276632543,48.8746713420078,47.56068472192329,51.15633441984473
UTS,2204,0.49416879109497236,70.22794963131891,50.13689457268839,46.31148315091161,48.90851225341509
UTS,2205,0.45765271722326506,81.33630403971334,59.18079387468783,51.23349072142535,55.045869950398085
UTS,2206,0.4471224659742409,78.67746902895702,55.94566750981333,46.05158863309991,49.32282855444897
UTS,2207,0.42630889702155106,68.67244696752616,47.66152570485669,44.01490383450415,47.59324000186112
UTS,2208,0.5337380956951806,63.33430685621442,44.84942360523824,45.69089511424203,49.67266931385394
UTS,2209,0.5585649245402486,70.47488627117566,50.71740677116252,48.59824109145419,52.090542928752555
UTS,2210,0.43248375293365315,63.97670537991579,45.65682736593651,43.86329327282929,47.241345046545526
UTS,2211,0.4716716048627666,77.60491865638453,54.41997520032968,48.396880808078905,51.64064706316349
UTS,2212,0.5201297545772889,69.76834528126395,51.38437526514281,48.01489974118443,51.17351834397918
UTS,2213,0.5494889852341189,68.78635482186573,50.18607588550881,50.4190421769073,53.948496981382654
UTS,2214,0.565030894696076,64.47107747943686,45.4188123332663,43.27827210197047,45.892928902631986
UTS,2215,0.48138850667107436,67.31444333738487,48.728431027419305,46.78638585334876,50.247314568318764
UTS,2216,0.5036694024155879,75.97634843976144,53.72432476105104,48.795349611678645,52.50183276162223
UTS,2217,0.45061021651078226,69.3219724791363,49.20319281140062,48.36025155225758,51.63247023087264
UTS,2218,0.5410787808401336,64.56494284664684,46.50844921648281,46.898716859144315,50.274008802234725
UTS,2219,0.3788068921556038,72.03593996382577,51.49466010641223,50.17803587728922,53.116637003554295
UTS,2220,0.48962510317164754,70.38359069018406,49.98241002251542,48.43483326773473,52.006267070183114
UTS,2221,0.5248581079896184,70.57039042557439,49.948564512486065,44.20559475471874,47.70039017665651
UTS,2222,0.4821295166993502,69.33430727959541,49.53355908659044,47.04244387696974,49.411033991283674
UTS,2223,0.5810837850637841,65.21178955739575,48.342585554132995,48.61358966535862,52.08005167796355
UTS,2224,0.4462659929318934,73.58753578529401,52.36591694081142,49.053078256634286,52.25532221105389
UTS,2225,0.49633680169185346,67.8506668456277,49.84609045476513,47.465288205973486,51.068076425245536
UTS,2226,0.47734147061745935,74.26051717062528,52.4076850998975,47.920462267507595,50.782085205602485
UTS,2227,0.5187689969675231,70.56135481837842,50.63260110392994,47.64685560594043,51.49915381186556
UTS,2228,0.5287600578366383,71.1450750415024,50.93066099898076,47.90810685160224,51.27755115762389
UTS,2229,0.5682038293737472,66.55207952596524,46.25715064011282,44.088761555024334,47.57977201517426
UTS,2230,0.5772560247025382,68.2990611944867,49.220794007670825,44.46804070514197,48.238262932080694
UTS,2231,0.4837936304128825,68.58783996811631,49.66228969156869,46.85575659823327,50.62315513215175
UTS,2232,0.46301786516329646,71.06970126841499,50.24365128975721,47.06068190218406,51.01021045930398
UTS,2233,0.5116004501483673,70.9322537236033,50.14945780610941,46.839798235115204,50.159787961633576
UTS,2234,0.4715935504789758,76.48468909056419,55.24898562295418,51.91514449523636,55.61884999164902
UTS,2235,0.45528819837381374,74.23610595372985,52.02190012958855,45.571233012626195,48.84349603618989
UTS,2236,0.5073896744102753,61.0948811191215,44.45093357346339,47.48557933921981,50.700604792888186
UTS,2237,0.5494769429113129,71.50100853360183,52.494111533993554,47.42852164237391,50.508209284395306
UTS,2238,0.5058138240720025,74.1224888516671,53.58527509638733,47.7606773180022,50.98355574152331
UTS,2239,0.4222100232560455,63.37871510939388,46.56878533204812,42.5022937778608,45.8153373082109
UTS,2240,0.5664929024077249,74.4116746191881,53.177033025876405,44.918946868627025,48.288451917478106
UTS,2241,0.5161911971928301,68.73335055266932,49.477440620502215,50.78666409343818,54.3775242176723
UTS,2242,0.5006911729074363,73.88088845393877,54.91872874626737,51.02330732150527,54.19896531943605
UTS,2243,0.6241382101864084,64.50067564712978,45.51219414171359,42.682291985740434,45.49052347485666
UTS,2244,0.5789668420677756,58.17412806387285,40.96932732018569,43.262425656195084,46.853278280662785
UTS,2245,0.5082174877802902,69.46324183184329,48.339893544837054,45.35883398848303,49.759143380539484
UTS,2246,0.5093648108821813,71.36892905641463,52.905449617293485,53.91723852548417,57.59029217505862
UTS,2247,0.5873106194722288,64.91813151726546,46.56972337893215,45.95570082707468,50.16193484636509
UTS,2248,0.431024995656212,66.07575601416904,46.245381862805274,46.13092577054089,49.59709825518638
UTS,2249,0.5741309912597339,61.840021667293996,43.65759599683912,41.75905559905616,45.1736794773305
UTS,2250,0.5855987059877252,70.04240397853462,50.55109285461908,47.64820177887194,51.1064405043347
UTS,2251,0.46731096507760406,70.17911338134275,50.10004178647831,46.31414609324815,49.542894934503174
UTS,2252,0.49480913375091196,64.28997655981448,46.39745463676999,45.57532368111595,49.316872407697055
UTS,2253,0.5252587695314985,72.78403451369053,51.321108153591474,48.143322873462765,51.53539172674452
UTS,2254,0.5292579788253837,69.81546348299422,49.68091341336573,44.90368758163894,48.31670215184008
UTS,2255,0.5537174892863884,75.68033884206427,55.55831345928062,48.65957183067453,51.880893280435906
UTS,2256,0.5287503461121688,59.47658870368844,44.168308062029496,44.30454140691478,47.299435695422
UTS,2257,0.4843140103419139,78.50307584231253,56.320939605078756,50.54042095670652,53.345938182760186
UTS,2258,0.4918965668544134,78.99696776683831,55.737262792769585,49.83237606442759,53.322415697941686
UTS,2259,0.5267694234593461,69.50201192237195,51.98172058653734,48.377241799430315,51.422680834606396
UTS,2260,0.4828384951917576,71.3958707901972,49.53661050420473,48.063853456403244,52.26359966539658
UTS,2261,0.5501941784202717,75.80528204017895,55.54137847810677,50.0646366353146,53.4776256052269
UTS,2262,0.4202167587990365,73.96864583636413,53.36035482668007,48.41546112267885,52.144082090091246
UTS,2263,0.5171189560624141,64.04161137781956,44.4673023866748,44.729478896464016,48.008789058266125
UTS,2264,0.49284307999552024,69.52936793430658,50.18227321365453,47.309889777112495,51.25635028636733
UTS,2265,0.47810435279143726,63.869864500812376,47.75457939059519,45.89818820332745,49.13913323084155
UTS,2266,0.5518872546129954,68.2702837477895,50.16668093932543,48.484732383637315,51.80271715442115
UTS,2267,0.5125576265342708,66.39096736385022,48.29448649428685,44.902464284055135,47.98684915498983
UTS,2268,0.47026203601681205,80.00184419526025,57.99353124150869,49.7710226176369,52.9431154522095
UTS,2269,0.5162724132040546,67.19914834774411,49.763507055262615,47.26975271023832,49.91077169773673
UTS,2270,0.5802251694121555,72.01584991177155,54.20947821653948,48.24130246421798,51.733654776758875
UTS,2271,0.5557326014067572,70.1389398471361,50.91410857851485,45.32185029329912,48.312486230318505
UTS,2272,0.45955562199672995,74.95664900793787,51.21690099864316,49.52536730584203,52.96212602341347
UTS,2273,0.5090442276239194,71.62621951935718,53.26780378269585,51.9632337962098,55.219378446314565
UTS,2274,0.48371650173703484,73.67778119389615,53.07550896358019,48.35866942386351,51.615751107500074
UTS,2275,0.4784847244001633,76.54098276357335,54.88260873429877,52.81171736271778,56.89492304919409
UTS,2276,0.575308193993892,73.8618383609433,54.18359595377631,47.88146802979281,51.10239230799762
UTS,2277,0.5330537199070461,68.17902175387157,49.94084022430689,43.7728651183395,46.80471120770428
UTS,2278,0.5302648344002631,76.39906972462082,55.28036661050041,47.28717543386215,50.626586397831915
UTS,2279,0.5321993587339673,70.31113823929715,50.098108303811514,48.578532248206116,51.94967513907542
UTS,2280,0.4811033086687153,68.63178862068015,47.66164981462605,48.83863291975174,52.876379037332015
UTS,2281,0.5141483889854574,63.60377155478744,46.69970126756419,46.61060502519556,49.80476242827631
UTS,2282,0.5776042855583613,61.79791827437729,45.39258196023806,46.1413421814534,49.58624276888322
UTS,2283,0.5935161605628076,61.38872694067467,43.924493347560954,41.279334300875526,44.36293912561907
UTS,2284,0.5504394840725277,70.66950526646141,51.85646367164558,48.891473421762704,51.492483707513365
UTS,2285,0.5119938098715603,66.96391700599081,48.0168784787506,48.645362966415156,52.201947237516855
UTS,2286,0.5153310879140685,68.99068054485029,50.27268548996315,50.782647086054425,54.73157957779412
UTS,2287,0.5594912336280828,65.26204572230588,46.270225842548115,45.68080189763161,49.63834896990879
UTS,2288,0.5879741179365043,67.54968956939196,47.41967937632456,44.18673551533856,48.186073225929576
UTS,2289,0.6501767432839207,58.24632396555053,40.58636858381151,40.95266258820891,44.61016997323374
UTS,2290,0.5312626956763016,67.41886554970469,46.75061914548087,45.398867886480254,49.30679974789412
UTS,2291,0.5098741414562349,70.56221618357296,50.76280165853245,49.01922264081239,52.576546890938744
UTS,2292,0.4567223423510218,78.47640016835015,58.091097942266266,56.87782095878457,60.11625263756588
UTS,2293,0.5825164546722799,68.97272055438124,50.342522230605375,47.416861469089994,50.888001229848975
UTS,2294,0.518530015295432,62.074322487837186,45.27148380851733,46.74110239147926,49.70590620081685
UTS,2295,0.5384377341224814,64.42981007985134,48.33048206422608,47.886134779116354,50.7357010976181
UTS,2296,0.5227917263653916,65.34667427016517,46.45373662293837,45.67809998343069,48.992754506958434
UTS,2297,0.5657042461191041,66.30132791495687,48.29153826604185,46.58053187864349,50.11257452636826
UTS,2298,0.45476148414324447,67.88741033822227,48.5161384015807,48.57217509213017,51.879385465116016
UTS,2299,0.4580657553130899,68.52196283100498,48.151104320848724,44.389687631451416,47.63986315353549
UTS,2300,0.5356158957139449,68.44786080109098,49.577169147280046,45.93028259870069,49.034847444737984
UTS,2301,0.4292282089617856,74.2438956495386,52.22098419827326,45.905883203564855,49.029594404336315
UTS,2302,0.5368599646880745,70.21244192205783,50.861221587895436,48.297910665989576,52.27639001938457
UTS,2303,0.5466297457003572,69.4491401445901,50.48128667988407,50.607904663285176,54.36245107852375
UTS,2304,0.510325897887091,74.41451349092084,52.25122088298775,50.282836322687324,53.341401944352896
UTS,2305,0.5446027789440214,68.912736573827,49.8055206347847,49.32340913878443,53.0526059302345
UTS,2306,0.638617943161931,71.8627102454194,52.814722276354395,45.582789823206994,49.38083723231086
UTS,2307,0.5896829893618402,71.15536873132515,51.67383577990137,43.77181044171909,47.21503490835011
UTS,2308,0.48243977605857813,72.69054315954637,52.60960902778239,46.943661784079296,50.1612666525568
UTS,2309,0.65892261835204,65.71679009821752,49.807405505621446,44.42377031409798,47.77347824624563
UTS,2310,0.5889206746551129,61.47555117342417,44.3799376308753,43.22385631910632,46.63100987456865
UTS,2311,0.552242317914588,75.69183312886226,53.70976382470812,45.96326899896204,49.270746471904985
UTS,2312,0.5759106566839198,69.96151953775404,50.36589374963458,46.23816103934742,49.97111876944008
UTS,2313,0.5594805226195853,66.44472246279558,50.10469619273711,47.89579726705735,51.14795844655043
UTS,2314,0.5839848565431864,60.52774275970168,45.624362248387705,44.04387821830758,46.92523517053456
UTS,2315,0.581213164442445,56.15773340467094,42.12882644069243,42.72193173823948,45.61172326131397
UTS,2316,0.5646686439414623,67.2088489468267,48.33906623929571,46.35602019781596,48.79764857006635
UTS,2317,0.405384015633112,82.94278632299253,59.934492499573466,52.234966378207176,55.55553628344171
UTS,2318,0.5738682506592332,70.22552799373844,52.58629365515028,46.40541245438464,49.7160131812855
UTS,2319,0.5464751256146945,63.619729215260975,47.450267199624,47.56605710819158,50.759977073744615
UTS,2320,0.5630048100604004,67.61470458935626,48.190295408407664,47.07210227967901,49.98382526912623
UTS,2321,0.48899907797061126,74.40825285650381,51.08182478253416,49.840532386350056,53.55054540746345
UTS,2322,0.5047989234311017,67.51615961064311,49.00076323926469,46.88642197776224,49.46183444373508
UTS,2323,0.4907878822606887,68.50719203044017,48.592383524613254,48.54992890327932,52.51035035220524
UTS,2324,0.4752825317999648,77.52582874710956,54.6747835888176,50.52416589484739,54.60966648978958
UTS,2325,0.5779793998908871,67.13466443593282,47.699764203128744,42.82843771435655,46.123203273527245
UTS,2326,0.4216572070715221,67.0240548614009,47.17767961380759,48.73603772021829,52.711140439731984
UTS,2327,0.5021472493987384,71.00329651738403,49.15499887320626,44.97977973286304,48.531724085279244
UTS,2328,0.4901945754243153,68.96985674891904,49.87302093762829,48.77941458928445,51.84987901519871
UTS,2329,0.5710080262723332,70.85413749277166,51.536510784707886,48.17549593985477,52.097368388385114
UTS,2330,0.5181314325130146,76.16978079632351,54.3868124737199,46.44570554438186,50.55037068180437
UTS,2331,0.5014620888069985,73.2626176904995,54.768103757522326,48.161064745529245,50.90241926334092
UTS,2332,0.4617954406743229,68.34326750602452,49.14186207657618,49.35895998504435,53.03528889346335
UTS,2333,0.48851465538856087,71.27642621392567,49.36523609853247,46.54535843947189,49.72581654297145
UTS,2334,0.5275110189197454,69.34505719569869,50.00193935902505,45.429287975236086,48.55669600944229
UTS,2335,0.487542856923998,68.43672158631936,50.17140297229212,48.01396975527956,50.97530469005822
UTS,2336,0.5790509125898321,68.52062525791537,48.65261216595173,46.42245386781414,50.331834869268334
UTS,2337,0.4927150430272632,69.89741823671895,50.66879523434783,45.424871407025286,48.98652714606958
UTS,2338,0.5716391490621258,66.05491825945002,46.88172419740553,46.27069536852798,50.001906300980565
UTS,2339,0.45890605031184795,74.15893912762971,51.73188084323348,45.7168011585647,48.93664334255369
UTS,2340,0.48369259176507096,73.4139324047029,50.70244153780271,49.48547018359822,53.043469564837864
UTS,2341,0.5162477814319821,75.6339926355277,52.80237687795778,47.10631239915497,50.5297116870781
UTS,2342,0.5069981591905957,72.79766657816741,53.932160325574195,46.983741236504855,50.43425365136988
UTS,2343,0.5298380810689272,69.84010326381471,49.345489715660015,50.854160417075725,55.13171173920837
UTS,2344,0.5393799737730633,71.15668479605728,50.66257587493861,47.5023211332627,51.06592848392344
UTS,2345,0.47484770011600497,67.36263361633178,48.34035765295899,48.69959913779506,52.19380301835979
UTS,2346,0.5351264720182933,63.948704443557766,47.05104131415744,44.80848989168666,47.695952797634604
UTS,2347,0.49461398772844245,72.12608491258823,50.89290068664187,47.40302184822661,51.44991013563596
UTS,2348,0.5166411275040987,68.38334783703505,48.61321882351414,44.71509322544868,47.19855952127179
UTS,2349,0.47986906378776384,66.55897944744834,46.404544180258405,44.449227694180365,47.792265286976985
UTS,2350,0.44761150767201185,81.99601112505141,59.354776808841876,51.255486159323084,54.412998953983426
UTS,2351,0.5322533791880368,73.83599370552969,53.40448317297559,50.226253969446425,55.18617362469133
UTS,2352,0.6061331754952386,64.35474110096183,45.83202807861846,42.73600959160027,46.141036684732114
UTS,2353,0.4735666105347023,68.12033190916915,49.78360315365307,45.10096342728626,48.146212033740774
UTS,2354,0.5796269833574541,72.43563894694306,51.212204807614974,44.62722185889277,48.59814470816979
UTS,2355,0.5778149026298649,65.99897711592612,48.086625694009946,43.14866418367172,45.83121973653868
UTS,2356,0.5557709306430147,66.65225909956376,46.61264541887206,44.03203674506069,48.030623778767435
UTS,2357,0.5907365156719042,67.62067891366317,46.87139008634517,44.74266231742422,47.6268301586415
UTS,2358,0.5767101399402079,66.2631986191188,46.88828399234417,45.18703060858131,48.79139508248165
UTS,2359,0.5002935814191773,72.13646690655376,52.96066964840234,48.52662169681654,52.284694656514
UTS,2360,0.5316812714767107,68.97619273823567,49.63555958305671,46.98226888058944,50.65557620844605
UTS,2361,0.5436278527404106,63.89077952491169,45.865393299227975,42.83236491876926,46.16870743767841
UTS,2362,0.569843639808717,61.110416241751004,43.806087090949,42.20341499227374,45.818819301525636
UTS,2363,0.553668761922534,61.843292826559875,45.24124314579815,45.87319126892338,49.05820276780514
UTS,2364,0.5262445402302383,67.3925318495415,48.49136527187404,46.68673253101027,50.513777410553764
UTS,2365,0.555515086628134,70.54085980865523,52.14054297628403,47.88551793375356,51.307379794536416
UTS,2366,0.49464093381017715,63.92633084817555,46.28123612283898,48.14769241388018,51.11439492306693
UTS,2367,0.5197140319400007,71.11217239048531,49.76074989466153,48.82595995885653,52.477354286430845
UTS,2368,0.4970854459457652,63.03561882626548,46.79225309876113,46.34965308558492,49.23362942920995
UTS,2369,0.5628125247028632,71.1000646110224,51.50157439989429,50.1137194596339,53.794463801665934
UTS,2370,0.5535856416194864,62.32264119197933,46.81291802525439,47.185056015954785,50.74639831251267
UTS,2371,0.4438282538945657,72.75352111278866,51.18982042364321,50.000752688439775,53.46288551701581
UTS,2372,0.5972844980805788,64.11380046391129,46.2440288852815,43.467534740990274,47.4411292821727
UTS,2373,0.499701707395505,71.42253682782618,50.731985231755374,46.65973761102613,50.56927779014768
UTS,2374,0.4120338200821474,70.3732154679205,49.992712456527315,50.63843762130507,54.56834048930954
UTS,2375,0.5236905888658292,76.05027966107505,55.112191762975826,50.69343874793421,54.39914379452055
UTS,2376,0.557943357694271,67.62779050583246,48.462731662989114,45.390353715748724,48.89670552531582
UTS,2377,0.5079032913328074,65.75599369729483,48.28321854010449,45.458967711130384,48.856020881180285
UTS,2378,0.5164665449868315,60.13867198617091,43.94424905412588,47.48531233050115,51.16778491776867
UTS,2379,0.4724237597615979,68.53115622920454,50.042165866171224,48.091014500277836,51.70919956980746
UTS,2380,0.5675354180138568,68.35497875473142,49.30225955254059,47.481833316632155,50.716931413754345
UTS,2381,0.5495885676601725,68.05216544267941,50.34343005803792,49.089867626825765,52.38315138612737
UTS,2382,0.5199880355592023,66.60315883108719,48.05243346905627,47.73083608136909,50.66569233699436
UTS,2383,0.5641614305178471,71.90495525675044,49.63138962028793,47.01051183777467,50.30662534770007
UTS,2384,0.48467110019478343,75.32900110475477,52.04370921350974,45.57634218603728,48.5053786772994
UTS,2385,0.518621421959617,65.51379860005122,46.74853825706557,46.03871031447967,49.908931165633796
UTS,2386,0.5289486083322619,64.15165925663203,46.454998738823114,47.60898503096239,51.627771523122505
UTS,2387,0.4164543653177599,72.2478636070477,52.69022160660317,52.01855149040604,55.64524201054178
UTS,2388,0.5280854273229487,79.14534502912161,56.30686245433732,49.13492463431559,52.62049844462228
UTS,2389,0.5340531622868299,75.00807995130172,53.369596841468656,47.79461245071622,50.87745474302892
UTS,2390,0.4852898579121864,68.42801823241388,48.88509159872657,47.27452127041628,51.639818365580275
UTS,2391,0.4905464780536374,68.14127859393066,48.70726043110272,45.584756554702246,48.94059176131713
UTS,2392,0.5708437227079339,59.2813706449699,43.573937102517725,45.04475589676642,48.086553239271865
UTS,2393,0.5123987724573553,71.06583379157524,50.81110434615242,49.153550123066545,52.80496285384151
UTS,2394,0.5080399809601314,68.79854941032096,49.818237703606634,47.53563169385019,50.96844982809768
UTS,2395,0.4530412791439604,64.30701331118935,45.80536390823076,47.73657626042645,51.25246837211484
UTS,2396,0.5282996655412002,73.7660395188174,51.75525838400378,47.25868992763106,50.944694219038624
UTS,2397,0.45260640854996304,79.42622552091052,57.18438309421742,50.90571356331773,54.2588528443742
UTS,2398,0.5227980858689474,60.04568285646732,44.7179186465688,44.59838769288307,47.96933403241744
UTS,2399,0.38743203359045464,75.38908500551823,52.943547170922265,50.76358526271138,54.6549675211818
UTS,2400,0.5302429993888002,64.9389115292887,45.89363716075165,44.96359268696759,48.33085322038199
UTS,2401,0.5475941711374979,65.73061410716589,48.813377168973226,45.32395444923111,48.9922098339296
UTS,2402,0.5168364183831471,72.44975426368394,51.85955130131008,47.07511348698441,50.328055780372644
UTS,2403,0.48339907980735586,75.84687665906746,52.15512966966258,45.882703503727065,49.21916946595462
UTS,2404,0.5468711772591751,69.95953189611248,50.10039389631805,46.22060825361447,49.47326956078865
UTS,2405,0.5072941785184312,67.31252139518078,47.811262152000936,46.25546213228296,50.23780699222671
UTS,2406,0.6091269123992684,58.19033110063349,41.107436137711,41.832003565465776,44.80291186531989
UTS,2407,0.564487576350795,67.78038743821992,47.21849726769289,46.47368890627776,50.077231287671715
UTS,2408,0.531318639027227,70.76414421540021,51.59416615092858,48.04855164160241,51.04612240439758
UTS,2409,0.453941530936703,79.99048272936676,56.240271154153106,49.4859282407141,53.43375845710203
UTS,2410,0.43233319808252124,74.90936114850702,53.48392901225298,51.61388068130056,56.045188643913306
UTS,2411,0.49875227996661575,71.72396220862966,50.32588015896135,45.179975332933765,48.220970093883246
UTS,2412,0.5506000008368648,62.16752288074249,46.08775308716548,47.8419246246282,51.98107095522475
UTS,2413,0.6063929943491855,68.77752166155166,51.55439072899063,48.68203465004368,51.988300925648986
UTS,2414,0.553277622259763,63.31347694818123,45.15078434591511,43.27448358963111,47.24546845253677
UTS,2415,0.5203722275739324,69.21048632895142,50.8805854247989,46.880077088158544,50.31216950915363
UTS,2416,0.5608597633931491,64.28593941364402,48.329037536693455,45.7650100255122,49.256035639644885
UTS,2417,0.5775406768214166,58.24559991225552,42.87185951257468,44.530383448995124,46.58601295781109
UTS,2418,0.6749514835786816,64.28206237402827,47.99912242867621,47.07815125852785,49.841543957927904
UTS,2419,0.508047397660812,69.72030933905833,50.416644023205635,49.613534636112654,53.803139897397024
UTS,2420,0.5531489279877099,69.53256600527718,49.64986660120459,46.18358461490918,49.420418765086026
UTS,2421,0.525293679100413,72.98707905237933,53.445300669799224,48.84292385037022,52.79225413216271
UTS,2422,0.5321139115121414,77.36605782877365,53.980883402259664,48.1008040373175,52.372233403283694
UTS,2423,0.5328910845200641,78.0750254665906,55.482973915023756,47.34208547017334,50.769774907338196
UTS,2424,0.44037471226488323,68.44108014846546,46.66169177654659,48.053440795438625,52.16986055856122
UTS,2425,0.4643958524148689,64.28351493996684,46.475760255339175,46.16543207350585,49.640891191335676
UTS,2426,0.4644319209707154,68.5282194879015,49.22617740830239,49.416410485648974,53.19621687845
UTS,2427,0.4812621221047283,67.37556682469119,49.38599686725387,45.665293606885704,48.625669191905594
UTS,2428,0.494843948480976,69.18960586033346,50.43411269203813,47.35827873542809,50.761456361683784
UTS,2429,0.4839227417085641,74.20279222373878,52.8862171566841,47.51625562906816,51.19534286849661
UTS,2430,0.4494859164628726,67.37373726400746,48.07342809770403,46.61484875081954,50.23503763686537
UTS,2431,0.5403443647910479,68.59684008602467,48.23612749387914,47.839478478010065,51.30644655234787
UTS,2432,0.5504632936016288,65.16114766815835,47.27129882613547,44.587254135284056,47.819820628898974
UTS,2433,0.5593802664114127,69.91953135043353,51.70472022371298,48.26842889476801,51.65296930785706
UTS,2434,0.4997685969221929,75.79110662293745,53.356033365276616,49.47187886793029,52.76117943520727
UTS,2435,0.45916443359033576,71.63962858723191,53.012268499231205,49.42851988461416,52.8494854018926
UTS,2436,0.5509364542415052,70.7369345317773,50.873593412195696,47.581977504552405,50.85730407282731
UTS,2437,0.5710378707994597,76.1054959653888,56.60680841264304,47.70667610788099,51.66224749738451
UTS,2438,0.519408322670558,74.00271389487014,53.70332974932212,46.974988479420844,50.30298043157381
UTS,2439,0.6088831011174769,72.33296627071213,53.14957979815263,46.75311876094066,50.30841294513915
UTS,2440,0.4754008526143404,81.81973429932404,56.572459428342604,48.89861026391309,52.65788813745373
UTS,2441,0.5491755944868595,70.70112546635579,51.781832000309244,47.440514988271715,50.87284595627036
UTS,2442,0.43454621910490987,62.18234487271882,46.33613023862036,45.65500046579397,48.54751204104053
UTS,2443,0.5326324239706824,68.80821089414619,49.15382826322709,46.951207847029444,49.74493638972903
UTS,2444,0.5410644871830701,62.34142020862415,47.06125788310018,44.42639726212448,47.2669521784324
UTS,2445,0.5715475369033478,65.17065764414528,48.03083009153762,44.77166787313979,48.03137832049129
UTS,2446,0.5499231840822691,66.22162834236524,47.9805893183981,47.27148176997136,51.537209541393125
UTS,2447,0.5113590322355461,69.50188047631717,50.46673698572692,49.12631848650199,52.232391947419295
UTS,2448,0.5030720707079899,65.27759650833832,46.54844269764699,43.68238447297758,47.49059417867472
UTS,2449,0.4813427220660119,72.72950955767224,52.12268167865978,47.36450747749436,50.8908244303646
UTS,2450,0.5350654297816124,64.86414444877903,48.82534090349156,48.50040115289445,51.51386560848733
UTS,2451,0.4196607304213006,81.12881442768838,56.3017409423939,49.98301993404042,54.411422996910645
UTS,2452,0.5827703156647579,68.5017613981092,50.41144282113148,48.07023628767254,51.22950381383022
UTS,2453,0.5295289577647754,72.73490794217876,52.24712310567717,47.00019439434412,51.00898118577823
UTS,2454,0.5017389019695307,75.23352322149134,54.02413603601381,48.23277669970349,51.584741367159566
UTS,2455,0.48843640412296485,68.65780835037026,47.96574810857764,47.727525232300835,51.52553463020592
UTS,2456,0.49631460579940523,68.3790583222798,48.40159031616617,46.36891006277048,49.65002392400213
UTS,2457,0.6569280770731878,66.47321112113012,49.0288888335887,42.56856532790274,46.62195754247559
UTS,2458,0.5691108196247092,67.69357645710767,49.29544721476651,43.09424291400943,46.70484657236045
UTS,2459,0.5926098741436603,62.52868756986565,45.937764361674006,43.1676654883323,45.69325918519789
UTS,2460,0.6306733336263373,55.78570490782835,42.56463440732937,44.81482743786377,47.58895368202896
UTS,2461,0.541627058825398,67.96409938307572,48.48538627824241,46.73067595918076,49.88667582835334
UTS,2462,0.4941429373873889,74.64480938035932,52.53417150869176,47.01680374966282,51.03978287255654
UTS,2463,0.5075067075712256,65.74764943234176,46.6615000270506,46.215142523305126,50.191343143568496
UTS,2464,0.4718295616401367,69.84612975136905,49.0508671087573,47.15985843143286,51.189498368687325
UTS,2465,0.6032512441937774,63.025080510378075,45.70181289617804,43.01483138054715,45.54428356613672
UTS,2466,0.49626489098343574,72.22085201361763,50.8969510192205,47.18240041737927,50.79179280754791
UTS,2467,0.5884450209987961,69.77749543415446,51.62873714198899,46.150045283317525,48.77140460319595
UTS,2468,0.45403389943928973,70.09049694319168,51.00538390596088,51.422499989160535,55.082172480788444
UTS,2469,0.5340846957931573,72.8516638389799,53.05080982396025,48.41159305945467,51.82172723697372
UTS,2470,0.5031508324349903,73.73938626156334,52.49314772974011,47.796345133056796,50.43822994564412
UTS,2471,0.501885711764007,77.44865859333972,55.44141170023408,50.917345516140415,54.05592678348199
UTS,2472,0.5243816625866384,71.00341019524747,51.17995342158717,49.49824764921032,53.075421907188144
UTS,2473,0.5595193272307627,65.33408610979455,48.51578080801942,44.972498867055165,48.36799530731885
UTS,2474,0.4892131175390594,69.69503529782523,50.41506451685174,47.50310588848612,50.7303492888486
UTS,2475,0.5571580350733447,69.83385438636408,51.157190761959946,47.16932774671752,50.76237685102691
UTS,2476,0.47668711680020204,73.78597310384866,52.978544777763794,49.33003073255537,52.4786291728975
UTS,2477,0.4058015921798551,80.91320691159251,56.4969886458109,50.35031066537519,54.17898403643431
UTS,2478,0.5351047321815121,63.90055789847111,46.12332468044451,41.114068439644825,44.15193377318222
UTS,2479,0.5464668169997778,73.54391453993513,52.91512677109563,48.3169820586991,52.04654173475556
UTS,2480,0.5299150803672364,70.58955112295911,50.28101776850822,49.24466309771269,52.72834487116825
UTS,2481,0.6099432759342793,61.66703080753948,46.63344630978346,45.02333465710795,48.09629215252252
UTS,2482,0.5227042084607453,69.34077945972832,49.60426849849462,47.275336311060514,50.19006038809045
UTS,2483,0.5691360505471741,66.56283320671731,47.113045847225344,45.03096868786818,48.8140708000998
UTS,2484,0.6589180079196901,58.920856796130415,43.96772633579239,43.8927417947601,46.23848224321278
UTS,2485,0.48079084647690407,67.84714466122266,48.96116837175604,45.87346193774857,49.63003952283606
UTS,2486,0.6124990900713904,66.50402677228868,50.40293621790088,45.82013163381259,49.065634211821255
UTS,2487,0.5181696665008906,69.33597910636706,49.85451493085769,44.47176560636671,47.71913005222269
UTS,2488,0.613525349678188,64.46465869074268,46.45909057231967,43.61009168310684,47.227570766567815
UTS,2489,0.43565056023997684,77.67256782494042,57.90064228444693,51.96135444285912,55.73977668962895
UTS,2490,0.6123213194611044,69.79538999087254,51.28359982853044,47.30043959348462,50.81318716041622
UTS,2491,0.5476525434437891,65.74226962390786,47.583662247653095,48.36834591233879,52.06576149456981
UTS,2492,0.5168961914923486,59.0537041950586,44.33388730159256,42.50056547366962,44.98488074356384
UTS,2493,0.46140695502571505,67.38214205760967,49.091238945477265,45.65651174096426,48.973287005656665
UTS,2494,0.5701688826501892,62.2929280180665,45.59322154840284,43.19314062609516,46.8416901003262
UTS,2495,0.5659022029900311,66.70289694980515,48.653432105604175,45.5533066092401,48.52503776196261
UTS,2496,0.4936870450255896,66.56242240045911,47.419298906513916,48.588801873497495,51.95475809645845
UTS,2497,0.570966998956348,60.34490219409746,44.910257094493055,42.572967888917354,45.98248339208046
UTS,2498,0.6350811988961198,64.57373953934108,48.347166876938374,46.375281005442226,49.53049897654685
UTS,2499,0.5769036466084612,68.70672753281237,49.822546009444885,43.27441108454628,47.01923486857664
UTS,2500,0.4150551674308093,76.6037415600556,54.206344702535084,47.148938320659184,51.01363012482053
UTS,2501,0.5692623026255011,68.66217416933685,50.02120354663752,47.08791968780845,50.09438589982746
UTS,2502,0.5092014888498939,68.41080666301562,49.721681669193934,50.11993787477409,53.615235523282955
UTS,2503,0.5653048703778395,66.34540407100936,48.327507512266536,47.80923971754254,51.28408177760238
UTS,2504,0.513649540441818,75.36446438207197,54.31793312545198,50.46426481946421,54.18310110632261
UTS,2505,0.5007935139616504,72.16694672642362,52.69023328087934,46.21148079763249,50.237519410522225
UTS,2506,0.5322349477334833,62.280921128891606,43.65640182787918,43.87046393496927,46.79971560132198
UTS,2507,0.4354992472339059,69.25051576659764,49.77098286586682,44.58355719391012,47.97806869841657
UTS,2508,0.48108248725551206,71.73883292179138,49.9420561146712,49.36049569798235,53.53070910986278
UTS,2509,0.514451141107142,59.750410492001315,43.95136378611136,42.921234479080404,45.837308929406994
UTS,2510,0.6104699564263161,71.54837228673556,53.77936674796436,47.78769715325332,51.66264325977085
UTS,2511,0.5151741862380748,74.09775343820131,53.431475307897195,45.50194094033511,48.611967302407116
UTS,2512,0.5484580734063822,68.56893280084243,51.365976018871244,46.95116213598917,50.30952241469251
UTS,2513,0.46276200064365924,77.87667366807156,53.7949156134741,48.50197962862681,51.57731146710407
UTS,2514,0.5112997043134585,69.52670918236274,48.43967648058992,47.56092302235977,51.72054304086745
UTS,2515,0.4967052857200732,71.0918199609126,49.720491232232185,49.06920701371304,53.00404436957936
UTS,2516,0.5818115643425592,70.58697316432823,51.1354878541118,46.89881851172057,49.99000983978927
UTS,2517,0.46278790861927,74.78294739522421,52.26744681002091,45.50608744189053,48.75906652200964
UTS,2518,0.4816257501473711,74.55138382330435,52.95943898508059,48.04868574387579,52.15067754053654
UTS,2519,0.4556833979705458,67.97012453752893,48.54670723579362,50.46146887686486,54.00741520167636
UTS,2520,0.45665689374722807,69.0660102083735,50.91753581355695,46.888689845105056,49.762652192801724
UTS,2521,0.4567969270198394,81.8620914072369,57.09702005506903,50.53685246873485,54.76734201501465
UTS,2522,0.5125961761156166,69.56179605324348,49.839166612565215,45.863836686636304,48.9253486107287
UTS,2523,0.48701467956597744,67.9780440723576,50.39087123438243,47.561330230125236,51.51721478477962
UTS,2524,0.47419648366645983,70.73111609486205,51.92517695578499,48.59163406986337,52.43024657268328
UTS,2525,0.5422182090962493,73.83355414625957,53.242183703153785,49.241603380347854,51.996878817197256
UTS,2526,0.512602859771818,64.04774482534643,46.51727210995516,46.02959228163177,50.25373943904287
UTS,2527,0.4759372721985857,70.9376227100698,50.740084920282776,49.707583573930194,53.21389525305274
UTS,2528,0.5281211023845767,72.12510621297572,51.20956772421594,46.62006975326986,50.39994377032399
UTS,2529,0.5315519341626498,63.55514725405786,46.14089650783736,45.0462587992596,48.473456997894004
UTS,2530,0.5019169884767118,66.88717135967168,47.38907412272737,48.890920258362286,53.081506286314806
UTS,2531,0.5406269091167566,66.89699400079213,47.39825077960598,44.7927565287699,47.756151674886276
UTS,2532,0.5430911291639495,62.94963109691227,45.43015732807552,44.9098187610861,48.18201119700477
UTS,2533,0.5241609916623102,68.70091176605392,49.60395042116432,49.36065546313115,52.85803088492088
UTS,2534,0.5741495097824612,71.6049055112931,51.39468585642957,47.2654052025717,50.94191779961084
UTS,2535,0.5504507481969687,69.17115481898063,49.33112077824976,47.5637535278053,51.338094554191954
UTS,2536,0.5756379065651396,73.81390902609803,53.86601145418976,46.47025341316658,49.82538475873761
UTS,2537,0.47161143958805474,73.57367153469953,53.629947676067744,51.052198372821024,55.570745172818654
UTS,2538,0.4583724506321213,77.25411082509835,54.214485643493234,50.501456736086205,54.050264687811094
UTS,2539,0.5235891449366954,71.99745518224842,52.47861437696161,49.153773305993134,52.314132864395226
UTS,2540,0.4738712845857922,76.18009027709189,56.53641756957902,52.11466302366404,55.63731967577348
UTS,2541,0.5127695028352046,69.84516383708625,48.55729005658135,44.7411166879373,48.30046606090259
UTS,2542,0.5013504378019265,68.34942097561351,50.13257125435001,46.151848718774005,49.896921034520545
UTS,2543,0.5176416478354132,76.98183518138522,54.874776910053924,49.20054800347833,52.90426852806347
UTS,2544,0.4912703648150948,70.37994551674244,50.55775994677135,47.7712416486529,51.32239422852863
UTS,2545,0.5654736322925966,74.03729281782233,54.92011122301453,49.203923830032004,52.33635346198007
UTS,2546,0.4617733280078935,72.15825464648535,49.85221014851463,48.573445390519055,52.580803267871886
UTS,2547,0.4444011693886102,72.20816639438354,52.447699208105476,46.258211148413366,49.52266953662623
UTS,2548,0.5109836219339892,68.56746376217913,49.26213649936687,48.56186458741196,52.219549951375
UTS,2549,0.5335492181277246,69.52890594504584,51.260376830806635,50.055986421251326,53.34875443294861
UTS,2550,0.5359169476784902,69.65389936582615,50.01075306997352,44.5998679470922,47.720611121500816
UTS,2551,0.5621548903001976,62.665962510901906,46.19601896778344,46.52970060146303,50.28371450224974
UTS,2552,0.5274541089663335,63.328243778019804,45.86771366230515,45.468063271291655,49.05173499453214
UTS,2553,0.43534603791463145,73.25380847489855,51.24563655387828,49.50120930898023,53.777846252675246
UTS,2554,0.4927515393169747,68.6113925985404,50.561229770371575,48.92459298730227,52.065350370752334
UTS,2555,0.5169240944986719,62.731019396242225,45.70477302315127,45.551621060099706,48.64610076367022
UTS,2556,0.5338678335563304,64.82439127145068,46.29819360143812,46.86890776395437,50.79364317721209
UTS,2557,0.5159035333145043,58.90708895005147,44.00466498756593,44.50239299133183,47.54915323521265
UTS,2558,0.4471045055870979,71.64885639989735,52.17380394046547,51.54349614083421,54.981393010817534
UTS,2559,0.5611830603266728,61.9464585312703,45.5161302513113,44.1207766783414,48.07048187803997
UTS,2560,0.5320307342044288,68.43518682549066,50.50597501843715,48.44758753589272,51.69871605013758
UTS,2561,0.5486750856978948,64.13427853264413,45.584651957484134,41.87843202886525,45.1253381391192
UTS,2562,0.507920409985755,73.394270402372,52.88779036335207,45.75326346755675,48.70886755488026
UTS,2563,0.5482877374556077,70.7519669998147,50.441507443137304,47.36002132752332,50.84057033887843
UTS,2564,0.39103925758424873,70.79203025642897,51.215039367502335,49.7606405140453,52.95247930690386
UTS,2565,0.4411347457662881,73.17734136880017,52.557724765366444,51.09846756239587,55.31475825175642
UTS,2566,0.5086595608612776,72.58632519721286,52.29406596687408,44.341517245174,47.71301303609637
UTS,2567,0.47267866088844324,69.613536763047,50.621840114202186,46.212054220673984,49.33942926814537
UTS,2568,0.5079668685827161,73.9747970019263,54.2532056314918,49.419622211198885,52.26004307901043
UTS,2569,0.4745265494701403,66.58598344130228,47.10832706197707,44.8317576779415,47.92493099862101
UTS,2570,0.5309415384732573,67.14119697086785,48.97872687040535,48.29812464151685,52.01985936915855
UTS,2571,0.5039918575847501,59.31099349943974,43.46439799982902,45.41683242599399,47.86284145530188
UTS,2572,0.44750812833489706,75.10399795368483,52.43168197007877,50.00477261958039,53.45879956945072
UTS,2573,0.5269338328610973,64.35139519743747,45.87185115333315,47.97340675756129,52.14591430552514
UTS,2574,0.5756651887675024,63.46660446345005,45.81922838614712,44.79232334124652,47.54020581618224
UTS,2575,0.5054015588531302,71.63205593642094,50.3788644675272,47.72158114185774,50.90128887557374
UTS,2576,0.5561417034091883,67.93447023274324,50.09971749420325,47.21268512056584,50.670457619636295
UTS,2577,0.4491460647184006,70.2108361919176,51.02384009699219,46.086730251200656,49.399309412991926
UTS,2578,0.5730053740313645,69.35223311451132,50.01712887874879,46.461457640811645,49.99579191376211
UTS,2579,0.6080412261500454,63.289876790247725,46.114257557189816,44.397073122350406,47.82049283270969
UTS,2580,0.4971130672573588,75.81841951611776,53.74629560295456,49.73622415454556,53.859993732115974
UTS,2581,0.40781617074381504,79.85302698513472,56.199330270662124,51.480705609047924,54.81137725369518
UTS,2582,0.4478619483600723,71.61408412612386,51.75559927878217,49.21325249967463,53.65751243337404
UTS,2583,0.4791165751371962,68.31305083654384,50.16831985956343,51.77536539461431,56.09078849712235
UTS,2584,0.5041399278608703,75.11421370784217,54.30806709317456,47.357296060048384,51.220317742255055
UTS,2585,0.4696022916898239,72.95239980691282,52.107146126490136,49.055629101886055,52.576424146010595
UTS,2586,0.5333892931774353,70.07538481064331,48.842141776113856,42.777367504572894,45.97422054306328
UTS,2587,0.5300871568589678,69.50020471076661,48.86185238395807,49.94599050450272,53.30863304452883
UTS,2588,0.5636733153513301,64.66412540915047,46.215014660443245,44.3251021225529,47.954391853789836
UTS,2589,0.4236799765353436,75.18967844695833,52.555749973944096,48.616622115835604,52.11516745762739
UTS,2590,0.5646002957520775,69.22048959310784,50.88966090710774,44.53952440430427,47.690819181043324
UTS,2591,0.46129983511444783,75.50962342577195,54.55305029465473,51.71132221720419,55.10747506992266
UTS,2592,0.4676763337893717,70.41354846215876,50.715190645299955,49.953141930683536,53.57031502334731
UTS,2593,0.5357184006602933,65.024115819702,46.92279837516926,46.58504807752916,50.085196049716856
UTS,2594,0.575037702603198,67.94608988202401,49.62376016640444,46.807562852777124,50.16230640876853
UTS,2595,0.6199778922885613,60.01627484383431,44.354185620265035,44.872364919897024,48.44540177848446
UTS,2596,0.6030988735417786,61.573246516367774,45.147076900374984,43.3425203328619,46.80066143705562
UTS,2597,0.49873672460965346,73.24957961381766,53.31087376402869,49.017056094660084,52.38615825328541
UTS,2598,0.5412086586608496,63.39852430407137,46.33577413257018,47.26341305004396,50.73293177925673
UTS,2599,0.49380065256344774,74.29316286210681,54.375499320815244,50.72047993193553,54.19403026105693
UTS,2600,0.5586032041700102,64.50518241183,46.825986827734056,46.57782905025857,49.61997911921156
UTS,2601,0.4544255906227863,76.08343570950441,54.65150362558812,49.53240262130668,53.4552459196379
UTS,2602,0.49684429720957257,64.27898721745049,46.23177726303922,42.862807218081755,45.867680287873796
UTS,2603,0.5943128768923593,66.88278513863128,50.28770483714768,45.82328513237933,48.87758162083955
UTS,2604,0.4866006729246465,62.38389166978537,45.88481867368099,45.270409982939476,49.181999444993394
UTS,2605,0.5071669722588265,74.43781642918096,53.38828099208855,50.00041863523486,53.89552020705965
UTS,2606,0.5682871881988367,70.87833715519342,52.47673474810098,49.04795059144287,52.8921691908382
UTS,2607,0.5593075056652537,64.60486527934532,45.789936935068546,46.41239390574297,49.93464167768396
UTS,2608,0.5273453154987944,63.076368046646124,47.48709370373863,46.33328510036398,49.44050294151536
UTS,2609,0.49945283160070675,71.10439143680082,51.466332603978024,48.81408498306737,52.503751379393776
UTS,2610,0.47055827015945817,69.63183639613891,50.8128767424097,45.47435233995732,48.92425968537873
UTS,2611,0.37239865886360646,73.72339524088103,52.86130592490726,48.854723169819536,52.78586214954703
UTS,2612,0.43571408422332203,78.12710145200941,54.812995274564194,50.916434284677244,55.09208526594883
UTS,2613,0.5546963519711365,67.20203034058996,48.60130634209366,44.886200184961325,47.71711917584064
UTS,2614,0.5237676340756154,71.09735254132886,49.88128927784833,46.03994865358917,49.33318782313677
UTS,2615,0.5200435764872198,65.89178693136886,48.01958396602707,44.669536238647005,47.42026280100925
UTS,2616,0.4475348854378802,66.7323210197818,48.444983793088234,44.03702662564656,47.42298994560062
UTS,2617,0.5500464745452487,72.26261049045183,52.34820111276071,46.634545492151226,49.829621867044345
UTS,2618,0.5468953017477833,77.7016654828798,56.18412467104288,48.61281738119269,51.69260695669387
UTS,2619,0.5741843853402253,69.93490725246888,51.77328459366536,48.03734654449215,51.908098096259174
UTS,2620,0.4566326845046057,79.70552559129584,53.40709093673538,46.731609387588804,50.58138141660195
UTS,2621,0.5440743737134976,64.09540774252751,46.459714343654504,46.00087883261846,49.77571700902551
UTS,2622,0.5582810380585972,68.04503495004228,47.48729587275595,47.90024061599018,51.802058173723395
UTS,2623,0.5098053021156775,70.53822677100646,52.27003107070988,47.70767969749979,51.19289876769124
UTS,2624,0.43893921643176426,77.0896995693241,53.603499697779036,49.9151407760121,53.764632065752956
UTS,2625,0.4748665325009861,71.43352013512526,50.14113814377231,46.371096430966205,50.243442460772926
UTS,2626,0.47092700593617864,77.82258149562414,55.862878977774955,50.24710219867418,54.12327524767096
UTS,2627,0.4981809337051659,76.57612373874613,53.87612739727788,48.92063930430167,52.188135432059305
UTS,2628,0.5251551689902461,76.6883973308006,54.2723594754744,45.946598096136626,49.58218228562095
UTS,2629,0.4940786696907281,83.1946699205237,59.797462594645346,46.943121014726245,50.40498673288494
UTS,2630,0.5419647177704983,62.146933695078005,46.04289109556699,45.20857502348895,48.135674031354824
UTS,2631,0.5167106815967313,72.35262652908753,51.66740590072893,46.617919527874314,50.53599556563535
UTS,2632,0.5036288826249029,71.34665837517453,51.02910745600939,47.86646559380428,51.76608426446385
UTS,2633,0.5699060046439741,67.98338311868189,49.50977878129678,43.588270827387596,46.098649685549205
UTS,2634,0.5086907992908811,61.49445156827576,44.735609809708436,45.67990983243908,49.07881593760936
UTS,2635,0.5513885599672257,69.98828457164092,51.97876655074467,50.65347947330489,54.18641236814631
UTS,2636,0.4614397468549779,72.08908570420263,50.99556531610455,46.55428220200858,49.38083736656324
UTS,2637,0.5064111747640616,70.49012458027532,50.78549473234024,47.26533493511175,51.32504176771164
UTS,2638,0.5690492133065783,65.38486424128531,48.97854311046318,46.00702481281166,49.56567655622165
UTS,2639,0.49136570145298153,66.47201772687445,48.37544058053797,47.80979453585763,51.65119327765123
UTS,2640,0.5548883279138829,67.3373445576767,49.42892832317757,49.161665506899425,52.65759827411047
UTS,2641,0.5227009332979244,67.12673846374777,48.013622044167526,47.87668508060318,50.3100495949858
UTS,2642,0.510123299749705,70.5744466314373,50.46925075844911,49.346872737579154,52.53957127473902
UTS,2643,0.5298486028803369,64.26392257244302,44.18437827735068,41.77257425223886,45.03152274334383
UTS,2644,0.5493525187332111,67.81621125535442,46.99210503776599,43.125483042582225,46.54007953489958
UTS,2645,0.6211715425983666,65.7730713694106,48.888733755379235,46.71928793245358,49.48395926902156
UTS,2646,0.5667434321127697,66.88485255177852,49.663170176186156,47.14747441851905,50.178518355341126
UTS,2647,0.53076677806259,68.50602887333227,50.01347474047445,45.50415301878096,48.32347614556379
UTS,2648,0.550438892569301,69.47393267554608,51.91228883219823,49.01710084928608,52.23299858280357
UTS,2649,0.39257286255977186,71.26821726458441,50.26093029393029,50.08888899106254,54.89594909700029
UTS,2650,0.5552841301754385,71.87634056824663,52.756588084290755,48.02653528021,51.90166872168775
UTS,2651,0.5466718204560783,69.85465705873474,49.66373932199785,44.91718349435806,48.91526657040036
UTS,2652,0.4834170737158934,63.293701296403796,47.49915477623773,47.33718650478356,49.888957835535734
UTS,2653,0.53064435466384,65.27956962684158,45.55522109124005,47.36664073497493,51.786724292296505
UTS,2654,0.5419010831067832,69.97197755218524,51.542259776468285,50.59840566822751,54.354978886634534
UTS,2655,0.5694394325168053,66.85753566943299,48.61216979288507,48.43624600988806,52.49746404586729
UTS,2656,0.537609577673039,62.104654022530035,44.69478902091529,44.54757840587978,48.007423491123944
UTS,2657,0.49105536459560717,66.21049653960617,47.73744282450385,47.297940314807,50.909862672411414
UTS,2658,0.49628371981781927,70.27218766988486,49.299657912052744,45.642478350502245,48.38811736269532
UTS,2659,0.5348341619289485,66.50330144650304,48.43844753458689,46.72683038733674,49.67741810848719
UTS,2660,0.50647024953318,71.15479806684684,52.13972896264341,48.61744788481672,52.36089593221457
UTS,2661,0.5169268997177456,64.23958002340166,47.38444659667047,47.35939288332608,50.20076688374261
UTS,2662,0.4757359392853998,68.27250089034901,48.23551861149007,43.733288346641544,46.828373442393776
UTS,2663,0.5186935046911068,72.4411119308371,52.38051336066971,48.659374114457236,51.681898423969635
UTS,2664,0.4656924369644032,61.90819797287382,44.95037302777939,42.48076244181033,45.382074159468544
UTS,2665,0.47869018157397725,68.88058863881352,47.03721907686893,46.069434689243494,49.44554791379338
UTS,2666,0.5670451523131493,77.14527493607146,57.71588832168845,48.17248882179147,51.65876009850908
UTS,2667,0.5818768420328738,68.74331369452149,51.74689981076903,47.047747825910726,50.38899434112538
UTS,2668,0.4772953553346918,68.17193454515917,49.96608780172412,46.608588637726875,49.949002157076976
UTS,2669,0.5287434727318434,68.26508501099083,49.88933806482758,46.56102755744176,50.24560441747669
UTS,2670,0.5609513543602411,60.70288616450014,44.717920102040026,47.444813540144914,51.16585414774391
UTS,2671,0.5971683789605577,74.1697455035618,53.95640120986573,49.74040608494122,53.57435182897686
UTS,2672,0.5259574929308194,70.22486066178871,50.469539113206885,46.09797949766941,49.24426743937889
UTS,2673,0.5769750864562526,63.98267852860908,46.4351440295031,42.88554067961416,45.962978842154854
UTS,2674,0.47006967734126015,71.27995433199276,51.02332542943851,47.00060611216897,50.78770328368114
UTS,2675,0.6267547369031434,67.77391223268815,50.30666189587526,46.49108588969061,49.94619454729307
UTS,2676,0.5147152321505585,71.87503448278275,50.53054499562419,47.3611091573402,50.93767730250098
UTS,2677,0.4165278462352163,79.6363261308237,56.76888321717964,54.844931241851675,58.81892967357807
UTS,2678,0.44204132144604236,71.96965109121217,51.44384232220263,48.563937688179784,52.59572414320415
UTS,2679,0.5778269609676041,62.99516737920657,46.66840696108598,45.83434430076665,49.23733265272045
UTS,2680,0.6031403122590163,67.85037779437242,48.6070336573582,46.1331930872821,49.4382420397142
UTS,2681,0.5491926954933812,60.80585681441472,44.203628574797165,43.467683430982035,47.25288759962459
UTS,2682,0.519006280673986,65.14513652748778,47.00734174055752,44.66481893226872,47.540188805458094
UTS,2683,0.48380193352786327,69.95738672095284,50.86785972524013,48.73629849513097,52.51005309477569
UTS,2684,0.5791443345245058,66.79413613867536,46.004093498794305,46.10330977267753,49.53007326352516
UTS,2685,0.42281560503300675,65.77108687654983,47.46912710208043,50.84906440258203,54.67103978185654
UTS,2686,0.4754261130921644,68.54056449340946,50.17089051895124,47.66702404542065,50.963141334151835
UTS,2687,0.5209707508808282,65.55021477604842,46.079196655161155,45.269023602042616,48.160397994480626
UTS,2688,0.41126672552138077,68.12131826161902,49.10649884216506,50.07706055695798,53.937779963166875
UTS,2689,0.4568520743073099,77.91147073255823,55.276482338548625,49.2331099390741,52.70319903971053
UTS,2690,0.5964229258795346,71.64816737361208,53.311057516609736,49.01328732358125,52.06046604482506
UTS,2691,0.6479038831638965,60.23252317806414,44.72563034560361,45.76387466821882,48.70289964611886
UTS,2692,0.5191075173450617,70.04794815110125,51.162702290673934,47.73265032862462,50.591519595933796
UTS,2693,0.43826763058703144,68.61823967664817,50.02537745602994,45.964408867532995,49.478291070679454
UTS,2694,0.45695279804034794,77.20796758934634,53.1464456897653,50.000249177649025,52.9518537523092
UTS,2695,0.4372539763959893,70.65391527634918,50.60517484131776,45.98119071358539,49.244590122001554
UTS,2696,0.5538759110392875,71.96991977859854,52.27565966678639,47.72795571149151,50.340312574158325
UTS,2697,0.6030006440732205,63.18065147885129,46.76064348746812,45.592978756305236,48.83891543479666
UTS,2698,0.4859816615319186,75.98554305854147,54.06617076638031,47.58555626864627,51.19634367253056
UTS,2699,0.5258095162538948,66.81668215909541,46.918425563879744,47.52587018898787,51.429550584050986
UTS,2700,0.5407969390565408,64.3050431789169,47.39670009198615,46.769749136745666,49.68216849561328
UTS,2701,0.5336380385367228,61.64270956374267,46.3936090799954,46.01447876416344,50.07374323754988
UTS,2702,0.5159931701065679,74.85796816544908,54.65690284305577,50.34241947444993,53.93628484933078
UTS,2703,0.48803515736853575,68.26796125351716,49.877282758010445,48.03916742503223,51.41035160977847
UTS,2704,0.4851723184234137,68.23159048499998,47.398059877674136,45.384007397473155,49.564957526760985
UTS,2705,0.455547393897769,74.75240499367739,52.581023243033556,47.984839134411516,52.68029953120674
UTS,2706,0.5161104949660167,72.56482118202287,54.27920800521974,51.98677996985924,55.34184379702002
UTS,2707,0.46783886786577844,75.6629632256244,55.527030844759075,48.313325393055834,51.36082042600577
UTS,2708,0.4996697821959344,63.54547926782063,45.604075896758815,45.19923333319211,48.702696316105126
UTS,2709,0.49402797901522566,67.48593800957786,49.58244147613536,48.73008146450008,51.56315616604408
UTS,2710,0.5456817919661542,68.97029411029024,49.75697954184136,50.72396748910858,54.52702107929312
UTS,2711,0.528311562989863,67.2095350197654,46.87633434330563,45.79488852866216,49.26997265067284
UTS,2712,0.5106801206866532,70.74885982158487,49.094701940915876,51.42521634810054,55.516000691009125
UTS,2713,0.5151324838216799,67.12181939392583,49.030468734115566,48.14869096887881,51.41833450798006
UTS,2714,0.49361193931558844,75.4391034019923,53.893677070745156,46.74197446982458,50.10234322096059
UTS,2715,0.4531285399823728,72.31906250805768,50.19428558077813,50.33102873264589,53.98813939182886
UTS,2716,0.4927911637709662,75.30900815633893,53.889905530038746,48.88056856694094,52.49546083941563
UTS,2717,0.5169713641944396,70.75777721661477,50.45285136102498,48.364212733234105,51.23112349870954
UTS,2718,0.520528774634086,72.16511613466164,53.1635858042212,49.62767705446951,52.79637946201156
UTS,2719,0.5190190160364214,71.1950398078871,49.9836180345667,43.092670736202344,46.21440215767361
UTS,2720,0.4941813513547607,72.91945745034424,50.476274812985714,47.69956028117684,51.7133056859345
UTS,2721,0.5472896017570466,73.20395530897768,53.08135274026297,48.31754788507788,51.674211000672045
UTS,2722,0.5884578496278187,60.37719802474539,44.22213721757613,41.116104604405066,43.54266134513843
UTS,2723,0.5459098335263777,63.361306022813494,46.06319361039798,46.256030199816564,49.610891123324535
UTS,2724,0.4994920604233687,71.39631487486545,52.61170044134428,51.491688364873646,54.14102971733629
UTS,2725,0.5192906457858876,67.23451223421308,48.19373956527343,47.68355669907331,51.45034110037557
UTS,2726,0.48480321941112314,69.47758257864739,49.94356848761755,44.42461069286925,47.27864953229046
UTS,2727,0.5853510384248162,62.62474730901952,46.34808675792676,45.05298325346158,47.56529383994915
UTS,2728,0.6055154902197165,66.31345086575146,48.57494157105877,45.69306735174254,48.991325273180216
UTS,2729,0.5336302031526943,60.82366867756834,44.38950687228916,44.293169451366694,47.73772613063365
UTS,2730,0.4675831681306982,75.06512488711452,54.41712648924426,49.762266659894564,52.527785026733355
UTS,2731,0.600281994222859,65.16418507280353,46.67911630463075,43.20196388159836,46.648879536438734
UTS,2732,0.49852587758727573,68.34961762335898,51.16140536897638,47.96964667233211,51.27881614755747
UTS,2733,0.43757690361683454,70.82345189407357,48.4590344671989,44.0067966277014,47.546988348843655
UTS,2734,0.5018726294225954,65.60456856130068,47.1937198625139,47.928534679210024,51.27245254689285
UTS,2735,0.5251224916423749,70.21717014779287,50.155578915290064,45.090290845981286,48.06950720719815
UTS,2736,0.5625753463282577,67.99610138271333,49.09920537218682,46.86293080939066,50.28219352761054
UTS,2737,0.4789029737462547,76.92818391652254,54.06019277482543,46.17484153129981,49.91013173381234
UTS,2738,0.4968212692652584,74.12422769691379,53.734686268794306,47.13651638013303,50.488915862097045
UTS,2739,0.5703664023917557,62.881119309113856,46.32152459687656,43.002929520761995,46.246512442462866
UTS,2740,0.5471063859739567,58.169749596561495,42.29662206329851,42.53692997686646,45.87785544769912
UTS,2741,0.5744652671156073,70.95764445922441,52.33988408581624,47.02978544278992,50.0418031544147
UTS,2742,0.5692910588266551,76.8349348362584,56.28695313555945,48.83585965090125,52.411345606444165
UTS,2743,0.6122477409310765,60.444796944242285,43.46651568449472,42.41560852133214,45.63639201393648
UTS,2744,0.46331853457789474,67.99811511910079,48.16498945757771,45.51817345002745,48.84647280425913
UTS,2745,0.4792688034942859,70.87560647730048,51.898195161450325,48.56096723187614,52.18543596214541
UTS,2746,0.6091588880184409,63.692327858945404,46.96777181177467,45.365784627131646,48.25740186765643
UTS,2747,0.5907930390930155,67.31222332648133,47.92121665548491,43.23245488451631,46.73322748065945
UTS,2748,0.4893062609354586,69.99185510757152,50.21558536367042,50.23369119062187,54.08877404887811
UTS,2749,0.5541184594277424,60.16870117570038,45.8064000523606,45.89441098971838,48.86963022436798
UTS,2750,0.43999763279391435,71.34356980575434,50.99222160280574,46.90977205048103,50.236815356990604
UTS,2751,0.5023357902362642,69.88583927705064,48.54273424070534,48.579546052972134,52.62403950609161
UTS,2752,0.564022774442785,66.82347695799896,46.385561201634765,44.19523789808075,47.37906607799517
UTS,2753,0.36442265486212266,69.91549849840226,51.22712388976209,49.24164035063173,52.102403015223295
UTS,2754,0.48187629021968836,63.84306464824963,44.54215526549619,42.243045132575425,46.07947919903779
UTS,2755,0.43462747561111303,71.89096308639819,51.25102496016952,46.563987518704494,50.5542031136135
UTS,2756,0.5005565022557965,68.56625985029984,50.83494387786608,47.639461758206,51.490760724932244
UTS,2757,0.4803301761344698,66.85664914365599,49.20921296770491,49.1660437711519,52.612740468867834
UTS,2758,0.3799016448835615,73.32210782056265,51.91589757948841,52.06864264018091,56.50431658678055
UTS,2759,0.437141515175696,66.46508630340055,48.06837250484803,47.31862210501219,50.29013419451277
UTS,2760,0.505116529472313,68.57737911663146,46.556233442221036,47.95737108010145,51.74742213714144
UTS,2761,0.5381652144538198,66.15612610572983,47.45883256513251,45.3812423436223,48.91473433007769
UTS,2762,0.48013844011971873,65.41430440527442,47.555382211638815,48.02962630100336,51.40434947422292
UTS,2763,0.4765259269260974,71.4061891253002,50.9699895711005,47.91027674002167,51.316390317597715
UTS,2764,0.49622375049496126,68.65260231285582,48.56391086401424,43.972515986238044,47.086036078994695
UTS,2765,0.45802221786069663,61.50583338820791,45.3815708061108,47.86382674101511,51.43343523669039
UTS,2766,0.48659382075250546,74.7768221222618,53.25649266733621,47.59692137591906,52.233683972421154
UTS,2767,0.5107099113704081,68.43510548021223,49.855877397449646,45.80660079841686,48.94576524514104
UTS,2768,0.513450355395833,66.49712703121146,48.14388305073476,44.3060444495827,47.93251830460469
UTS,2769,0.4216227408483515,72.56881962806987,51.35789944196427,49.89047022310474,52.860605709672335
UTS,2770,0.5635760951022408,64.02541895728302,45.3787595610113,43.927394473959765,47.434013506735354
UTS,2771,0.5023617083594962,71.88950162987467,49.12585045898703,50.14882098117068,53.39232813988211
UTS,2772,0.5865556168546631,66.375758442576,46.97791239243922,46.328322118019905,49.331302068421536
UTS,2773,0.5236957345593527,66.82884590760447,49.160381833074474,48.41380118393193,51.89436858612753
UTS,2774,0.4983972017044642,58.99392052708553,43.73149792048579,44.580502382564475,47.30395108378194
UTS,2775,0.5491346992432717,68.26366649605913,49.166290030791785,46.69949702520308,49.93251382576084
UTS,2776,0.5299570627164548,63.34236211193563,46.107815397379134,44.760903921804726,48.41048483642477
UTS,2777,0.5117936441599436,73.54708826149552,51.72308989446322,50.55126261084181,53.668791664698986
UTS,2778,0.5400011540120067,72.6147825133245,51.26960846645756,46.11508578949547,49.65089655462369
UTS,2779,0.4900232469556566,68.77859701632822,50.77769841777554,50.94916443152882,54.46228554586801
UTS,2780,0.47053794690710327,67.81936502082058,48.86595612279417,47.51278153083686,51.515139759874515
UTS,2781,0.6051160235249882,60.01423312269392,46.07732119587303,47.09287707239806,49.787051723989656
UTS,2782,0.5454651858846686,65.4769747060444,48.693675539474306,46.21616364414699,49.43407105585458
UTS,2783,0.5424423750465066,68.59734941834341,50.52807117219742,50.30254330148133,54.264576683589276
UTS,2784,0.45174940845905975,70.43684505590592,48.87271393483728,49.24006261020655,53.455059278873584
UTS,2785,0.6476156561326452,71.66760115067622,52.429229217218385,45.31602401223872,49.44682079376756
UTS,2786,0.4567536207184848,76.5515378975531,53.85422316357314,49.550639955157706,53.06747723958369
UTS,2787,0.4761776869662825,68.15051267383225,48.1458836253497,45.46260046343499,48.331972826496184
UTS,2788,0.5392891590539581,65.34203064808963,48.49414706527084,44.227953915625484,47.700868060313695
UTS,2789,0.4177837021525257,76.27947519182061,54.379803830595,49.445007567802875,53.160775948408876
UTS,2790,0.5453017754244206,66.62149209937711,50.09746777397907,46.26923125483385,49.496985041867354
UTS,2791,0.5125466652036281,64.19532714009901,45.985175875307874,46.17619422283342,49.76027636854871
UTS,2792,0.5230983220979686,67.63197768872779,49.63365057475791,46.25404031232394,49.20817674468138
UTS,2793,0.5542556165901529,70.56644535987441,53.61434569031534,49.90916130783839,52.89629164422136
UTS,2794,0.5055822135041261,62.014419879034286,45.524676841036865,46.42089449931027,49.789160008714695
UTS,2795,0.47533866871423336,71.36225757289124,49.11926475189526,48.35932112003015,52.23160858558125
UTS,2796,0.5434475549446951,78.27770288999311,53.81774924440397,44.20509735111183,46.8502576192312
UTS,2797,0.5799977017502237,65.15151707855574,46.15131614686811,47.916907827560316,51.27150653786835
UTS,2798,0.5449308253809493,67.9486772893417,48.668295864688815,47.574221675153815,51.42715530125619
UTS,2799,0.5994894750899817,72.26542870147438,53.96052527731749,49.738704517894654,52.756224768544655
UTS,2800,0.5217984977292334,62.31585187746242,44.44696991538875,46.10760130268278,49.96004712819617
UTS,2801,0.5372217377333949,68.35670688460907,49.6129688015196,50.59237468712373,53.36405627883104
UTS,2802,0.6497645139917019,65.39849921819815,48.231674779118585,45.24519378244605,47.865539106633555
UTS,2803,0.5033177028705169,65.93739549048775,48.46911331787523,45.8572725896133,49.158313833443735
UTS,2804,0.5110872373483959,59.78358175757584,43.636038065574255,42.29221832103929,45.21821336697261
UTS,2805,0.4168443668515309,80.98711860599141,56.038849372570034,49.093025068550496,52.6516374539919
UTS,2806,0.4820119010988295,73.88779060235187,51.92362618124337,44.63869373326505,47.77267795988275
UTS,2807,0.4924151149202486,71.10525127698897,50.81745746655851,50.39419401319509,54.50905757853647
UTS,2808,0.6239914774607691,59.65375749146856,44.10026786640598,44.50243660200029,48.053991744296866
UTS,2809,0.536666245811181,64.28564005884972,44.082031683857615,44.01113382473576,48.05615260633153
UTS,2810,0.5942991664267714,68.0762114521806,50.02937759823982,48.090737519885344,50.955906075017225
UTS,2811,0.5367022402046273,72.55161894966432,52.486598030921776,48.69975960564841,52.22429306006084
UTS,2812,0.5356045651663257,70.84436393291753,49.09570386935468,44.74232562996008,47.96280680493649
UTS,2813,0.5616058793221166,69.49374816134622,51.14452306219591,46.01321765147088,49.138473995949745
UTS,2814,0.5410126094777892,63.74544270413528,45.909639455390064,44.53839755955135,48.46864084482516
UTS,2815,0.5483033250474549,65.06057498421133,47.37667579465819,47.96101082475738,51.06038849400999
UTS,2816,0.5646499986233974,64.60251317622908,47.55964437743561,47.09250514440147,50.117339290726086
UTS,2817,0.49871535210154505,73.0680854508697,54.465585693069436,49.75022397116101,53.4644031173881
UTS,2818,0.4896741271605286,64.91170106966614,48.549793126669336,46.67353343295701,49.56766110692366
UTS,2819,0.5442198821195267,69.72806061772667,49.835824573736026,49.68176498515807,53.216698357171325
UTS,2820,0.45031636031797573,73.15529635081765,50.534705241997365,45.60031371624642,49.87294311534349
UTS,2821,0.5330337772605995,66.26310718261763,46.52144541499237,44.20176753047453,48.21103845964532
UTS,2822,0.5364681255120732,78.53349812879648,57.62050346300921,53.032735587063975,56.437099342042316
UTS,2823,0.505989726790621,68.6722665742739,49.62471797456888,49.175853774284505,53.05969150108261
UTS,2824,0.46780482697757153,75.25488153527662,52.119822948712645,48.733561968651436,52.74760644566049
UTS,2825,0.5149742517421461,64.85361050419799,47.591820481262594,45.636621775790466,48.82845850169151
UTS,2826,0.45858364355798353,72.65707680869988,52.2357087962274,47.905902102008525,50.966463430416766
UTS,2827,0.47325477901919355,67.17675267024887,46.685747568481496,49.40249209761275,53.392677774813606
UTS,2828,0.5398369563450942,63.92223305251629,46.34767177780325,45.86195933990114,48.87843701856871
UTS,2829,0.46864072188970385,66.17855247685625,47.173727686104584,45.967529281164815,49.19941845275187
UTS,2830,0.4131946835225977,65.31702791619131,48.10836727524317,47.21791036745965,50.10967984721916
UTS,2831,0.4823198863235143,67.52489989889808,47.92988899565809,48.02372008358345,51.47917892240014
UTS,2832,0.5797973858051935,61.7790007995333,45.12098657765681,45.170459050414046,48.82569060924072
UTS,2833,0.5332646547467729,70.91927424451433,52.26769406477836,47.06958553933935,49.69963428782112
UTS,2834,0.5133227772549955,61.015425736990146,43.73066971938034,42.76748276712701,46.34384163360798
UTS,2835,0.5371308275726849,72.8192665068705,52.11245901410285,45.876600146264565,49.82564512767958
UTS,2836,0.5755280728025108,75.6375202226109,54.71206472511922,43.15243958750436,45.55299029837789
UTS,2837,0.5082412241435641,80.25999554678928,56.647677427686155,49.8891444271062,54.24143155001044
UTS,2838,0.5720943507361644,72.45923306586403,51.85203032123516,45.98889235635791,49.56198313951943
UTS,2839,0.5568399476830554,65.35609459877784,47.18515007952051,45.5634128554403,48.838937967939444
UTS,2840,0.48107267885925065,65.7678935692689,45.90880552388104,44.072477748245646,47.23640138668952
UTS,2841,0.5309230928823245,67.50071627762601,47.0546567394916,47.65390548524525,51.052210033039735
UTS,2842,0.582454588708968,65.88947721721591,49.568027961875906,50.691379861741346,53.72704901304592
UTS,2843,0.5679661598459231,71.99675170730234,51.37860884324825,45.117269383401876,48.92516937919293
UTS,2844,0.519261155443912,76.68248088771259,55.0493927890941,48.439904620159204,51.496235883576304
UTS,2845,0.5926866888295923,66.75846414096938,49.666188513532425,46.99633477329662,50.44670357537016
UTS,2846,0.5915199775097769,64.82236170640118,47.710724428213865,44.95547269866579,48.4733567772092
UTS,2847,0.5417248254018843,79.07579156076446,56.09767061896717,47.6086741542495,50.78398126633742
UTS,2848,0.5728312482714741,62.555710368777135,43.67872210520954,43.47958323794691,46.85136950540015
UTS,2849,0.4817384653414427,65.6505720934244,45.959246537397426,46.04090567361512,49.82521026455378
UTS,2850,0.4599812852902544,66.51884451610707,47.37388770530242,46.62271643611122,49.99455372803161
UTS,2851,0.5671767761412618,68.9653162337651,48.824397960317704,46.7004823615142,50.441007701652374
UTS,2852,0.5655053730647854,59.53070399371626,43.16180278148876,45.511426327387646,49.14915978444395
UTS,2853,0.5032419114849188,67.7885412575538,51.624203632093526,51.01599155005521,54.36312993269221
UTS,2854,0.5707116518935813,72.18249720126683,52.76232539293075,45.61263591467365,48.889072960909544
UTS,2855,0.6128904206009878,68.63355622401335,49.094187011984985,47.28024660702049,50.6993628390633
UTS,2856,0.6297514754239313,66.77087905521509,48.09241773329884,46.9469948054733,50.00123244825718
UTS,2857,0.6104777338372984,65.24243440183243,48.68527457978474,47.24382922219834,50.28337456712523
UTS,2858,0.6107022292148444,60.439777460215836,46.01155895928616,48.46683952740619,51.54191426585127
UTS,2859,0.6017751051173705,63.2469931769943,46.03516604112156,43.75944125839981,46.94248040569897
UTS,2860,0.5708251600794735,65.85844848684057,46.85974561173177,45.619432677859805,49.424864984341355
UTS,2861,0.5719087402043319,68.5664997334074,47.8348187925557,45.02770753206811,48.42665570830041
UTS,2862,0.5117097017239998,71.0816423269195,48.57229778337906,46.07392318409274,49.09733945582184
UTS,2863,0.46728720188786743,70.70089610576548,50.24152025144605,46.64857052303272,49.996905558627255
UTS,2864,0.5097533913840853,70.37887872517234,52.77612361514809,50.64565784770845,54.576545912312405
UTS,2865,0.524657452045701,68.92727511338697,48.191367099193386,44.31919268457494,47.399955872503874
UTS,2866,0.521186167470347,66.65479653575004,46.42500522976859,46.065361476193296,49.17601559357022
UTS,2867,0.43312050902680455,70.2091147329216,49.28795493065787,45.916741227703014,49.140146156445276
UTS,2868,0.45098820927233585,70.4954523859458,50.420858890921465,48.0381383690118,50.98602427345763
UTS,2869,0.5668882757800937,63.818628087690705,46.579915349732524,44.49353837799535,47.64829879782422
UTS,2870,0.5067125557947321,65.33057372140335,45.975123282515455,41.98979844546918,45.68381762635618
UTS,2871,0.3760897469627119,78.31343000443013,54.48632898287374,48.87035017860514,52.217787001988384
UTS,2872,0.447936738060307,71.78280209152038,51.634332042701494,50.29543203759874,53.599115453014235
UTS,2873,0.556146501772796,65.94736358140172,48.05221978978156,49.39368495132695,52.53875089227535
UTS,2874,0.44708265790058055,78.49289463679418,55.41646384857351,50.550675992260494,55.24320821999064
UTS,2875,0.5159072254576923,69.89042274069823,51.02563362161306,49.52665782435349,53.05280688448502
UTS,2876,0.5724699300355456,62.11176527573796,45.73716642537385,43.9912674012054,47.322167300190245
UTS,2877,0.4622168502314492,76.20820534269235,53.81556811923268,48.02706300257363,51.622928059427885
UTS,2878,0.5221286677548906,70.49940920502885,51.76735024305182,50.25564228464849,52.9293711862854
UTS,2879,0.519059417349139,63.71872235109623,45.56973566620668,44.618281182943,48.29830273421589
UTS,2880,0.48571139367041505,71.68319123478672,48.7338590612651,45.54232594862648,49.530528201257674
UTS,2881,0.5358331469696527,60.169751721529096,43.37901678644755,46.13579462591446,48.90887472792407
UTS,2882,0.6513449368759918,68.09978101527128,50.42719519596776,43.926734420527566,47.390877828113034
UTS,2883,0.6077273931553239,68.68281232566451,48.926105796310246,46.96985943720749,50.399763906544386
UTS,2884,0.5689754105069249,61.88073321446836,44.59919574835777,42.67055047222482,45.55206544464312
UTS,2885,0.5520195267245135,69.25836465409914,48.69647862838434,43.71035029395357,46.916368673175654
UTS,2886,0.5446699775042683,67.76948052864138,49.70237754242132,47.593713671286764,50.24203678737751
UTS,2887,0.511904263436456,70.19591332891638,51.06285249596367,48.25057004821114,51.553892049456216
UTS,2888,0.5619982996544601,70.68345867131853,49.78821730955782,47.306304923022694,50.60856426715798
UTS,2889,0.4410860076097166,74.60544446937728,53.16138357185293,48.155162548079595,51.71144283136487
UTS,2890,0.5585389318351854,70.00336165132954,50.8078577285776,47.86063503864045,51.81019105294191
UTS,2891,0.5261238121389238,68.6747778320106,48.55421726133301,45.24431352212864,48.15230611811762
UTS,2892,0.5350296925295694,64.6616353228481,46.16054297362735,46.01154650353252,49.19375244095892
UTS,2893,0.5162446424675542,73.21170932104164,52.245832999729075,46.90285779758588,50.203862274142594
UTS,2894,0.4621480229522015,75.24109870585927,56.438890365813606,51.40193741209,55.17846413408848
UTS,2895,0.4930554369181209,68.65969577734202,51.24466650477095,47.81868520231136,51.46142145724908
UTS,2896,0.5307069107305211,75.40224716259452,55.30600999487567,48.32166345321188,51.414650587153524
UTS,2897,0.5389498588732934,73.3047599119457,52.751865729463965,49.57675846648674,53.090629777981945
UTS,2898,0.48121900357660063,77.0583555397883,55.47540605563219,48.794226603460835,52.45435699718786
UTS,2899,0.5462949047880932,67.33456777549706,48.90663279063379,46.75588448562865,50.05459568696626
UTS,2900,0.38943722971251316,65.69374953679086,47.226686248845866,45.455906209973634,48.438303686200115
UTS,2901,0.4759698897567415,72.70623179851755,51.228355413265064,44.54715975322927,47.88022119839757
UTS,2902,0.3548459002523803,70.44263197661947,52.381281032924385,50.49957146311625,54.109817326496724
UTS,2903,0.5335475379315455,68.59878365103769,48.84391909079299,45.381992608636786,49.064403491394295
UTS,2904,0.508078108537101,70.70970213256281,50.18163805639556,47.30580611916002,50.44041126614127
UTS,2905,0.5387375850797806,60.86495293893843,44.05025699795042,44.51225299191851,47.15150151182244
UTS,2906,0.41405384203660556,74.66433910451487,56.00065793594888,50.09776069715005,53.59886332558991
UTS,2907,0.5098656482385933,74.44409054814862,55.09755743713437,49.26584087103351,52.770009752697376
UTS,2908,0.5036996600860313,66.12740149193758,47.09133107584212,44.04211230547865,46.83151416787626
UTS,2909,0.5658856916005776,68.23994571016098,48.556193228157035,48.60597514548658,51.71439771913973
UTS,2910,0.5248446475577165,69.07838467069475,49.68205167789613,49.64594276343598,52.69003400887937
UTS,2911,0.6140939395944617,61.19062638461983,44.95889495373489,42.90926899592386,46.10903275854142
UTS,2912,0.47443835255095923,64.93729413623193,48.1165277470675,48.77456567885999,51.85530348486828
UTS,2913,0.5143365812020415,70.53388793637174,50.28892692796847,46.988379516275145,50.343410075649565
UTS,2914,0.4583031745471854,83.63597723677982,58.20298834067059,53.15128916425461,57.33250490328856
UTS,2915,0.49882860693062214,70.74341428991214,49.527183930847286,46.22821761565909,49.165209057145354
UTS,2916,0.48857652894554116,68.3402895166632,48.76450579333925,48.563485773460314,51.775564443841425
UTS,2917,0.4070396531566097,75.20720070051685,53.00608887771203,49.18882082127022,52.958417364289026
UTS,2918,0.42335463320057165,80.27257779946568,56.607517205054044,48.9616592899375,52.60540515461319
UTS,2919,0.4457573361023084,66.51075086936098,49.001203250554305,46.506178109009284,49.434283272923835
UTS,2920,0.5448904492917864,72.57578980545821,51.94182715027868,45.093458797922175,48.5647461259313
UTS,2921,0.6101689869412491,63.88513984775229,47.70648672696854,47.99202603375593,50.971421031058185
UTS,2922,0.5069646472184004,76.48117037090147,56.03107305121757,51.42629785550442,55.04678462109157
UTS,2923,0.56013988424391,70.68010360484722,52.3744963142026,45.94146514302457,49.096121743323764
UTS,2924,0.6376893015838428,64.96094478560163,48.54649185491302,44.88211813704359,47.91528315403555
UTS,2925,0.5617956480888165,69.10898217025698,50.20473599555038,45.680604467953344,50.03078426707924
UTS,2926,0.5459029682606558,61.94962198129632,45.88053253596152,45.91295722208037,48.58774864821848
UTS,2927,0.5786375928720806,69.58554234994519,49.62759067602736,44.21096292492295,47.51668406756756
UTS,2928,0.47451468973596767,68.68416541018284,48.834406825577226,46.11785161501227,50.56914129020159
UTS,2929,0.5048460669363877,67.25231699898166,48.529601466060086,48.74484969542737,53.056563700452905
UTS,2930,0.4152986379581657,66.49118746085693,48.433355817476695,47.77832245792958,51.14899000183095
UTS,2931,0.5569679294688823,77.9269236243823,55.898945822307226,46.28827876494619,49.772697035666276
UTS,2932,0.5975490205807211,62.834712603933326,46.121546518323086,42.389084747483814,45.84097710177444
UTS,2933,0.5364641335766802,66.19673412669479,47.55096638531767,44.34752902882901,47.278907429212154
UTS,2934,0.4587637040693896,78.57967843814225,54.90275414027513,49.1696437730882,52.21382900738228
UTS,2935,0.5000788582084872,72.04923805062239,50.96118240484605,46.08076168942493,49.12023739524898
UTS,2936,0.5083606578554701,61.811534071503544,45.147994891818406,45.72163967728401,48.59222519300875
UTS,2937,0.5154650917796796,68.892048249233,46.51122301907197,44.26397523971473,47.51652979760609
UTS,2938,0.5929470466973534,70.57375058245206,52.562723528662204,50.43450397725926,53.033057263138346
UTS,2939,0.4735438619135133,71.68716957474432,50.40466818951882,48.90651468005093,52.729282949246034
UTS,2940,0.500666532193932,67.53926060818937,46.940421771623,45.756264568991575,49.16658948074813
UTS,2941,0.5582375492616644,68.75976821120518,52.052206208848276,46.51767731976286,49.477577323791024
UTS,2942,0.4596938586226411,64.94387415374021,46.830974469123646,45.406144545109306,49.41820975768495
UTS,2943,0.48054181017682795,73.63753735660397,53.19416273922804,48.00462008764207,51.560596481445714
UTS,2944,0.5623813284391044,60.86895269996376,43.72173881134682,47.87826006212126,51.00176967297915
UTS,2945,0.5804854957645347,67.53025463562072,48.95787577819557,47.27854607445364,49.796858343755744
UTS,2946,0.55336959218995,70.6586032879309,49.51557051554892,46.69304374821225,50.56825621602345
UTS,2947,0.5777648568756073,73.73382437419276,52.77586920878883,48.308931405435125,51.149722790579844
UTS,2948,0.5218661726329282,76.42132930726484,55.61986031221889,51.89663440770064,55.028897638760355
UTS,2949,0.46562782178663875,72.82576730664566,52.10194399368981,49.837819378900136,53.28770057924916
UTS,2950,0.5227535289665336,65.83424771427232,48.16606778871918,49.22191807008457,52.52450754666642
UTS,2951,0.49716420683067697,62.64806627017092,46.59034410415411,48.04944770058715,50.462435322052116
UTS,2952,0.5692864492463205,71.55389073430314,49.90003291500634,45.59409914017009,50.10527079784432
UTS,2953,0.4708924411802109,73.76923922472015,50.98307600478525,48.0206228294152,51.79962745659342
UTS,2954,0.5902882596436254,68.63531418855851,48.18515631212283,42.56024251535654,46.34745282065191
UTS,2955,0.5667658811212404,71.02439397833864,52.676387349899166,50.47549976598656,53.75379696506432
UTS,2956,0.510940948872026,63.622154174552755,47.3292232771831,47.08648412907887,49.924174220753116
UTS,2957,0.6009882760516333,72.83042482392712,52.52562159346146,48.59481123857352,52.36851075305306
UTS,2958,0.6294215625177093,70.84937717205491,52.22991017149991,45.30093205453591,48.82250318512531
UTS,2959,0.47364083613625396,73.02469298880109,51.938177026768145,48.45600868774397,52.25370493711052
UTS,2960,0.5573904733820606,63.380411362999425,44.958938240832325,43.709047859205995,47.59535643293414
UTS,2961,0.5395486800173437,80.13256244132221,56.80717607359341,47.70331208014495,50.9129411281007
UTS,2962,0.4617405751042165,68.23726209736893,49.051032112093345,45.68233428834941,48.7226042824395
UTS,2963,0.5706924975617085,63.69077400860326,46.575904238715296,47.86025413327312,50.952020478459275
UTS,2964,0.586192414716612,69.26390226006316,49.76173782133985,45.84548115614828,48.86133678828706
UTS,2965,0.531406617123637,67.76286739907417,49.692504448907606,47.8410242407415,51.35556954620208
UTS,2966,0.5996137516222528,75.01970082639578,54.15646570399835,44.85424402257622,47.928648534946866
UTS,2967,0.5912662204348098,68.46209103853825,49.4301176121856,44.490792619842615,47.55340182431651
UTS,2968,0.5365355382502571,69.42812161070134,50.984570628288246,50.1329392066232,54.06775184484037
UTS,2969,0.49119920631099,71.01047802050178,50.156878020204644,47.63663901833254,51.267617014111465
UTS,2970,0.43501034708571684,73.6647871064614,51.904884062256876,47.61830931211916,50.83288958353132
UTS,2971,0.45223646971299236,74.83359158513076,53.433878784669574,48.27251035069187,52.56552882425721
UTS,2972,0.581696961765109,69.14514763260044,50.4498367229966,48.51775824228101,52.01029944870763
UTS,2973,0.52400075410537,69.07326343585994,50.56355947082963,46.84405782766009,49.854607586359386
UTS,2974,0.4887263635815924,67.64575892910615,47.14218664226162,43.96777514272577,47.36743964583094
UTS,2975,0.5513447438750996,63.08295363222254,45.67803299366519,44.58995752819222,47.26476906186384
UTS,2976,0.46877904607621634,67.00049647590492,48.70650238189159,49.356269137875294,52.797380962579375
UTS,2977,0.5100171088297338,69.00333028983891,49.47803062013866,47.496903230663726,51.57359634056644
UTS,2978,0.43142144750905953,71.95420173349507,49.57781329243421,46.77389181760601,50.74398426690398
UTS,2979,0.5070749325805102,68.33904386754182,48.99827656621865,47.24764689443803,51.358243581184226
UTS,2980,0.5620854660286924,70.00553405402333,50.5312127313952,49.22103995497135,52.54151788134354
UTS,2981,0.6261772851397236,56.62856259946962,41.68067954131986,42.9248303379229,45.69435337975752
UTS,2982,0.47882877339376484,82.71791299887062,59.792321389688944,50.81992542066858,54.45396722893811
UTS,2983,0.4843947072380991,81.5594642746023,56.26191351929565,48.3851314074608,52.626673734186966
UTS,2984,0.43582575712484517,78.5877493900805,55.53307675605897,48.74848418529858,52.86348680203009
UTS,2985,0.5475203754273761,65.95070931762073,50.12495696684967,45.88333219932302,49.08714950332362
UTS,2986,0.5037979092441394,66.4547399942594,48.27783716310996,45.58324227595853,49.08667918872973
UTS,2987,0.5006577393108192,71.7021589015134,51.10630956247854,49.32049904873902,52.17291438968163
UTS,2988,0.6239357892646833,60.51622000272088,43.49913376515575,43.2353282565332,46.84792611903779
UTS,2989,0.4871876475656952,72.55582809019973,50.18614688146,50.37984586345987,54.128492670984464
UTS,2990,0.5308317380046585,71.61365895632888,52.45819822663082,47.85282388940878,51.76530025541921
UTS,2991,0.5310590302480238,65.7850788309166,45.89185087135242,46.40927323432913,50.08478731182204
UTS,2992,0.544730158551213,71.27716582001241,52.31964728600691,47.96701385418358,51.006838628838466
UTS,2993,0.5834170659974494,60.734753914446195,45.39959540534883,45.010243921945225,48.234955706543765
UTS,2994,0.580454566575102,67.69539610770225,49.127462651150594,46.287809830973195,49.11067674782848
UTS,2995,0.5164979432861578,67.41009350354962,48.20292417663869,43.985894159172936,46.92539755429641
UTS,2996,0.593642027651742,69.1769302442745,50.030672008799584,43.21482271721845,46.401535686703866
UTS,2997,0.5033335885406052,69.97512067196428,51.22279826483767,51.08522593367313,54.607339307919396
UTS,2998,0.5148238885571059,82.44695176723026,60.27212958137822,53.15975289814681,57.52009449750119
UTS,2999,0.5145387115590642,60.85330403959978,45.11824986367831,45.023907501192916,47.92292987618456
UTS,3000,0.553393431342135,72.1362868513154,52.08889135595885,47.952036739447074,51.166457632585
UTS,3001,0.504355191619112,71.33785808406742,51.69550315271774,47.02259770849403,50.69831006622815
UTS,3002,0.44250646121337534,71.86270428625599,51.30760924601883,47.61923870971885,51.32765440057305
UTS,3003,0.5086856691385981,71.84470540177972,50.24959734838341,45.31187418124805,49.098051368529866
UTS,3004,0.5227699451634641,68.95276969016818,50.29487707851873,48.94636532282062,52.13468881607503
UTS,3005,0.5509837125185766,63.991888072385024,45.25688434209945,43.742985301931974,46.75999131774628
UTS,3006,0.45569300078947683,66.86460030531642,49.144692840461516,48.543162265876965,51.82445660767251
UTS,3007,0.4769142836882512,70.74393651144464,50.965267861668465,48.81814736249187,52.07878811311374
UTS,3008,0.5639269581136903,66.12123559779627,48.5332100009901,45.735827969916706,48.93087007254442
UTS,3009,0.6163697373975063,62.55517565512279,45.07789344656952,45.910351543718896,49.8046017376018
UTS,3010,0.5840419658330129,60.567212797754806,43.816378961497485,46.51581015084055,49.780992105106805
UTS,3011,0.5749806772330704,67.36389012493076,47.84763197996795,47.74675313078759,51.38555691435488
UTS,3012,0.474557798491404,70.78676236183952,49.99667546956194,46.84647203793405,50.64954337945288
UTS,3013,0.549278515586155,60.236766176425,44.503725927872836,43.84791739361425,46.405081095420584
UTS,3014,0.5388807269772884,75.18679270103932,54.227709043651174,48.44000795628653,51.81149695760673
UTS,3015,0.6315845535134186,67.65559047238307,50.61168433846123,44.4599929715341,47.222701801765595
UTS,3016,0.4620196486688741,68.33880798067626,48.07105032755688,47.19057902780712,49.993304350930416
UTS,3017,0.4546849795755601,75.00642117410473,52.35343471867095,46.39727647395007,50.5334211098859
UTS,3018,0.555696278777062,68.06249796173992,46.821893018519404,46.10173854122307,49.13647384503204
UTS,3019,0.5218522769256966,67.64333054830426,48.23385136469685,45.23826473006121,48.2724644582576
UTS,3020,0.5452264607758667,71.51035463761552,51.493070406244456,47.66533692458499,50.88633770906028
UTS,3021,0.5022944881840187,60.75895357338181,44.215438016010545,42.80072925175726,45.37745718999764
UTS,3022,0.5627838768085763,65.95228165130662,46.95333983918825,45.99173475670048,49.3316199026819
UTS,3023,0.45839202177119365,66.04253256638084,47.348558660736074,48.141061374093624,51.51798668368425
UTS,3024,0.5464897640679456,66.65172904697278,47.299384117204134,48.26255767472935,52.22206142475324
UTS,3025,0.5529449238733013,67.44704697377927,46.37779972687847,45.9043236627247,49.17727707560154
UTS,3026,0.5506199870383166,70.05332811253449,49.920343601934896,48.95172424185069,52.896601085709726
UTS,3027,0.5359615948001413,59.008556793078434,43.49314517385292,43.14583151625038,46.3397794019779
UTS,3028,0.5839971174974261,69.49880766075586,49.56665920936788,49.34693624315799,52.464377638681526
UTS,3029,0.46913913374845606,68.81700065545334,50.4246584594511,47.24698486225233,50.57831220956049
UTS,3030,0.5958909306308828,62.22093787558339,45.62895281698351,42.15620587537645,45.193819676950056
UTS,3031,0.5027502926705634,73.29188368215148,52.63751255069475,49.705298987886586,52.788456408271045
UTS,3032,0.4205728657419606,71.70900640736554,49.769537382143696,47.00658156949674,50.50687758403448
UTS,3033,0.4554854269495284,62.843677044928,47.22126788571867,46.99330799177153,49.611323489118995
UTS,3034,0.46664738424420227,68.22177355274104,48.93040007767224,44.10096472606338,47.59155676741836
UTS,3035,0.43087300198661505,83.64745425272335,60.38772221089677,55.00617386945614,58.080177201332575
UTS,3036,0.5163135674020238,76.67257720452544,54.45408253508428,49.026803149463674,52.671707474119025
UTS,3037,0.5026681798263348,73.24466373204018,51.35377422788815,47.90170554958584,51.41642758110699
UTS,3038,0.4910775460295296,66.78066504604142,48.419960968990246,44.96809707686992,48.47798380776439
UTS,3039,0.5261375527620127,62.5262291682321,46.35088029921198,46.33414782350887,49.483495009784285
UTS,3040,0.6000125054526404,66.01892586922155,48.9197490086168,45.92043351774101,49.39480647838766
UTS,3041,0.6287746506269956,64.42756168829027,48.53870288691336,47.83137789418879,50.99341463639068
UTS,3042,0.5905135198806616,63.53625111598263,45.526498521359066,43.75583675701554,47.46773341485353
UTS,3043,0.509641537532581,72.08352759052707,50.25055779811708,46.54139490042557,49.39711310408969
UTS,3044,0.5826368348068813,66.1881714270746,48.87430800592621,48.34281310644263,51.53318902794391
UTS,3045,0.5094794172012411,66.60137907481221,49.03393360642198,46.231531588553004,49.58521398612504
UTS,3046,0.5177246211197934,67.39644979646346,48.632420129519836,47.35434419070159,49.703105136883856
UTS,3047,0.550348582060731,61.3779150933434,43.44610903466841,43.90206948571187,47.49326474421887
UTS,3048,0.581878406023441,54.45204412617117,39.72589963721263,41.66587617042252,44.85195335677578
UTS,3049,0.4539843336492325,65.07345396484256,46.41556297123266,48.104456070691036,51.844200686328925
UTS,3050,0.5719067125716337,62.2448628888362,44.30780254181986,47.397904067235835,50.241770208026146
UTS,3051,0.5924035631334432,65.66119082788866,46.64906202778284,45.52490876989156,49.05446625309085
UTS,3052,0.5066816947271922,73.17278591251954,49.65974658414484,45.286266466368865,48.8816172228908
UTS,3053,0.4907010721408437,66.96851033778795,46.99615777317771,45.38951205630136,49.50206213722761
UTS,3054,0.5011570453668646,72.37695012419044,51.71242960962561,48.794653274453395,52.23500678989786
UTS,3055,0.5603077593362441,73.25090469470652,54.35305134440929,49.381191527588456,52.97742174841084
UTS,3056,0.5557443855299096,65.77633338419975,48.96192698973556,45.00281367479482,47.74913363076919
UTS,3057,0.5672937260305402,69.98542841038622,50.17645116414509,46.30789625697316,48.81365017499703
UTS,3058,0.5034774673632312,71.07362814297485,49.84074218464257,47.99755940582305,52.293467020982135
UTS,3059,0.497945560454081,78.00265331608911,55.389717775285796,47.556431122678426,51.17759222437558
UTS,3060,0.5501443476452258,72.95883461738677,53.217027755968786,47.95488818557022,51.52755372048059
UTS,3061,0.6536817399411681,59.09916535512034,42.24710704908651,42.73993786949582,46.06253573745151
UTS,3062,0.436464972931608,71.1842893277102,49.430648880531656,46.21273412199339,49.975349488291855
UTS,3063,0.4904309181870873,69.08406618155854,49.67624102854584,43.28329243707315,46.90879971685255
UTS,3064,0.4929631967686723,75.20297249785928,53.88298223380642,48.425935191364715,52.27311734621277
UTS,3065,0.49144531808427006,70.2344280915917,50.19349964655983,48.11641534961778,51.27252400999857
UTS,3066,0.5127413472735431,64.49364772691332,45.85150243765849,42.945714954332864,45.72975089553153
UTS,3067,0.5787177938032733,67.29139655587392,47.42523552116706,43.32813684527007,46.881181193285876
UTS,3068,0.5341621781760008,73.80174246371783,53.37254106892821,48.37828179401827,51.56427913315112
UTS,3069,0.43836070927985893,71.59244320876671,52.50132332188717,50.424341123619264,53.447507588906454
UTS,3070,0.50634865696245,68.58478036756914,48.453972917620945,49.18685727632232,53.30234314290257
UTS,3071,0.5128359862443246,73.12072667885529,51.58229314413928,46.4161208625035,50.06491558120863
UTS,3072,0.45280750576523265,79.27221900210641,56.31227114095457,50.974145579032545,55.73239092765675
UTS,3073,0.48816640883933804,79.15920356634258,57.87596728204833,49.47556045498721,53.417863046501786
UTS,3074,0.4919681953472741,66.574459781923,47.86449879268527,45.38168900441255,48.789413497320936
UTS,3075,0.5173192661783405,65.83377378490839,48.713024767604765,45.22457984892614,48.24031066039476
UTS,3076,0.5892745810043585,64.05685660156821,45.794950363270544,45.91955583555885,49.27607791870036
UTS,3077,0.5773490101524967,62.400473120602875,46.29518275074491,46.9101311438293,49.75436234344508
UTS,3078,0.5252410801069834,67.06649137449507,48.81770332093996,47.497639422823816,50.70820844300635
UTS,3079,0.523784495609114,64.95974844416493,46.87879830967856,45.59414915942433,48.69235755141946
UTS,3080,0.4169290304832418,70.26026303397403,52.03563430783765,51.7578687696152,55.47843163517618
UTS,3081,0.41029071798147776,66.80943739119695,47.970473230878625,49.19700637145546,52.93986101436522
UTS,3082,0.46469982978722235,78.11434012817874,56.59880068140922,50.106421748753725,53.51045620724371
UTS,3083,0.45733456184361865,71.06083818919335,51.277285641705944,45.68566034096656,48.70158850314529
UTS,3084,0.5348383319257775,60.70690683308548,45.62246831665302,48.01550370600946,51.12165085704614
UTS,3085,0.5637138819367833,76.34875917193993,55.06826248833453,48.47545610579539,51.88764498757155
UTS,3086,0.5856209217528514,68.4529237981487,49.34698789203998,45.51431481749047,48.41152958788767
UTS,3087,0.522391291135269,70.81888133052404,50.96961743564373,47.31516324780766,50.63738775701425
UTS,3088,0.4381412750007172,78.09106492647386,54.183904595786856,49.16520011805154,53.11553170906441
UTS,3089,0.4834091500673666,75.52943567464233,53.374762547036916,49.42306366818708,52.88075147145363
UTS,3090,0.5273144912622787,67.32220837069005,46.75396563120905,45.32645075817662,48.584748408752496
UTS,3091,0.519022919783807,63.517855279722866,46.72395179476886,45.9123476429296,49.91938970276185
UTS,3092,0.5529326059069491,75.00236143574952,54.140282961556686,48.57045988909127,51.6354778209789
UTS,3093,0.49687223359919785,63.59259535950506,44.64817285929479,47.83691813100103,51.8980549484666
UTS,3094,0.5349415076659296,68.85239484457867,50.28439567025045,48.76441910100508,51.70332865205664
UTS,3095,0.6039939628619884,65.91831432102494,47.45255721998015,43.50251052623479,46.62149827531558
UTS,3096,0.5794576734097211,61.9254455833789,45.90803846033331,42.95141060733902,45.95544959541837
UTS,3097,0.5535181528664654,60.524335752142946,44.75064049240841,43.92410640525039,46.626461705885234
UTS,3098,0.5664349016342729,68.21732859433367,49.772517469598405,45.746172713172996,49.14067826756212
UTS,3099,0.5144372561838265,71.85459500762535,50.777425996305126,44.042068287700744,47.14844037528515
UTS,3100,0.42858114264292546,66.60922708768557,50.23902318468521,47.45752351181622,50.88746463360988
UTS,3101,0.57567750198866,75.41771890088643,53.69557491468174,46.50948768786221,50.115525851239504
UTS,3102,0.5761593401286355,64.05949273610257,45.152064734846995,44.09214715619797,47.66958589937979
UTS,3103,0.5203873300762621,72.80127073606951,50.00614064885663,46.054235133640674,49.187270171377044
UTS,3104,0.47656645697288536,70.84403644623004,49.6063763439118,46.59836055052918,49.636152212379045
UTS,3105,0.5756152283895453,72.77021410850652,51.24809587929545,45.75735795781779,48.96438218338052
UTS,3106,0.3894583772023431,74.70691671061884,54.085304806480444,47.53617891894744,51.342786329359235
UTS,3107,0.51704778007494,71.38443373473388,51.18753618220142,48.68755788161351,51.49177388520572
UTS,3108,0.5371093910302871,66.93671990645902,48.60293928710586,44.710670886723065,47.685900304764274
UTS,3109,0.43809280689924446,66.02755435213028,46.81719650242051,49.1079230439998,52.95539160357355
UTS,3110,0.59691775243109,66.8917681634828,48.988432241268704,43.056594531280375,46.13717340732317
UTS,3111,0.5369033217440868,68.82206392788632,50.39317477387229,48.978307946656976,52.48101214009983
UTS,3112,0.4631914700158557,63.86000405547328,46.37328073215209,47.615798356397356,51.45925586079132
UTS,3113,0.5202918982022198,67.13865226040537,48.76971101285354,49.376002905871545,52.615098912189715
UTS,3114,0.5430144653638527,68.35459128699803,49.159807741599884,46.352595387435095,50.135726010484625
UTS,3115,0.5322252744614349,67.33222314674124,49.172129281078995,46.30164046223702,49.553772980085874
UTS,3116,0.5323015528691233,67.37764625263604,48.889687846702664,50.49147867771545,53.92453859854062
UTS,3117,0.514945389971114,72.21786498354216,52.48748117336635,46.33496476815983,50.01685644109753
UTS,3118,0.5873353792373935,65.19208886883838,46.62272098321434,45.55141527442435,49.28337821609758
UTS,3119,0.5041805498672229,72.1627767914422,51.32409757601218,47.875090005577114,50.88195301668624
UTS,3120,0.5454762011464971,69.06804142469062,51.95122497990609,48.457137964968005,51.707536898764104
UTS,3121,0.6371751798767755,57.5785918678574,42.82644183590629,43.55894569458441,46.25122440137232
UTS,3122,0.4778057148221537,76.91733785002552,56.044756736149516,50.61665669801838,54.20936937965727
UTS,3123,0.4458795556987232,75.94202624291354,56.2800107567695,53.44462685514368,56.82735942290434
UTS,3124,0.4915195820092262,71.02186859198262,50.97827605585522,46.401761204588524,50.15529182805059
UTS,3125,0.4888282666193319,70.35373057067248,51.70899450284829,49.51337763431758,53.23091559748578
UTS,3126,0.42939746650604027,65.34306344733622,47.56942067346493,46.03238399645307,49.832952046576615
UTS,3127,0.5744829363637243,66.56775636706615,48.84008582860734,45.46667981026101,48.660004423543455
UTS,3128,0.5026670621725828,71.02104062732266,50.69115096811534,48.844699399133766,52.53158198439542
UTS,3129,0.5110626579431253,71.81241718540115,48.936707371492595,47.684966158321224,51.26940629967486
UTS,3130,0.5724385797108322,71.62675672875851,52.427165960270905,49.46891239007762,52.91496221323093
UTS,3131,0.5988673942225967,68.99090455290941,49.991768600402516,47.03289072328237,50.30322141858089
UTS,3132,0.5360208325547862,67.81473438375438,48.66474227107693,47.75995697789344,50.87270407246064
UTS,3133,0.5357036583325284,70.01587559157973,51.213424167408114,48.07672624939885,51.51193593773911
UTS,3134,0.40579045415282,84.08401028405282,58.69108940185858,51.0457736798798,54.79900534811066
UTS,3135,0.5464160238287783,70.41317706071864,51.25622862059565,47.38368763753298,50.113017602875374
UTS,3136,0.5060861394715019,72.82080391198596,52.69439104554867,50.801664230827676,54.44977904736204
UTS,3137,0.4339849071531906,76.75179312499979,55.2239521638136,50.252536747366335,53.73827309181783
UTS,3138,0.5328734895685354,70.83704761666736,49.27766722156773,45.81674296209685,49.629681108246146
UTS,3139,0.5115556307067946,68.20030059999169,49.53797693383083,48.379976478088565,52.147732451839566
UTS,3140,0.5741176943266317,62.724094639940226,46.28239779883878,44.008695341502666,47.210401289113975
UTS,3141,0.5873512676175754,62.89737177152589,45.70977510079047,44.56926465412375,47.81295811449699
UTS,3142,0.501862636790511,69.27878300698082,50.346903550262596,47.28939410102655,51.09532153776926
UTS,3143,0.576263930271983,67.31719845912198,49.06158532264693,47.79017092115182,50.863783588839354
UTS,3144,0.4690972841995156,74.07207073768699,52.65934954913296,48.06114940699604,51.64443776833633
UTS,3145,0.5106386955184241,67.21350047861854,48.07612152890348,47.74133652713845,51.93913003790413
UTS,3146,0.5447627215278976,64.55046220399228,44.56611586235756,44.742521912222884,48.2115104930777
UTS,3147,0.48583158439622887,69.33841822236714,50.861022901465745,49.57842635560409,52.86767142227386
UTS,3148,0.509082871817621,65.59493076458843,47.30959368055779,46.776411582283345,50.49826147184261
UTS,3149,0.5744284929822706,72.8493477996649,52.59579247716283,47.518769435924355,50.91163625219416
UTS,3150,0.43709133639552333,69.145285779841,49.100895031025196,50.19559375680773,53.498626747161694
UTS,3151,0.5371470728178489,69.634486351064,51.30576134515264,46.925131237502505,50.72771229318148
UTS,3152,0.5311402099388491,69.98246158974415,51.72463205403852,50.023235854620836,53.0671803418552
UTS,3153,0.5034408091919349,66.91058146911129,47.74221091409874,46.815253745816484,51.099313437847776
UTS,3154,0.5017321614490574,62.76426695016689,44.78345384870101,45.44615240702555,49.446914410637525
UTS,3155,0.5069935930496154,68.05477738985567,47.75616445898566,48.35223265028264,51.948657978590035
UTS,3156,0.5265431710417698,65.07986395167529,45.33228854371667,45.23216118923372,48.223912461441266
UTS,3157,0.5161542134847714,69.81855471386358,50.87690691496357,48.26309120108079,51.47567322619105
UTS,3158,0.46236174399931096,74.47435265974892,52.95813890426807,48.18790749262659,51.32604485385408
UTS,3159,0.5597369416123628,66.47525308217564,48.86813250915446,44.910866809687136,47.548989751212815
UTS,3160,0.4757258448093513,72.0332777141425,50.68663240819039,48.7024454773906,52.438265658050135
UTS,3161,0.537965520374115,62.2028169391941,45.59412295173498,44.211376682629606,46.756202410545505
UTS,3162,0.4752177487334821,76.35527771493004,55.481952384198706,50.516734146328545,53.81624198065549
UTS,3163,0.5103923640831596,73.10757390277145,51.93758836940029,49.09928878935935,52.988024100548046
UTS,3164,0.5909325150907118,66.06547285076984,49.23581235305471,43.26518838676413,46.56544187322006
UTS,3165,0.5920742865040513,73.88699856360738,54.798395593553344,46.61154321424845,50.090374911485654
UTS,3166,0.632373162643245,60.70229253753581,44.877095735136905,43.5966613429494,46.81695376451232
UTS,3167,0.5403594079103948,63.319367076600614,44.69288288589693,44.65883171867322,48.45546533026032
UTS,3168,0.49237319847377026,73.61469937710643,50.67115250158213,47.56057863091716,52.09241010225378
UTS,3169,0.4796818657784294,73.21131376510718,52.69699660944536,50.94863162625713,54.4917774274896
UTS,3170,0.5012595939539736,77.27639493786951,54.68701731730779,47.58228142750659,51.147595016662045
UTS,3171,0.4952921721120095,76.89789246811412,54.884803966332825,49.20386728484122,52.42488908991521
UTS,3172,0.5153118292328525,72.63641857114816,51.9544153243391,49.19950968637459,52.6234896736182
UTS,3173,0.48777709245449585,66.94734739277371,49.123894994504006,50.09215399938399,53.63910318149174
UTS,3174,0.4676256833731841,72.35749986180026,49.94256805520259,47.274213396064084,50.747101005099914
UTS,3175,0.41751336337205525,66.76170566405342,47.39293682261218,46.548572469374925,49.8408693149517
UTS,3176,0.48011648295387366,72.01597377398902,51.66725650019075,49.10286332214519,52.43901961273008
UTS,3177,0.4353948205010342,64.15118383856269,46.95894018425941,45.75233819317799,49.424000135076426
UTS,3178,0.45326446923077657,71.55514877030997,50.43405399414653,47.57396139535185,50.47754523172916
UTS,3179,0.5330746605569974,69.21665952589356,51.080588826961964,51.8473986928762,55.72644373483987
UTS,3180,0.527176420666285,76.53237119540658,54.49095605649896,50.9932138612386,54.77575679706651
UTS,3181,0.5219229362635119,70.70553737910724,50.775538108466534,46.36735279180387,50.35751637550319
UTS,3182,0.48008145904591926,70.3356054913476,52.01024228401895,52.91962973418464,56.32728009145112
UTS,3183,0.5282434784149133,74.88846834888581,55.67550804033119,48.13477385733016,51.53696768488479
UTS,3184,0.5492327735228719,64.62083563998164,45.50591640728226,42.66520016610872,45.96878191863535
UTS,3185,0.5825731760031503,66.4116763831515,49.775410874146495,48.39104350939201,51.30975764177929
UTS,3186,0.42377482999045457,74.39874620351918,53.216918306083244,49.88012884632335,53.809300635309434
UTS,3187,0.5687792557770194,67.03159664935936,48.0718677897497,43.57504720226174,46.90307434843953
UTS,3188,0.5154023416785568,73.3230507419147,52.5051474759618,46.15262011093876,49.3976579152327
UTS,3189,0.5569155886249575,61.096011049550185,44.16127099372768,43.81482721583362,47.3512742229521
UTS,3190,0.5561731484616176,64.16214050164612,48.007933340114384,46.968823048268746,50.55482556140207
UTS,3191,0.524747555964101,71.88640582258778,53.013633931939594,49.01924186978043,52.519352156635556
UTS,3192,0.5832666515801586,65.18427447240073,47.66668127433274,44.01443495800028,46.75707617000318
UTS,3193,0.5133350681413189,74.48561918895852,55.470953857477774,52.56538087005834,56.407545296136185
UTS,3194,0.5401881230122869,75.41159014166037,54.039874600873446,48.61522779701383,52.51269564023405
UTS,3195,0.5067168643838476,64.5866679336868,47.55138968476448,46.66816905555854,50.14363474586521
UTS,3196,0.5065330282986502,65.2640020289975,47.224219246747694,48.29834900410267,51.90770001090257
UTS,3197,0.5016444883803486,64.81256549435726,46.438838165154074,46.12799303007546,49.23153017579631
UTS,3198,0.5142872068989917,72.92087191704346,52.99844150484237,46.79422902556427,50.130830624870846
UTS,3199,0.4515969194786912,70.81795123173102,50.7056511840889,47.25341291933862,50.82275395238719
UTS,3200,0.4923222107009232,69.04331160921954,48.885151782963554,45.86854290306093,48.810966533798364
UTS,3201,0.5661578338949744,75.96087141935539,54.76765632528945,50.21195425822627,54.074025462378614
UTS,3202,0.5665748881371206,64.92688790763931,48.21588836082929,47.733573743318615,51.10919990948489
UTS,3203,0.4809683922633504,66.01743090162496,46.11809320118004,46.27634713559925,50.05355093221654
UTS,3204,0.59646841153843,64.10163084295185,46.45710133346974,45.10329659918921,48.47916706875934
UTS,3205,0.5239935189708196,75.66638002915506,54.90938004755194,49.00276418538471,51.60872834897097
UTS,3206,0.509733060873604,70.40235270026766,52.080717116483484,49.619288049769104,53.360103736447186
UTS,3207,0.4705962869825099,68.2898501394702,48.23235843302408,45.18297008445004,48.25546982353075
UTS,3208,0.5493440920184491,78.4075439853405,57.843478664211176,48.01673931857309,51.96472167961075
UTS,3209,0.48687610124892466,74.920197330555,54.17594482193734,47.677225890192055,51.87397570515208
UTS,3210,0.5920918396222263,67.15979184408941,49.23824709664657,44.88890497395288,47.91123636426297
UTS,3211,0.55690416231572,69.59748806606032,50.39117045833148,50.04156638318421,53.331608450791435
UTS,3212,0.4429053402579225,69.36028696412033,49.93612756907299,50.09798923215643,53.46457483573256
UTS,3213,0.5891310602002626,66.35373379892837,49.92993892073331,46.63004572011853,49.432129260953644
UTS,3214,0.4908608365224556,66.39601490416005,46.94030411766856,41.95181953903269,45.14037137619116
UTS,3215,0.4476141781494124,77.46367807967164,54.735459271165986,51.19469444209118,54.77211055143369
UTS,3216,0.5535195297778486,70.7730989198831,51.18304013601209,47.68582926452212,51.412936852902696
UTS,3217,0.5176469732199203,69.15312697399861,48.80197884884618,47.618723602954724,50.53401231792072
UTS,3218,0.5932304717536103,70.03614981148723,50.82828662297553,45.50136494509476,48.979139539327136
UTS,3219,0.4899892894927199,78.50759173316848,57.596927456411144,48.42259432207402,52.04238123903158
UTS,3220,0.5794453111049833,68.08670816503819,46.629673976437054,45.224494470355296,48.40423486739462
UTS,3221,0.5581439797275835,69.25589154490531,49.25355425124974,49.464418158088755,52.99661270949549
UTS,3222,0.6193095388184008,58.224921375089025,42.730702399017105,42.73499379219922,45.81777654324164
UTS,3223,0.5681388046250906,67.0814030422195,50.14386064591283,49.637086507056694,52.56358436670909
UTS,3224,0.5566169770549145,68.16424491405589,50.32921451687721,47.476891731984004,50.51846921429853
UTS,3225,0.4726602101327825,72.45051842892883,51.708524993222866,48.002327355058945,51.79341612779104
UTS,3226,0.5550505195132284,65.76065389073587,48.69494685434565,45.51941677151669,48.531606297961616
UTS,3227,0.46016354341915333,77.86720304109022,55.49709548699866,46.86361681918747,50.39121471980351
UTS,3228,0.5476786250266931,64.6439752908338,46.52591984863292,43.49080205989411,46.694102356005146
UTS,3229,0.4363101592194115,72.73269671496533,51.8283494417798,51.057701949426686,55.169366394825815
UTS,3230,0.623446203150722,66.44556256841288,47.743520569255615,44.80249861049526,48.23174424297029
UTS,3231,0.49820733753867485,67.56115853385532,48.793763678662124,48.88557034220537,52.249011654046896
UTS,3232,0.5647259968094791,58.45231074729341,44.06731105514725,47.2440053435998,50.49599085861381
UTS,3233,0.5544217643588196,65.90414963014051,48.20447845094984,46.67281036872437,49.212040169804794
UTS,3234,0.5250337047734857,65.19645693941386,47.06234129515497,47.47186394343587,51.10113700240334
UTS,3235,0.5329624755751101,76.43731984542198,53.645615167461266,48.074447910614424,50.96136467149555
UTS,3236,0.448970406940844,72.3641043839195,48.91280552473817,45.63454794259575,49.9508819679692
UTS,3237,0.5055660965376771,70.7964107340972,51.190030395589616,48.59293623819085,51.69960341383397
UTS,3238,0.4740101083787681,67.72740424260961,48.50497361636109,48.15221939312667,51.7945935795244
UTS,3239,0.46172109595899236,73.42068350549505,52.665936069464856,44.83568613407273,48.55723601943759
UTS,3240,0.48446524517662126,76.65100060292485,56.32300226327534,52.04121373160634,55.60804138776153
UTS,3241,0.5648295662093468,65.30382507277737,47.8475968670261,46.04788448038367,49.63291185842777
UTS,3242,0.5518876523291658,70.9463987153198,50.619038378485364,44.381739915954576,47.6280066984338
UTS,3243,0.5680138993343572,68.99862757721709,49.63416348947348,45.66616176991511,48.69635153620877
UTS,3244,0.5386915298329475,67.50358081728852,46.6348661741664,42.61768819932135,46.018823990151965
UTS,3245,0.5150212389508024,73.38599957286702,52.77402764771519,49.014632416637504,51.70727503249962
UTS,3246,0.5583946046231745,74.84730803165364,54.05940249274269,49.378422317277014,52.69224876085701
UTS,3247,0.499287547860942,67.85594198405634,48.37261357877699,47.68700641254602,51.21061206083886
UTS,3248,0.5207050398163117,68.1951366685012,49.0884795421782,48.69828748625066,51.69785157366266
UTS,3249,0.598205325233607,66.16563590902294,48.38783528197252,44.68009664302343,47.93626032686177
UTS,3250,0.550963594960759,59.8440419758178,44.40444954800824,45.19021552338779,48.477529844126174
UTS,3251,0.4763964827777034,67.48897491041137,48.03419662723463,47.58843474212165,51.47502550882994
UTS,3252,0.595745746339763,61.302064275148936,44.83817319396488,45.14482465606378,47.795499138438345
UTS,3253,0.5434036129993447,66.75661631658616,48.36441299259079,48.778925885926256,52.056619116859615
UTS,3254,0.4943035820424587,68.76901622855355,50.06889332901614,47.52935239846453,50.830080125634574
UTS,3255,0.5387486402023807,66.27903788594884,48.2167683306321,43.59929478164338,47.1982401225246
UTS,3256,0.4794651577958059,71.27669492781529,51.75391080469162,45.86703484413812,49.197018128922466
UTS,3257,0.5142705434093964,62.98907939328336,45.63646867350972,46.006394396982145,49.488709835607345
UTS,3258,0.4864334009007132,74.04619212842441,51.44025543282133,47.545266011690664,51.485071449884835
UTS,3259,0.5948012491988758,62.12661512236221,45.639666905352044,45.17128084773089,48.22835283636167
UTS,3260,0.5248543687050848,61.88250599884014,46.549200238890876,46.12494952448977,49.36346968288525
UTS,3261,0.4982891094285179,70.4632037385922,51.376563985919034,49.46446000532454,53.41913052762379
UTS,3262,0.5082760140651958,64.49410405272381,47.95129544832639,48.53470769771902,51.8909433834924
UTS,3263,0.4929364325726644,75.45138841509039,54.11691128444404,48.045908221041664,51.8832721942689
UTS,3264,0.5398521575072752,76.75753723312704,56.89191212971876,48.55653151636218,51.852092782288516
UTS,3265,0.5281478724325108,79.36246353411603,59.87837547963246,52.6634759210802,56.11321640890533
UTS,3266,0.5290934570079674,80.71114830622237,58.80410607955867,49.99480550751093,54.20978797308966
UTS,3267,0.5268638498189162,63.87900083685857,46.865311053954855,47.635372193464406,51.20353867286471
UTS,3268,0.5917464417034823,70.31675107137679,51.89494904159656,44.35997607833647,47.4357495285001
UTS,3269,0.5508192515889794,71.46514167972957,51.88031567674171,48.79737101681167,52.31699392153856
UTS,3270,0.5059033354975588,73.10827741402633,52.57796300840148,48.3087103214095,51.63277918192474
UTS,3271,0.49868517082890707,73.56794626183695,51.53162310549337,48.839870493183724,53.00855753959888
UTS,3272,0.3723448792235736,69.8209115776129,49.22580804362868,47.24946235649426,50.60594979123876
UTS,3273,0.5346685430577404,70.94812759856603,51.10035581002188,47.02736263399815,50.361344352075086
UTS,3274,0.590063736517479,64.90253036819155,47.02879955671487,45.28699960625877,48.35511446610968
UTS,3275,0.5504904511233605,57.55711720463425,42.09855918845535,43.426176119138255,46.549090305413216
UTS,3276,0.5584132307586274,67.75111270321797,48.6611874584499,45.4146392884267,48.99779925343011
UTS,3277,0.46188733440234864,67.57519987550127,50.48189568008826,50.75447719412808,54.193996142396415
UTS,3278,0.47015297357910313,77.5856559756428,55.50949649909604,50.156624563367146,53.1017474229847
UTS,3279,0.45880022534293974,68.23169180968918,50.613042235258156,50.543827573429866,53.72389153357021
UTS,3280,0.4383136945936109,72.94683646895649,52.10115597108756,47.630639732903575,51.22859899005328
UTS,3281,0.4399553218546498,66.87957151253545,48.582692157242704,46.07655980735849,48.9636663464627
UTS,3282,0.570613626127026,64.1685265848025,46.18777585249631,43.44570900181856,45.8854297011971
UTS,3283,0.5798242561219564,69.9044108035529,51.80987176311002,47.551005021040815,50.79000689123938
UTS,3284,0.5999529359603224,69.22152127733571,50.574684747603605,48.0584938325866,51.449298294116836
UTS,3285,0.6613468491912666,63.377479156561165,46.784963659826076,43.245498029072294,46.838890595897304
UTS,3286,0.5802828044127122,61.30743847800373,45.411490745949884,46.643515753019436,49.5324177716992
UTS,3287,0.544928934628587,65.55891076976557,48.29482920247426,48.062851569264666,51.3156713000485
UTS,3288,0.5286000633328483,58.834032995154594,43.83108846414504,44.03906498333229,47.105799575804944
UTS,3289,0.47112894528150173,77.35282377683804,53.92125708475268,47.89806440554426,51.42725800136342
UTS,3290,0.42860076967755,81.9014747603239,57.02478907153662,50.4785767823875,54.56192638665433
UTS,3291,0.48759571036485383,66.89618760113403,47.9551050964185,46.985511120772316,51.018739862755226
UTS,3292,0.5825910259393381,65.87317692376396,47.5584340761841,44.64731681400635,48.049608794798594
UTS,3293,0.5673770832690825,71.30636334960818,52.59783452284168,48.87507256223745,52.30560917139784
UTS,3294,0.425008296522532,71.54686051993961,51.305697188149374,52.02263178360805,55.43506043107962
UTS,3295,0.5128684729485297,65.9845209198211,48.127513237610344,44.89694667756599,48.47922068400589
UTS,3296,0.4732592113842313,77.5369225013486,54.31673503769416,47.61740465417444,50.77612403407793
UTS,3297,0.4666194794894585,76.5413901595656,54.90798461009137,49.03343201840355,52.67716870368675
UTS,3298,0.5238362307679064,72.75907941549397,54.15763425984673,49.69811110267459,53.09563563766063
UTS,3299,0.561555758319424,62.550488378094784,46.83523383835585,45.97554038893719,49.485529677172735
UTS,3300,0.5920538338329271,70.45840217200599,52.861975116697266,46.25065679109837,49.359650941593934
UTS,3301,0.4936466787414612,78.64318339270766,56.10610871784475,47.33971624451386,50.40979410981527
UTS,3302,0.5935853965961979,67.88377869107973,50.1001509591414,48.243930547649875,51.220316655238776
UTS,3303,0.5394077338588378,65.81449518024124,47.22292352893555,46.83109071056522,50.43158979658257
UTS,3304,0.5719739584205941,68.55376090093712,51.75137242868203,47.804004265869615,50.58642129049456
UTS,3305,0.48951574674575504,73.30737331042421,54.182281970709404,52.41138796773716,55.617861740052334
UTS,3306,0.5333308401196966,68.69472690367213,49.77472519271351,48.058540302834544,51.49508393514902
UTS,3307,0.5352340736087102,60.88031402332581,43.492447490848704,41.78668016517855,44.918510525571776
UTS,3308,0.5199395893026684,70.45828570537556,51.05985881031079,46.54864446039952,49.63701925301148
UTS,3309,0.4615982841203996,73.91793295929439,51.8829801929919,48.550895459670365,51.96895715755938
UTS,3310,0.526305944789937,61.139991572581486,43.799090167588204,47.25379227300486,51.00724115645248
UTS,3311,0.580502650659602,64.6678509647866,45.85558433380857,42.3815500336147,45.19301095478223
UTS,3312,0.5936872594240867,69.89902986384337,50.115013268601366,46.03412624913886,49.436577960317656
UTS,3313,0.5513661446013911,73.32098420787047,52.05698219693919,46.19150171001192,48.66917795668157
UTS,3314,0.5683692866970476,61.932771163553,44.15813034658589,43.64556245530638,46.86116881113796
UTS,3315,0.4358248052329473,67.03060125042003,48.61286845496203,47.48948567855775,50.88837471038467
UTS,3316,0.5147008998822353,65.83728407505723,46.378325971843346,45.931126155093075,49.09112087473958
UTS,3317,0.46849705347466775,72.909916167499,51.384642702221576,50.43560118178771,54.803421455041914
UTS,3318,0.5716457379005975,68.18157331155345,50.573372590891644,47.93778165538781,51.50659212097563
UTS,3319,0.6493238075531671,61.71621506080519,43.96633470335044,41.7649989951383,45.34824366944713
UTS,3320,0.4769381910246553,70.46263391886127,50.21479477497466,47.776708482933444,51.7546422630858
UTS,3321,0.48960562952766806,79.92788858433825,56.02241064383413,49.370875640876726,53.17565547200858
UTS,3322,0.45911181528472156,76.00741031580046,53.92576960084814,50.46600166664243,53.450886928774175
UTS,3323,0.44210857920747937,77.6703604950838,55.75686657736335,51.70124587161185,55.117988708951145
UTS,3324,0.5278209129515068,75.85668299411688,53.1442618298678,45.84522803047958,49.26858764427265
UTS,3325,0.5763022630206349,58.857543074493975,44.09073711208784,45.8138590268882,48.60528513320966
UTS,3326,0.3881561655905058,72.7531426749718,53.46687816253165,49.764927972073195,53.752166629249224
UTS,3327,0.5733428848747004,69.46108910819771,51.76641275539413,49.96283424710213,53.64649250315699
UTS,3328,0.5838760081053695,72.06852826508691,52.5544309608411,46.00072040457762,49.435560390553476
UTS,3329,0.5481192211692896,70.5855796501741,50.29901924654103,47.28569487324586,51.16295091717036
UTS,3330,0.46431851700053084,64.1060969940644,45.72641112634288,47.64460841408058,50.678925185563536
UTS,3331,0.5565509541930213,73.00523530778727,53.099957777631225,47.46185708076829,51.06529535110102
UTS,3332,0.42969218547982047,67.43681257398816,48.21104737238589,46.21573586540298,49.62981413730717
UTS,3333,0.5407523946065977,63.2893669466631,46.21811822235801,44.208531404063635,47.301383286187836
UTS,3334,0.5251879495914118,67.43378203756161,50.447252874286804,45.148553275601834,48.52707839051784
UTS,3335,0.44845106756040154,66.60436940859009,48.677619684755086,47.38618218997565,50.414879674944814
UTS,3336,0.4997702886527646,74.30368975773665,52.51406969776209,50.436724512704586,54.4645488079242
UTS,3337,0.5228037929734407,66.75482890998589,46.92072696606376,41.367100645290854,45.38867063013934
UTS,3338,0.4737590306055476,67.9722342532291,48.93815543313533,48.75522951288562,51.91166563739254
UTS,3339,0.5362249098150227,67.5691319321002,48.31970076791438,48.445900502910874,51.77054466712668
UTS,3340,0.6071337890686472,66.42554629880604,49.171861875160474,44.79254198031339,47.4234983004307
UTS,3341,0.5492041421478377,65.48271612930482,46.4965741223336,46.414329068870565,50.069184359010535
UTS,3342,0.5195494233706149,78.69797886171979,56.7969237882344,49.362193622857966,52.64688958859877
UTS,3343,0.6128779320670728,63.8062518993479,46.877400780248266,44.61797484455375,48.19145870330024
UTS,3344,0.44755861385949425,84.13436743880965,59.13479803112845,51.342509804789984,54.774602041793955
UTS,3345,0.5142378537994736,72.34487998848316,51.0661693025721,46.2122454003982,49.94457678952297
UTS,3346,0.44986652427962626,62.63424949706884,44.86629799039786,45.104046900105374,48.57967415606599
UTS,3347,0.5644869408913356,64.39353235239145,46.1257435127629,47.14463721220056,50.80927499575507
UTS,3348,0.5424462490403117,67.88010651423288,48.005120294412116,43.718763918748756,46.90576732892477
UTS,3349,0.5513033761288899,64.50341985277434,46.066481346218396,44.10753534229126,47.640370842914244
UTS,3350,0.5280553439882032,73.7924410304165,54.04832084484284,51.76461056172008,55.47861533552856
UTS,3351,0.558033242982696,69.3669884580951,49.81264466274525,48.01190323399401,51.12219180098979
UTS,3352,0.4851114202754552,69.47476376649009,49.940699637055474,46.322485322679995,49.6401400911122
UTS,3353,0.4851183916027686,66.34702023160271,48.85008204254773,47.585303738684644,50.307569518035976
UTS,3354,0.5842220091080356,71.04495947935493,51.04082255875356,48.30821428524286,51.86884152349948
UTS,3355,0.5641784541244093,66.44737825984201,46.78496183489494,46.44561413923111,49.678633296961074
UTS,3356,0.5149587903938446,62.50988572818522,42.71054004917452,42.83288284779436,46.35911101012571
UTS,3357,0.5303030238647759,69.36814002137747,49.26901975079905,45.740786296844604,48.629037774642065
UTS,3358,0.5173751743994965,65.23099354362147,47.55562855911888,45.40560395043857,48.89689222323747
UTS,3359,0.4726327278288869,69.7641788131669,50.61137802239228,47.73055285114799,51.23664955301992
UTS,3360,0.4579198274029399,69.28448358059485,49.91818750314274,47.97631922425144,52.02560956404352
UTS,3361,0.5201155261145187,68.09085573546344,50.3990279763548,50.92374319599795,54.739468086427465
UTS,3362,0.566513117345702,68.58471809350276,49.05597547765282,44.771785827265724,48.02977851077314
UTS,3363,0.5687497806349786,64.27845091789403,47.86947041328393,44.1975116252006,47.23140048770602
UTS,3364,0.5640524308506352,70.68567511560465,51.39380573411152,47.77705970697714,51.43605436502428
UTS,3365,0.5568232356907958,69.62847428199228,48.66076549085803,47.75179451055382,51.1297840686139
UTS,3366,0.5337632038065843,72.91616894942779,54.15240933030714,48.58064603996135,52.18495922526719
UTS,3367,0.49292404626241304,64.56463907091988,48.54850079834416,48.66598968092891,51.67809684818119
UTS,3368,0.4691480296970476,70.81930391131978,51.72942191657027,47.03281070336062,50.597136307982844
UTS,3369,0.550947822676869,62.06583392544035,44.602977012363,46.717415859279946,49.81137623520584
UTS,3370,0.5931925962817781,65.35083720304353,46.83154393165985,45.601990146632055,48.67442807839166
UTS,3371,0.5579597735671791,66.32285309804293,49.05280576272124,46.48461848958824,49.6709580402376
UTS,3372,0.5402222426582101,74.73534416586799,54.15646685219549,49.60782965433398,53.15856330481333
UTS,3373,0.5511280492960647,73.92671349906384,54.99063422241134,51.2333283839545,55.074825573017584
UTS,3374,0.48032910300913856,72.57296707386142,51.677218854552095,49.972812477116044,53.705511174255136
UTS,3375,0.4196831798047378,75.79630221740899,54.423314495313925,48.98413946637878,51.50847057573267
UTS,3376,0.4993616093393496,64.18338834398963,47.24178852250465,46.05375646263475,49.47975427641383
UTS,3377,0.48330256344058997,71.21491409738712,50.52253227016709,50.755442620156785,54.07357171316543
UTS,3378,0.4923267458294691,78.04455875242098,55.72564612072519,48.41721711875114,52.243721747825944
UTS,3379,0.5467050707919112,65.61310915449289,47.64902019440592,47.16049187736667,50.26005680428173
UTS,3380,0.4755816525702391,71.80507730347603,51.29211835380537,50.82376786043473,54.94092822854274
UTS,3381,0.4774459194039088,70.21714843544117,50.82569498299444,48.31636035328117,51.63734458438189
UTS,3382,0.5092296120763986,66.80285392081187,49.26913719022223,49.280267210617765,52.9950908081769
UTS,3383,0.4857511413337865,62.94955465274596,45.71706132469279,43.686315645421615,47.302096540784575
UTS,3384,0.4177940427198149,84.76014383476691,60.741009279033115,52.64686661058673,56.62355027565202
UTS,3385,0.5378431554111324,60.12363968450776,43.780501956910136,44.747937668075856,47.98752303850027
UTS,3386,0.5471222111886737,71.62336016473562,51.14284207133191,45.91530879201524,49.65037521347976
UTS,3387,0.4433596746794437,71.14017822528251,50.162193063617735,47.68882250325114,51.31848751717076
UTS,3388,0.5261888752691817,70.36054619770978,49.81531591489347,46.27535625986365,50.203300917353765
UTS,3389,0.5514918033058533,61.43333563125758,45.19642326732656,43.143149129897296,45.892962862284215
UTS,3390,0.4411753598893773,70.76563585930488,48.88319026019991,49.13003624165269,53.717142705207564
UTS,3391,0.5323331672294462,59.712653853583674,43.43906691928624,42.46344050466908,45.638480199004434
UTS,3392,0.5528608034648542,63.7506341035952,47.7247322877495,46.87904261345418,49.73077893588598
UTS,3393,0.5358916809477707,67.70833735159287,49.8358267241174,49.216145622914766,52.75659474294804
UTS,3394,0.4973387490220167,70.80565920518958,51.038423150015205,48.172654711530186,51.98046635708
UTS,3395,0.42704777702843255,66.27382205834662,47.08160399452655,47.32897215409463,51.58880044639089
UTS,3396,0.5457377754080941,63.56041222030407,46.47147690187045,44.30596719420309,47.863407882031645
UTS,3397,0.572014061698485,69.14251928230323,50.529984880933455,50.35210002756816,54.66766618068506
UTS,3398,0.5724620110104768,74.36526832119706,53.02047817100439,46.19199409238032,49.713279450970106
UTS,3399,0.4937409798516118,73.51499504004305,51.189118054841394,44.652234713128706,47.489991193310075
UTS,3400,0.6176518457285752,64.43234897770978,46.607671664994434,45.18692208729342,47.72116594298876
UTS,3401,0.44126426363393756,80.88287622906556,56.03996124306113,46.882776528938926,50.41743842949865
UTS,3402,0.44426948878039707,72.85422010555907,50.441139108360254,47.227504809141635,51.26483586028848
UTS,3403,0.5008626141516297,75.30465263805303,52.51737289020786,49.52132094437877,53.435628222419865
UTS,3404,0.4430203726108647,71.37283872350277,50.52027420040027,51.28111446064002,55.00972951353624
UTS,3405,0.5233226012704133,71.64652293914543,49.11603207717571,47.10774040846965,50.942104735827606
UTS,3406,0.5875069781886535,65.99621263493742,46.25019822396124,44.56679381708168,47.85956817160933
UTS,3407,0.5361153804210241,62.76762132613183,46.576712972622865,46.066637874681625,49.20289123917177
UTS,3408,0.5797225614244457,64.9086770778534,48.0247906635084,47.56526701787025,50.40990779447569
UTS,3409,0.5017870564119324,66.8680839169965,48.118569826359334,49.28341218201416,52.20235028558735
UTS,3410,0.5647919356929302,69.15018303317879,49.97250379891079,48.94451991710079,51.835303234977275
UTS,3411,0.4656424848105163,74.7064628126729,52.57535144100348,48.75354486174791,52.386780682516715
UTS,3412,0.5466816712007698,69.47949603698191,49.288249550330264,44.727948795263195,48.12995397041564
UTS,3413,0.531913607117967,68.17910130803253,49.23029079438434,47.36349607369795,51.171763942532664
UTS,3414,0.5674711090018728,70.51167689959215,51.895312054425254,46.741676764226376,50.55177933422869
UTS,3415,0.5140308227061354,71.08648915194262,48.83260753846273,43.79024260430633,46.31379786782399
UTS,3416,0.4902108684920168,67.54350833421472,47.01711113076968,51.08858265698709,55.0802728384199
UTS,3417,0.534643375596195,66.33783716770945,48.87131739824071,48.443781924645826,51.83128226213794
UTS,3418,0.35214104310074057,79.21226700906645,55.60663352463431,51.080100085310605,54.977210627913216
UTS,3419,0.5029984817176854,68.31830499357135,47.26725106845453,46.09471489468166,50.14953935508753
UTS,3420,0.5156615369657452,74.47182244155327,51.23212657524423,48.0328281938079,51.68837150439094
UTS,3421,0.6049698037962048,65.44584059339252,48.483585164070206,45.58709839566169,48.855011888346205
UTS,3422,0.6045329142278415,64.32149239433635,46.57069715259385,44.66930969891353,47.785286334571865
UTS,3423,0.4276104731163973,67.375190543206,46.97550857457098,46.60204931197069,50.85573356297431
UTS,3424,0.5563608040215886,64.71993145636314,45.63902637083579,46.088601343624426,48.919282573613486
UTS,3425,0.5355922028484821,70.43993368027348,51.27165374885111,49.33389060575826,52.58429334483479
UTS,3426,0.5320505568577454,69.04714248064131,52.62131665440684,51.26894559724852,54.50800947334643
UTS,3427,0.4600477318873256,74.3863812687578,52.61214755984748,49.591173284598945,52.735211015971814
UTS,3428,0.6569436339920796,61.91680603436248,45.26357470384164,40.22192899279123,43.23942788062075
UTS,3429,0.473981991282755,76.92659426395446,53.435234950551305,46.92943019209799,50.92725009490835
UTS,3430,0.5448494279216061,67.90646213563656,49.16207310212752,47.08159082627996,50.518579905746286
UTS,3431,0.48250855106352397,73.72944687037685,51.38475074053408,45.26944219966283,49.50767060707844
UTS,3432,0.536423740716288,76.80184269544864,53.74653092257973,48.33464916778474,51.73356712144772
UTS,3433,0.5235554425300305,69.74021724190297,50.41975106553344,47.329138831302785,50.46283197531335
UTS,3434,0.5762299721514843,62.99417335134939,44.77779666960546,46.60870797111588,50.03796577077609
UTS,3435,0.5492210556280244,59.28897027870925,42.83161475989891,41.33170898658689,44.36759059635196
UTS,3436,0.5539283657904512,63.65231128202931,45.74753703218177,43.938632702215855,46.97709544281151
UTS,3437,0.5685947523170777,64.67871208139242,46.99718817205327,44.451677118920564,48.15777011433851
UTS,3438,0.5364256393731306,70.99983508054024,50.35111728728895,46.28475209367906,50.432229233506625
UTS,3439,0.5207586811719085,74.84967777774293,55.149246578539326,50.564968260790465,53.650243051722136
UTS,3440,0.5020581960603999,68.33371914384676,49.4408363815647,46.82975400444762,50.680836771845776
UTS,3441,0.5682445931973097,71.29583699202915,52.30579887188891,45.63823119044047,48.69181001865056
UTS,3442,0.44612071921195007,66.48348626093862,47.443837564369964,45.4666044143562,48.646281325207156
UTS,3443,0.5539721137381168,69.87624376646015,50.62409237180999,45.4129130054702,48.59558934366319
UTS,3444,0.5131163850115614,71.98590434425196,51.223392397485696,48.972227476657054,52.47152647443771
UTS,3445,0.5362420327979867,68.89571630146195,50.94879952117356,47.935280590903126,51.012752832515886
UTS,3446,0.5162755298818409,67.2720982874446,48.99787936036762,44.94643506590037,48.32990213501986
UTS,3447,0.4434865099057621,74.90093462799307,52.130695343873725,49.64978613173239,53.3542388109175
UTS,3448,0.460094643362583,73.77101935841996,51.2354861757455,47.02952915196906,49.96042054828959
UTS,3449,0.4174923226628191,71.94048774754418,51.74319864273855,51.41950607029668,55.44738869162657
UTS,3450,0.5400320648150396,61.98977818991984,45.550908749733,45.606362473866874,49.04243570493929
UTS,3451,0.45917367319760327,82.5238121300329,60.5079249763721,54.929437149161934,58.995984984209976
UTS,3452,0.5439618690107202,75.21446247348563,53.56314579673712,46.007720611338044,49.07914646765869
UTS,3453,0.5075661469981794,70.7205833423446,50.7863963386707,46.18609953951959,49.583850058146645
UTS,3454,0.5758875325352846,67.30104943651568,48.18980318910997,45.39860915760785,49.037252082410504
UTS,3455,0.5743881505344244,77.11925890875158,54.37944503282455,46.07364276238836,49.14439533106268
UTS,3456,0.49514532809398915,65.48026331311843,48.546667395648534,48.48250226024469,52.11713618547382
UTS,3457,0.4634586008374074,68.34694707512091,49.69336666543351,45.307814293306826,49.001407272867404
UTS,3458,0.5300512797364985,73.27501500574112,51.63450601758272,47.5010596023979,50.87204749379391
UTS,3459,0.4277908060264468,69.40454138255618,50.321445107350335,48.57967833642318,52.046922892797696
UTS,3460,0.46480443717401054,81.46370678499112,57.69343243511033,50.674539641278486,54.09539315444134
UTS,3461,0.609583745693276,64.31807686284557,48.020518741629715,45.82626528951261,48.295182137612066
UTS,3462,0.4929090612894559,68.51136481819469,48.664188462464125,49.13649410152544,53.39247985930887
UTS,3463,0.4899142182888616,70.00894214622032,50.385011127623436,46.53123346475347,49.80338241163611
UTS,3464,0.5850353828974704,65.24347040548629,47.41056473995275,46.212259087656406,49.86513834498881
UTS,3465,0.3902458101854428,65.9225674736125,48.09561605387843,48.78140042303226,52.186600891118594
UTS,3466,0.47680311765522154,78.65414771772696,55.111217339345714,48.762384435591954,52.0820714095739
UTS,3467,0.4906580679542155,74.73370606342533,53.96706859260181,46.758507136533474,50.341665286025965
UTS,3468,0.5460461326577513,67.0111631373566,46.63964347090444,46.337232646933906,50.3002145965786
UTS,3469,0.5389071561038183,67.19849477631082,50.28308233589156,47.71590658671098,50.71893183192605
UTS,3470,0.4775901334047258,75.41336387314995,53.20234834131942,47.55057837028196,50.876153684520354
UTS,3471,0.45180308049661666,63.03220540812128,45.737313323473686,45.656272915499706,49.32089612072123
UTS,3472,0.5186811926457664,74.0188535105622,53.544057265569066,45.57373227968781,48.4819489476425
UTS,3473,0.44937191622492756,76.91856829893224,54.905294583982226,47.84509142922079,50.723660052318905
UTS,3474,0.5045937469448759,65.73729230605812,47.104929795714085,44.90031460268811,48.28346263541996
UTS,3475,0.49033901602543495,67.37881711388566,47.38597445954712,46.48250519111635,50.43573842473857
UTS,3476,0.5243447430323571,76.54373632162408,54.30230142725459,47.196909469126474,49.939339735869
UTS,3477,0.49779611056135,71.41358016707443,52.78856060534602,48.986451577315066,52.437024865009846
UTS,3478,0.41966516869787207,69.8694285997503,49.90329226048805,47.124242352742506,50.65889353544781
UTS,3479,0.48118348412939527,68.61255318568199,50.349633039522075,48.176045315343686,51.857362618469395
UTS,3480,0.5178784985583147,69.09657514168511,51.01280566183293,46.68457182448696,50.31805060989122
UTS,3481,0.612447983104524,64.58622465895122,46.766563390308455,47.12546840645474,50.68647910967894
UTS,3482,0.567605672817576,61.516347839945865,45.52635650857981,44.4649123568062,47.62330531982386
UTS,3483,0.5679810681136765,72.17810098668186,50.465043661889794,46.57814445193406,50.677925130950925
UTS,3484,0.4832193149699471,73.79457929199314,51.28853622591495,48.82291886511934,52.114801192336785
UTS,3485,0.4154516313322857,65.26449274939533,48.7119964443002,46.72939886323533,49.79662429308251
UTS,3486,0.5248365348524444,57.564937072517836,42.384386256687634,44.10431987874118,47.06225354704927
UTS,3487,0.5340636903309508,65.64938545406014,47.21344475778736,47.30336850684308,51.23617007665037
UTS,3488,0.4901754259917265,69.57532302092397,49.73498892557625,47.78660098311362,51.20263413544806
UTS,3489,0.44470623588612446,71.22630271702835,51.49134222408339,48.174087246706904,51.48646602421395
UTS,3490,0.5780409370223873,68.44870985481548,50.40584986992303,47.63575973581988,51.14851953598064
UTS,3491,0.5625972747326715,61.7943321515905,45.796996384166974,45.735384470743135,48.6125554206968
UTS,3492,0.5574172035750178,71.03826405052337,53.09276707345053,48.749973491365175,52.23208159636903
UTS,3493,0.5019710745328847,81.46608563921522,60.33960433179406,52.108128551093714,55.37138810122398
UTS,3494,0.616357173412484,70.40210765225268,52.8640361108935,46.55772372167898,49.984793393743296
UTS,3495,0.49772867817594313,79.54271649039853,55.19756581265707,50.51343659551884,53.90468096424813
UTS,3496,0.4943763852173858,67.8656409882,47.23260015648735,45.6017282595153,48.72669283050912
UTS,3497,0.48624521963524037,75.37242167763624,54.08083537147988,47.529977071875926,50.245204029980385
UTS,3498,0.5884309918991062,61.715812351269214,44.93375950865342,44.47141088268664,48.145848708865536
UTS,3499,0.5041835481517941,73.13349493003409,52.24589414821084,46.97080718024886,50.30200060806279
UTS,3500,0.4336723268454148,66.73737651108998,47.97402163167317,47.16125974340851,50.020513485584374
UTS,3501,0.5921797143773624,68.66051846753629,50.88099345500785,44.99245559521779,48.30579657173944
UTS,3502,0.5602943176476529,65.67193484518592,47.181867061941844,46.81546837590933,50.09350472347444
UTS,3503,0.47720302028304173,66.12631717705376,49.34307977865322,48.13325281091639,51.54670746351049
UTS,3504,0.6117191889727962,61.078540593850114,43.62324357533717,44.6142170264623,48.1627131918954
UTS,3505,0.5198310831996147,65.99988754196534,47.021145082030245,44.51364467576735,47.56342463051422
UTS,3506,0.4403176244480024,75.39529888830229,52.776774862037996,48.75993297445376,52.710805329653404
UTS,3507,0.5083169540112151,67.10776757238091,46.26867128065328,44.554841221105974,47.97124930405156
UTS,3508,0.530018649350128,67.06550768456462,47.63013190874254,45.338753855462194,48.44912121791324
UTS,3509,0.35879973846843904,76.2088165016286,56.312020942391705,50.59981612607505,53.74103493412484
UTS,3510,0.5595325638208927,66.54350101066277,47.68013921263579,45.09656669853347,48.86852143890375
UTS,3511,0.5198956145017267,67.91179405169089,50.084922151146024,47.870363181418256,50.77981895270638
UTS,3512,0.5725111611776381,65.24729133283871,48.36586496784361,44.25504852233024,47.49912949859542
UTS,3513,0.5480403365702228,65.36454891977297,46.93028817741661,44.67638809994224,47.5054153968684
UTS,3514,0.5503393784724513,69.03203284015517,51.52155513809079,50.921426767898716,54.17324902095814
UTS,3515,0.5091364025151826,69.08216113082878,49.412663875425736,48.27600815504848,52.345996226981306
UTS,3516,0.41941688523861653,62.33320135717474,46.20518578020399,44.37054185028607,47.76709056154409
UTS,3517,0.5220158573414058,67.03274575875992,50.44459305038956,50.47288556093592,53.636527874253524
UTS,3518,0.5754664881199991,66.09654178299176,47.777858851204435,44.6846904119557,48.00538524056228
UTS,3519,0.4733784098009546,67.42323994427771,49.55482857276073,51.192568037209064,55.24230509567321
UTS,3520,0.5842070601267229,59.37630567081642,43.70858290875241,46.44425428233623,49.531813242775776
UTS,3521,0.5609520335047278,69.01504208236068,49.58473305326266,44.99389548893042,48.77611718028799
UTS,3522,0.5157664583134465,65.57365045356923,45.983555394115164,46.66058383580824,50.4172825252441
UTS,3523,0.6000063997144711,60.650885640712374,45.03103871454795,46.70308253653964,49.57313362346801
UTS,3524,0.4100073119985045,70.81696496155058,51.641160802799384,50.62918724440719,54.29738382974796
UTS,3525,0.4318740731429963,90.10896743789269,64.40682424256994,52.66592321463687,56.362027637926175
UTS,3526,0.4844040210394319,65.40003648706525,47.60735332074047,45.266613107953695,48.08750144662389
UTS,3527,0.5256715063842631,63.25796948490707,45.87719048863442,44.41205667491602,46.81697519877677
UTS,3528,0.4930562982635297,62.910929265253046,46.31570070369424,51.657477344134136,55.44040346280045
UTS,3529,0.5324425788833927,64.98136405465556,47.75394767185303,46.853635927952695,51.20805908132625
UTS,3530,0.3716136869862574,76.13719968517687,54.425730755325354,51.17981361090607,54.896466331169066
UTS,3531,0.49274237327628034,72.98433442631189,51.09278318546018,49.58757498173643,53.7256233402202
UTS,3532,0.4659089510971087,69.838626821561,49.21126344663476,49.17475074889502,52.81144910916495
UTS,3533,0.5436075125528368,75.59820544543247,54.67818782918168,49.62918259383044,53.754926295466916
UTS,3534,0.5558904560197466,67.72382243925948,50.596802583321896,46.31046162767588,49.8290320809196
UTS,3535,0.4592738084753061,72.84019031501562,50.1400519534238,46.68402895962835,50.46410669461296
UTS,3536,0.4009252459974829,75.0009824023741,51.834500841780205,48.47818380020278,51.882168238987944
UTS,3537,0.5334990060699214,65.9257099028433,48.270402129176944,46.86906556732176,50.38614251414182
UTS,3538,0.565673579717616,74.20489674788054,54.76555256007128,48.750595704576426,51.96654381464292
UTS,3539,0.5289106887836135,58.21174430226633,42.8921933131434,41.54873514855081,44.91410701720852
UTS,3540,0.5601048108200929,64.37462607496268,47.30507577428192,44.50955594654858,47.31289822623895
UTS,3541,0.5778397638028083,74.77332139221694,52.97594041385846,45.69716794566297,49.047794689991335
UTS,3542,0.5208198609287988,65.3578366090608,47.18816296478209,46.1663864243003,49.16252153020392
UTS,3543,0.4873500901965224,64.07207476072495,45.850789545384906,45.07421912236509,48.206696034049635
UTS,3544,0.4673200157703956,70.5225359888981,50.06828322915405,46.03012874861033,48.88969854095449
UTS,3545,0.4995490096718844,83.64587258519288,57.116471459326284,45.309621288036865,48.43339660598414
UTS,3546,0.3773974286599575,75.83632753484011,53.09376133090376,48.75325347081621,52.27407238343225
UTS,3547,0.531086562292648,68.47675291480378,49.78442635659284,43.23291602460339,45.7763204393078
UTS,3548,0.4914143532185147,71.22614017891804,51.5335869853395,48.21149418243875,52.21689412718658
UTS,3549,0.6044420292223,67.44005283193296,48.28533182913491,46.47306220633157,49.55671857896063
UTS,3550,0.44754274266345007,74.15325040065527,53.20575861210962,50.040308638143664,54.187555997768484
UTS,3551,0.5558983552892298,68.6639024650508,47.99857032141014,44.49278171523162,47.56008011155302
UTS,3552,0.5130432608630079,73.41594308353149,51.546454876872446,44.871806849796066,48.67766062405756
UTS,3553,0.4778572952633978,75.35087777699232,52.86483446823077,47.597220262048324,51.6110553292189
UTS,3554,0.5081672995555868,77.14665192759756,55.65334359777353,49.959224314852115,54.22534891438694
UTS,3555,0.5369090811707729,72.66855860141274,52.25196484220715,49.55210739859835,53.108171585392085
UTS,3556,0.5415240202374286,66.83957481005888,47.71544821062107,46.80958742999348,50.683472786456115
UTS,3557,0.4639754055479457,76.33165128834109,53.49872687656498,47.42572881233435,51.16008357273413
UTS,3558,0.44759051501583647,75.02818621457878,52.527505839762455,45.56338282491076,48.792398476
UTS,3559,0.564905211992698,62.553138735073524,46.16470164906106,44.02884213395081,47.37789049070092
UTS,3560,0.5923548333647749,61.170097630365355,45.09485092774857,43.41368153037352,46.53667772706374
UTS,3561,0.5640326186192848,63.197920388087304,45.14394879035205,43.97658327867871,47.61729836330818
UTS,3562,0.46266212342507396,68.71125360065,49.21587919881164,46.72256319125078,49.97268852935539
UTS,3563,0.4265012962784108,80.99732596220194,58.25796079521945,50.73523486605131,54.31562788041902
UTS,3564,0.5329946953727559,66.3110598022679,47.02435302051602,44.21718537628406,47.72293087951457
UTS,3565,0.5216411567598426,74.66817370776775,53.83819991905087,47.95991653991939,51.09971111457338
UTS,3566,0.48596972352734513,71.27294825586489,51.47671233028647,45.86700703013333,49.711519221525
UTS,3567,0.4806404293884977,72.84681065849762,50.09353168737997,45.524657915531634,48.70375139193053
UTS,3568,0.45043551743426646,78.0868022047528,54.19489817101388,47.568135688010166,51.09829084228632
UTS,3569,0.6018961466550081,65.86733893824359,46.6950340358359,46.04528282452264,49.716457527865614
UTS,3570,0.5419131427971029,68.70235008703027,50.115932040191865,48.83759671250302,52.686830978959556
UTS,3571,0.43857983836719283,77.7921514893247,55.52655655528982,48.79816996860354,52.859042911421355
UTS,3572,0.5121303845698424,72.02603053533107,52.22235629791724,46.03961781306927,49.87949116228239
UTS,3573,0.4737388427714192,76.96841221900667,55.479151695027866,48.97817195476851,51.872032135045146
UTS,3574,0.5424992669537474,72.16658938958862,52.753654430888886,45.92746552419666,48.71771862103851
UTS,3575,0.4800276900361289,62.896264496248286,46.58454224444096,45.30974811180943,48.73086325985913
UTS,3576,0.5547847472439857,71.28378944973315,52.862087292242435,51.680148724493215,54.97576067429332
UTS,3577,0.5122145664172069,65.41011876443856,45.77568546751839,42.09673106418066,46.22813533916328
UTS,3578,0.5118170045056707,71.13210561860713,49.163279294823724,49.222901286764845,52.928283589220754
UTS,3579,0.579800050462414,69.20127347825976,51.50171184010838,46.66009614893934,49.766184143644445
UTS,3580,0.5543293479416047,75.16789984557009,54.88960114024667,45.142972789160396,48.35738169324723
UTS,3581,0.6054524611216846,66.49544084246394,48.18986660909001,47.71682279769284,51.290606161153256
UTS,3582,0.5064230582414176,68.29207513636658,48.151936339136284,46.97164507678139,50.932610924903365
UTS,3583,0.5505754836584048,71.37212430826541,50.21249935575951,43.647318555498984,47.38181887825436
UTS,3584,0.5883446723945032,70.26238378440573,51.805626768886384,47.63396438106317,50.70166207691955
UTS,3585,0.45684076010341856,71.93308794702246,50.861198035135374,48.491157150814075,52.111732710960155
UTS,3586,0.4578260856200629,71.58743613605911,49.48459512264151,45.07638660665287,48.709576118781975
UTS,3587,0.40093411536769785,82.6736069289143,57.46273674760183,49.15391764386312,52.102937415494765
UTS,3588,0.3554523665557383,81.99032160409949,60.56097490820892,52.323465060865956,55.707184974428394
UTS,3589,0.6020476788276039,62.815600390651284,46.905010470204196,44.80685819193609,47.72484291428444
UTS,3590,0.5672051181190736,63.076769995392894,45.38374812610965,43.221943594945266,46.592407896694134
UTS,3591,0.5475745908223693,68.36654406618449,48.30097536279573,45.851135266956895,49.69500376904521
UTS,3592,0.5722634123935773,68.08450855498091,49.771939735126466,49.03996094122248,52.78752581712676
UTS,3593,0.5222358842445741,66.90194925926558,47.392394129734605,44.73107101396376,47.627551505134264
UTS,3594,0.5741125697724783,69.43932353090557,51.61368667530773,49.283983101991765,52.852573249143155
UTS,3595,0.4624048912568396,63.36996532614968,46.56051150211578,45.43522892408214,48.698350957143916
UTS,3596,0.4729960842951403,69.9323279622321,49.46616410099273,44.90901653896609,47.975410809785245
UTS,3597,0.4658150403221688,68.25414049995875,49.86545266131913,46.837225803831004,50.03838277846527
UTS,3598,0.5106370554295336,61.35356665139555,44.82281094784794,45.186108562380895,48.58522424623618
UTS,3599,0.5829446604008139,64.85184284125354,47.9035430498744,47.72298313837707,50.77422648868088
UTS,3600,0.5898176169464107,66.0904438655328,47.816663471201146,43.907302577027544,47.26327970624067
UTS,3601,0.48980701556564477,75.96191466808814,53.12871759006972,43.91816099031924,47.445162770093255
UTS,3602,0.5315517466772317,61.48689003432156,45.34480738801724,46.028481144604875,49.808574905305704
UTS,3603,0.5599946761425569,67.0261920564845,49.01448437628098,50.02813149436525,53.67733520494485
UTS,3604,0.5190372015779077,62.36858297382242,44.4789000050146,43.55502994993451,46.76101016962715
UTS,3605,0.5542320740129083,62.18946858754239,46.403181951005486,46.14983722355914,49.51001554562756
UTS,3606,0.4815166930527851,63.91800580323526,47.38024405715258,45.56168608930392,48.263901670098306
UTS,3607,0.5482148172792392,65.3183656964413,46.76933378638898,45.88790932287852,49.792472980647744
UTS,3608,0.6192580167629864,58.27132174846302,43.078446674099496,41.517668967127,44.24727891733332
UTS,3609,0.48207932440840784,65.889194166797,46.357633131773184,46.011383991419436,49.511876381921034
UTS,3610,0.5163768641079101,73.80593722392308,52.779085187002764,48.20969257252545,51.17483451409347
UTS,3611,0.5157401681417855,62.44870635912879,44.67963238655059,45.84342101992641,48.7598097765227
UTS,3612,0.5361277862164747,78.07805118522909,55.8672013457619,47.248837612969325,49.89081248963293
UTS,3613,0.4555894679121699,71.12729415621297,49.840092799431474,47.55803791278936,51.316338244130286
UTS,3614,0.5319326141834162,63.492387850397755,45.57189947478573,46.59877766561026,49.58045566598518
UTS,3615,0.4971699080510714,60.68271725705137,44.49276814789277,43.2079134902158,46.09873517959971
UTS,3616,0.4711378307183127,75.53328626204967,52.68007216806988,50.400711061134416,54.477539647924836
UTS,3617,0.5193673172003512,62.26982695635993,46.238921143188506,46.19230073809343,49.36427771851088
UTS,3618,0.586946815129056,65.56766138174942,47.632103631206355,44.38051214741915,47.60790898449836
UTS,3619,0.44245086303179104,66.97231831417243,47.63389351002506,45.48065690098755,48.778650555157895
UTS,3620,0.42862671481307657,80.67938816833639,56.42228387168435,50.2826902902792,54.38162435000201
UTS,3621,0.4912614153288799,77.20199622855174,55.13144426640883,47.6728576434899,51.62463514876533
UTS,3622,0.5390698224659318,64.01843034056492,46.474757543836375,43.595427067629366,46.912606135610936
UTS,3623,0.49988041720036325,66.20794401731551,48.05680758111026,48.33240746233336,51.8386558184355
UTS,3624,0.5136118001384153,66.09422119949024,48.621003160666,45.767371953000136,49.09490218951042
UTS,3625,0.543961173070614,64.97407323150492,47.83172808595413,46.10583804246164,49.52388287722038
UTS,3626,0.5565979165915348,72.6033984474133,52.69680041477111,48.114363646995564,51.20970701799139
UTS,3627,0.48909725185163644,62.38350188977805,46.68806656076025,46.36804881488761,49.50463186964813
UTS,3628,0.4605149214451534,77.93575979009888,53.947319907450996,48.802008285087744,52.537312435591986
UTS,3629,0.4719866400670364,65.7347832016112,48.26869635858494,49.772090750664816,53.32096872587217
UTS,3630,0.5392205440552678,75.94344879074335,54.54641977864502,48.4883732636966,52.106089053632
UTS,3631,0.5161172360463778,68.65306810813598,50.14253373523395,44.84068397312731,47.84072880578346
UTS,3632,0.46411146913110024,73.23649588692658,51.90953305645563,49.245708576671404,52.93794523752695
UTS,3633,0.3959163317238702,72.86922480653229,53.57560879820264,49.77984267610168,53.572247620796155
UTS,3634,0.5312040562558775,66.05561328852792,47.933166063748665,48.9621940005267,52.902951054164674
UTS,3635,0.49901099108739166,63.95294837106256,47.556819668195224,45.477132397737115,48.795594226433664
UTS,3636,0.49022548058016147,75.37127642261603,53.35919401739885,49.91668392393228,53.65989658653027
UTS,3637,0.5452260484623317,69.61478306666369,52.91839058087533,50.886318501884936,53.39206863593562
UTS,3638,0.513715177385336,67.3740035722575,50.35800587327517,45.39742697929808,47.9894748997876
UTS,3639,0.523150167981092,65.80986884169499,46.50059671251354,46.17316476827328,49.538914983300515
UTS,3640,0.536504206841498,65.05289950100159,45.145754537122734,44.66999205588455,48.54103702879205
UTS,3641,0.45432142862522307,77.81220980647777,53.24170011553323,48.68433437115407,52.06472655337731
UTS,3642,0.5119398903538359,70.55269550397674,51.483820997841576,48.191945269378635,52.05581056930311
UTS,3643,0.4884289680721976,74.64915891671507,50.768004110268926,45.64575365367452,50.225233143034735
UTS,3644,0.44010878495641315,69.1660623563821,48.52425474749498,49.142091756735766,53.84777992146943
UTS,3645,0.5442079106563762,67.31689552465944,47.774306439200615,44.45576069369175,48.28230157043643
UTS,3646,0.5112783020907485,70.38856510542048,51.28038971277212,50.575091154069945,53.81410445937081
UTS,3647,0.5055580023059054,72.39689771913902,51.37221078678817,47.602543124492634,51.18609859062427
UTS,3648,0.5132433726100295,64.02939476536095,46.98815827911519,48.56787219649118,52.23667819466415
UTS,3649,0.5455634897891687,66.39242819856064,49.100081873277944,45.487478462137595,48.70355191394061
UTS,3650,0.5084777471811152,82.03608883093231,59.89377036437541,48.182375511255955,51.282695565746174
UTS,3651,0.5391068415160654,70.87678146965719,49.04397066161086,46.784943416227556,50.31918416312798
UTS,3652,0.4586653628583828,75.35974206049939,52.387270534027344,47.46571942281205,51.355365517754905
UTS,3653,0.5299324711207933,66.71160724150417,49.370449012076215,48.051799381885814,51.705714821391865
UTS,3654,0.545157123298579,64.9011807748718,47.7214948105572,46.30124656585696,49.482086377137854
UTS,3655,0.5740274038093971,61.30122444495781,44.040365015557825,42.91304854358645,46.61013238379852
UTS,3656,0.5661415344714953,61.891207354248124,45.312094505594615,43.070935378277674,46.57632715634619
UTS,3657,0.4653360108427228,70.3423372312514,51.24321460784847,48.86342669658267,52.575866330261114
UTS,3658,0.5544060323583158,64.40646492715419,46.76929904883955,45.04203476445498,48.763025658192355
UTS,3659,0.5399674503793679,67.81253026844679,47.678413795822564,45.529826519723116,48.53428596071515
UTS,3660,0.425943436484302,69.55939592857894,50.07214975327195,48.83998567691186,51.94709678048218
UTS,3661,0.5382605475848206,67.10078871584413,47.444583713213504,48.122204177823804,52.168814869734305
UTS,3662,0.49851127060412037,73.89231559904302,52.919008324774815,49.630247548368246,52.69084691424915
UTS,3663,0.5811187084230771,65.14089245203559,48.49059500568865,48.26689605911618,51.25459536797604
UTS,3664,0.48047222742666695,73.5234596287469,52.76114066762208,47.008826294079235,50.16935568523975
UTS,3665,0.4884548785587337,69.76764559634199,50.066209083990145,47.93164360531884,51.903030800057074
UTS,3666,0.6194725622412725,61.10683719182347,45.02133847688269,44.016644099963735,46.91069429959509
UTS,3667,0.3968754572513148,76.46400706572001,54.73613904469102,52.32216281692334,56.42402807662393
UTS,3668,0.5296735653342106,73.2647157319408,50.75659686086176,47.49555000021737,50.476172898961295
UTS,3669,0.45334332026058266,73.65760514256777,51.91379610841315,46.23657342296282,50.18200389815122
UTS,3670,0.4743141004506991,70.87153033332234,50.916265340223575,46.59271949413588,50.704280601447024
UTS,3671,0.5566395199226093,70.11999148289163,51.090720622364806,50.765335396659026,55.14026823868449
UTS,3672,0.5529304907367761,75.87893206592663,55.48556332247623,51.054199624238315,54.46934969791358
UTS,3673,0.5706981856524801,62.45560911143838,44.52438195469165,41.113615682245765,44.69397443112009
UTS,3674,0.44056611618731056,70.62867726787569,50.45934248148956,47.69643053594265,51.29387848489351
UTS,3675,0.5106217113406097,73.96982780610405,53.98820756956313,48.4407415264313,51.65164630623527
UTS,3676,0.5011347886212452,79.93792677241537,56.923455848961574,52.882363438402464,56.51466481041852
UTS,3677,0.5401391736368815,68.73111869724215,50.40705552285248,47.2486955882067,51.42866454893151
UTS,3678,0.4330468307033558,70.71035271103437,49.410741253452365,49.61999113395671,54.07614962698436
UTS,3679,0.5160357246134469,71.4130125922039,53.21073202260714,49.17174183850874,52.246815783686245
UTS,3680,0.5991078813298949,67.03935792948192,47.91277947449328,44.78227939929322,47.619778608637716
UTS,3681,0.5615288412240889,69.93388902919891,50.04319365275779,44.794290234328976,47.57171524030313
UTS,3682,0.5799698680251146,61.864860261829214,46.190311896232885,43.699448148562546,47.08109999797178
UTS,3683,0.4938295467730006,69.11879344646637,49.01458424887698,46.10487490081803,50.04943333571627
UTS,3684,0.6126783348954947,60.6466015370587,44.6536746626801,45.723858814408274,48.570628394865274
UTS,3685,0.5607769191192844,67.94102591133371,50.47181879186017,45.86263568447978,48.92210582584729
UTS,3686,0.5302643901447279,75.0339056928451,54.14521941033427,47.908308389879934,51.23328644517374
UTS,3687,0.44225106370711087,65.6738596230698,46.69681814957557,47.39569032450828,51.18433617354125
UTS,3688,0.5593854061144645,65.0490319978521,47.24441772497645,45.869352614659576,49.139107038387024
UTS,3689,0.5745503207251512,64.80899148738649,47.48550782815918,44.75379364320456,48.06253624903583
UTS,3690,0.5422150231023943,67.93232528853687,48.51557615399781,47.41805654458356,50.85850918757772
UTS,3691,0.5278028900447405,73.33623744630182,53.00504632302398,48.15117725480751,51.87947162656307
UTS,3692,0.4752589886692222,65.991299260189,47.909909161346384,47.089867490569915,50.200534443538835
UTS,3693,0.5845232753056204,69.01859245803762,50.81314347309297,48.69246870256377,52.014757811909355
UTS,3694,0.4691187213109653,70.18397331750108,50.88088982793287,48.594524087686494,52.48698321661411
UTS,3695,0.5167967344935541,76.7430289150661,54.94799624770819,49.746819286189094,52.993400167917116
UTS,3696,0.5224165639153342,67.42678027904435,47.132753004245316,44.244057568512424,47.35895207263485
UTS,3697,0.5528991837506586,59.90610043588339,43.53693726762639,42.96107534066096,46.293427694716236
UTS,3698,0.5154069556812246,58.7755847235864,44.33328890515628,45.42842883688526,48.291191101237516
UTS,3699,0.5605470902283041,66.56228221512626,49.88945079196007,46.83893016654871,50.19138055659451
UTS,3700,0.514833657040753,76.27176246180831,54.61390617675942,49.6060630130909,53.630523829627734
UTS,3701,0.5771134102620554,66.02810661976619,49.150775754105105,45.03440963511102,48.00857441652463
UTS,3702,0.599610502145109,66.41571915517156,49.75761981131001,46.034311052706855,49.09135778080891
UTS,3703,0.5282816735956204,73.25610988209266,51.78916863575597,45.414112657153375,48.7998416655327
UTS,3704,0.4763058885692565,77.39756446210185,55.71427146873643,48.81680797691497,51.742892784222576
UTS,3705,0.5438524715246942,59.495661318808665,42.57437378119168,44.173286274980526,47.37182714855018
UTS,3706,0.5334625859035321,73.16993625530351,51.69596518108567,46.348247584564774,49.70117773262568
UTS,3707,0.40747513350849873,72.60650736132146,50.562188269627995,48.924642971119205,53.115558358966496
UTS,3708,0.5780518603078634,63.264557590863646,46.675210863027885,45.550950772527116,48.67178299919757
UTS,3709,0.5692809617045362,68.09294291446822,51.108145584079516,46.81956326646839,49.112841619640015
UTS,3710,0.4677976369792862,80.5260778403156,57.646582725621634,50.14584236480033,53.57983727315629
UTS,3711,0.4758361491051011,74.23198861037783,52.68849460661265,48.16213914604444,52.12341099740307
UTS,3712,0.48247871388104313,66.58291055940687,48.68241559543453,46.27163246108786,49.53076242935613
UTS,3713,0.5048957457015141,72.29777465429328,51.69527873879981,47.733952905470204,50.99981042304393
UTS,3714,0.45117347297898625,72.02214503704771,51.67702431915222,45.61135144327657,48.693456247005315
UTS,3715,0.5319107824491083,64.04028437716087,45.08151576969507,47.55870069976564,51.439690955599396
UTS,3716,0.4702714482314091,74.03648180554428,51.64941595130188,48.05400668887869,51.73605518344708
UTS,3717,0.49567359636523733,73.42225551514066,51.2259349134168,42.703187957657924,46.58685149844128
UTS,3718,0.6389362158686622,58.14732229811649,42.393897805067176,42.870905143740764,46.00389537578282
UTS,3719,0.4653273082759444,66.22952186829342,48.78924572050249,48.346227516952304,51.82986609315744
UTS,3720,0.5961628930888887,62.63974155115642,45.99821245831042,46.828984714529795,50.04813237372176
UTS,3721,0.5605366934632005,60.957105152962825,45.05982764510597,45.815305319000736,49.4630869726314
UTS,3722,0.508938417978398,75.40913045806911,53.13574767688938,46.73696303752022,50.23016799967254
UTS,3723,0.5217374606532127,63.41593482530074,46.93627062023002,46.23230607106349,49.291222145221205
UTS,3724,0.48535614720531295,67.13289157990639,47.29525374640987,46.94881045022527,51.843278558735
UTS,3725,0.5443951970988159,67.45010338234364,50.209957745251764,51.07893925981087,54.24603791777131
UTS,3726,0.5516368178005153,63.52315129198295,46.70013340898429,47.92814799259145,50.92606625484369
UTS,3727,0.5368820160461523,76.32334340517899,55.56955850811644,48.34574505000657,51.16609491278495
UTS,3728,0.6343616173439545,65.34608109938557,48.7166096614169,48.486349356026444,51.17073752940181
UTS,3729,0.5085999076882839,61.40281280321793,44.46356711630418,46.549805110277525,50.40440671113817
UTS,3730,0.5024509117868297,71.32132848390886,52.088552326005356,50.10834184245155,53.89554190452908
UTS,3731,0.5707632630794044,77.79427215018117,56.250217820972836,49.942736362920314,53.186838757812126
UTS,3732,0.43508569568925815,77.72518087032074,55.044915054309925,49.458411847299274,53.00948256218843
UTS,3733,0.4832689114055053,72.86806104108189,53.123812594429594,47.87895339397387,51.17153580466812
UTS,3734,0.5509840160978762,70.3145373202275,49.54914511900173,49.288277380393964,52.605006838012606
UTS,3735,0.5554598413728478,71.89031128503308,53.25961992603443,48.74814592567119,51.810803815181266
UTS,3736,0.4639854074899775,73.54119768189398,51.91581291133517,47.05140893310729,51.268022012636564
UTS,3737,0.49497298224922903,73.56859423020596,52.70562755620755,49.858768592991055,53.18395479534589
UTS,3738,0.492077648304172,75.56059400655788,53.766784706592745,49.70749158297192,52.88484497400106
UTS,3739,0.5094901805038503,66.90602655440652,47.348257285942125,45.562966532841784,48.96584602080055
UTS,3740,0.4628561975314397,73.40791017775948,51.86056867864906,46.31689617318412,50.079630664670724
UTS,3741,0.48998045852618666,67.39889821357497,46.77956157059023,43.62784280883163,46.628787618258215
UTS,3742,0.44676130379593404,66.3869281102061,47.81172209766381,48.29650536769833,51.78380065019093
UTS,3743,0.43185786388958924,67.01411690475162,50.288487911503005,48.30501166061642,51.54373624600391
UTS,3744,0.5935697615746967,61.17487009441543,45.112239301247044,47.12507573738851,50.14131833776208
UTS,3745,0.47806034647149964,80.82683054966692,57.531017839223495,52.38907502953061,56.49590941932206
UTS,3746,0.5014864962213987,67.8877504556355,47.830566420549516,46.35025000569938,49.87758030121592
UTS,3747,0.5081659966542431,59.74974703107255,43.769780479684805,43.01596298329978,46.0977198537453
UTS,3748,0.5312185148301887,65.40722292878732,46.960018371030365,46.596161195282676,49.79709398155987
UTS,3749,0.5354266666547677,67.22305976580374,47.26856120870736,44.12481320196215,47.87578893352714
UTS,3750,0.41815095025926363,77.25093113369375,54.62748447414105,49.80820134826128,53.84309250421116
UTS,3751,0.57575024576758,69.6799337944642,49.78065393393523,48.36024693021222,51.54697428024677
UTS,3752,0.567336241438178,67.86442643510333,48.81686946804809,46.43460788292493,49.697161723023726
UTS,3753,0.5207576763532039,72.63557565760294,51.373061491105915,48.39968206430797,52.66765006847944
UTS,3754,0.5613084210406112,62.717037623514585,46.08042826011301,44.551212897651986,47.23018672030536
UTS,3755,0.4832072059257475,68.93218092506518,47.25106885116468,44.98533664816692,48.86707551456635
UTS,3756,0.39134537652661316,75.61294636877443,53.01288797149384,51.01651585294939,55.31936787363242
UTS,3757,0.49071010184439434,70.73235345233915,49.7750548265261,47.618790502524945,50.498808857823754
UTS,3758,0.5249331381993666,60.046034281302845,44.55042520462302,46.82195277536,50.08924880242777
UTS,3759,0.5606161026943166,61.35755954930192,43.93275293078326,44.32829738050821,47.64644014377539
UTS,3760,0.5680626156872663,65.26729922138937,47.69919026194817,49.00474681918495,51.75212227763733
UTS,3761,0.5273188717213468,75.0164477322794,55.83693745465585,51.155107327221046,55.27514970314429
UTS,3762,0.4641628892648002,76.46139958622884,54.55033022312086,52.058114550854825,56.36045643717806
UTS,3763,0.515429925571667,73.89824355719922,54.5643416018561,49.593179231294094,53.32728509668044
UTS,3764,0.4602959015976533,71.74515049406381,49.87314100717307,49.35461393669778,52.63450889066909
UTS,3765,0.5467078692408125,71.81155289781442,52.6904141811048,47.91718438795779,52.05187463934227
UTS,3766,0.5165089539179165,70.69867534538288,51.59832202694106,48.42894970884078,51.96162713059419
UTS,3767,0.5500594974577748,68.82555088834334,49.26946327172559,45.93942596291152,49.377336986681456
UTS,3768,0.5237753824188929,68.38352563662251,49.77229801745887,48.787360717343006,52.128335507415756
UTS,3769,0.5874914668405589,70.65295308985047,52.84591464291697,46.28234309214617,49.667309076584544
UTS,3770,0.5273309617383458,64.43241392132153,46.974013797315074,47.122770417985734,50.30676132011755
UTS,3771,0.4847549083094277,73.06231245072976,52.416520300660764,47.376934098026425,50.829770058846506
UTS,3772,0.5134781299956628,65.10015952161493,47.37661741380881,45.0317029811562,48.891027329197144
UTS,3773,0.44387059451069766,71.55845276495337,51.560292042946834,49.26599503602694,52.99461358651609
UTS,3774,0.46654875681202457,79.61794648490194,57.44533534006758,46.82495984025398,50.008832278283656
UTS,3775,0.5441363834490975,66.76098668949801,48.4238076249085,49.62199645660394,52.88959949949851
UTS,3776,0.5985627932154574,67.47495603730138,50.2450749180972,45.97929631345053,49.49724731662563
UTS,3777,0.44765461807631324,62.52772017233439,44.90475269480211,46.48401370987658,50.08801414998514
UTS,3778,0.48164561616787993,65.58272327390384,47.15576478013719,47.84066197920246,50.925098189241496
UTS,3779,0.5288867592838105,71.3177896699944,52.83776034207803,49.78556297441414,53.726006530335816
UTS,3780,0.6351204741910736,63.41816868562282,46.265305005821446,44.28442946667013,46.377693683445486
UTS,3781,0.5763207637966696,62.25974599524568,46.03212148409447,43.49659731338841,46.62966979920339
UTS,3782,0.4154719774941199,74.8679382895569,50.76056652804548,46.338623511423734,50.2514117006077
UTS,3783,0.46950447904746617,73.77540494215508,50.63095914498344,48.71685207723511,52.73387940588196
UTS,3784,0.5178373947504976,73.71060848568708,54.16656911149248,51.28861310335728,55.036736417857924
UTS,3785,0.5060177400250707,69.48434866916153,49.94923179218976,47.30941514303508,51.10935921391236
UTS,3786,0.5462085819665394,62.20467799166122,45.30783672714507,45.204987178233765,48.71757904970491
UTS,3787,0.4737263224778343,69.05286066279828,47.706496265018146,46.36914393579051,49.78109979342635
UTS,3788,0.4225062977415627,77.12257181699854,53.848232875726936,50.01719046043186,54.707013210227764
UTS,3789,0.3966030030036014,81.71730265702774,57.11437429477141,51.31286823180455,55.13492192712388
UTS,3790,0.47324043937408067,70.47951953142484,50.55985371510398,46.88106973399378,50.565915538525815
UTS,3791,0.5471894224799049,75.72847142750392,53.44373118562591,49.95326694734718,53.07097387243942
UTS,3792,0.49808284476990083,67.83399755374465,47.58053148858282,46.661411125845795,50.33526756829735
UTS,3793,0.5451862251630577,69.86078391583285,51.13901217633379,47.15747731401924,50.65870597662983
UTS,3794,0.5439551779983005,67.88652529534954,48.86540432505994,47.67039667553069,50.844817356193566
UTS,3795,0.525182946762468,64.03180471089081,46.12456708086779,46.67780606630263,50.4440248143639
UTS,3796,0.5171521147073979,66.62186862013563,47.500070766498915,47.25707314050104,50.81633576529831
UTS,3797,0.5536712642350881,69.29020669713069,50.03094286985648,48.40875361118632,51.492794242206266
UTS,3798,0.5303581173148163,72.10746839364137,51.09582591523166,51.27594497967693,55.875023756749435
UTS,3799,0.5351116751520679,65.85580214876869,48.87727537420136,47.776871785519994,51.360705690833605
UTS,3800,0.549145963460651,69.73270699915085,50.52528742759922,47.255622782137266,49.89925985585497
UTS,3801,0.49436963978967663,72.9211055326009,52.20577834646472,46.74257823188703,50.30530408582779
UTS,3802,0.5820641822178774,71.66390665935859,53.42561982138804,48.70466138574949,52.28471654793408
UTS,3803,0.5061713155103493,67.56707459769,49.32072402804083,49.17700347586867,52.63537752537457
UTS,3804,0.4806065125506488,75.78721265965285,54.46198932777169,51.3139874212601,54.85437244016571
UTS,3805,0.5381147120972284,66.40093922738326,48.32741408046325,49.791875326015,53.08620455562343
UTS,3806,0.5016830680617684,70.99853323222897,50.4947013361929,49.952798308016106,54.18209704182712
UTS,3807,0.47868839714637257,65.71867461183457,46.40619024747079,48.43950566559811,52.24119330047195
UTS,3808,0.5037318379913172,66.87098927674184,48.622050424706934,48.034527015381144,51.869415743279795
UTS,3809,0.6642301301530471,63.73445491980874,47.33501844918012,42.94323299982112,46.108437772633714
UTS,3810,0.5286623000677796,69.96119462542353,51.38128026474448,50.040956159793254,53.78676836976829
UTS,3811,0.5592350213144702,69.60961605930895,52.382561406301036,50.41394818998761,53.84232593292186
UTS,3812,0.5453518215895657,73.15870664959749,53.993728571126795,49.2474951413354,53.35500974662104
UTS,3813,0.4677830507100956,68.2704143162471,49.23747538597721,46.37031910504288,50.23409696463117
UTS,3814,0.4544205903151731,69.8435679455338,48.4655502433435,48.64033468614331,52.460250012829036
UTS,3815,0.44991639675320794,74.51552176751173,55.72456854028594,51.32155690817818,54.54704937914134
UTS,3816,0.4596538478750848,67.72939423717874,49.76762776569217,45.7415293818308,48.61892277945306
UTS,3817,0.5147219578506166,71.84135261035033,52.771564255261595,48.45995287138358,51.825969696437525
UTS,3818,0.4588125651162025,78.01171964379715,56.20594812876972,55.62375219374904,60.25562762412953
UTS,3819,0.5368464743836585,68.96760531353797,50.903473835785825,46.225970803675104,49.20022582234671
UTS,3820,0.5295604619033698,71.56624567255719,52.60501252619833,50.48071613199581,54.211948733475545
UTS,3821,0.4780100253839472,69.57994872347648,52.000704731277686,50.13729099070516,53.45477859724363
UTS,3822,0.5630305054115798,67.94135223072394,50.32616846627195,46.012881463629206,49.734606510051954
UTS,3823,0.5595977606085263,74.909402766144,53.50771543450792,47.11316060870606,50.77376849495708
UTS,3824,0.5564008215058938,70.83609441765546,49.963550781431245,45.160406305650206,47.894891555310984
UTS,3825,0.5514115160256969,65.78227048540536,48.174388590209084,47.08572253075129,50.33940614157437
UTS,3826,0.45461174114552094,73.20596236913435,51.954489748842995,47.57037480285464,50.65243046403698
UTS,3827,0.3887573095421505,76.79179933618646,54.65699125608668,48.20960880748602,51.644974446700935
UTS,3828,0.5958392432869786,59.95478684593286,44.529032075178854,44.40305498570087,47.42654807880005
UTS,3829,0.5088569950791255,73.91248198815431,51.61890733985906,48.65336677602957,52.857732485508784
UTS,3830,0.5340535369061197,71.78791413849255,53.17956111247549,51.10265643453242,55.110705750303765
UTS,3831,0.48249379523597247,68.41678224376378,50.58880713207308,48.41496707075313,51.15768172088002
UTS,3832,0.6018759449958409,67.01025785558286,49.22259514178916,46.71867767077674,50.54661846512771
UTS,3833,0.511535215078859,66.46782865366987,48.08139757369708,43.94693679792244,47.31453977848865
UTS,3834,0.46702987323039846,73.65645180899703,52.32328166984511,50.70326138989347,53.01342636046334
UTS,3835,0.5068105498013219,65.53582630750488,47.00758914580049,45.99936118127334,48.56726247786534
UTS,3836,0.5988162021789831,64.95229959618909,46.94788547165378,45.00781740851784,48.60156486649681
UTS,3837,0.4737924557418378,61.82258095580931,46.78349508765213,48.8614153100761,51.805579717618166
UTS,3838,0.5094440122501807,69.86325826354262,51.30061417761104,47.80498894500385,51.40131421053467
UTS,3839,0.5735706080855303,67.74561530132286,50.40354842230331,47.607303997852135,50.72381268677823
UTS,3840,0.515066754769502,67.52798947372297,47.93381248280925,47.36701800370212,50.33068063859897
UTS,3841,0.46550068433099145,65.6903830724262,46.85151820216395,47.00236469287299,50.996244857331845
UTS,3842,0.5075742419339904,73.47548313556061,52.419375029391624,44.056677558522445,47.37712453325707
UTS,3843,0.5153620264553511,66.26842882533286,47.87351282074025,46.45104480493347,50.286618688989996
UTS,3844,0.5579233487751224,61.44408852978316,43.58792588604887,41.77614305081937,44.94792975480446
UTS,3845,0.5125912958154795,78.0436079959229,54.68691628374688,50.06273895203473,53.63778425332189
UTS,3846,0.5116304646465737,63.83739646107361,46.17314434756965,44.71107013084517,48.40271614852582
UTS,3847,0.3759738387452968,78.39518091016237,54.96606225885468,52.07604263959884,56.90278144649206
UTS,3848,0.5204156059357821,60.61550071202495,44.4034576029809,46.43944980970382,49.275177338373716
UTS,3849,0.5952025407822149,63.27592445631856,47.67137634083493,44.850392073209655,47.487303544487276
UTS,3850,0.5157081855517417,67.6559390496768,49.13665317412223,46.54544110075136,50.13560761231317
UTS,3851,0.4585094259405418,70.1512549694164,48.79057553427528,42.86013700030708,46.3131660049634
UTS,3852,0.4168973246871538,72.48187767778711,49.13050449630401,48.62684220968207,53.3516740811122
UTS,3853,0.5023530828610547,78.48829555909613,55.80312861814113,45.66534862740853,48.81527948266075
UTS,3854,0.4957810458747588,75.59575504567509,54.97672231294919,49.30451185447241,53.3810812844644
UTS,3855,0.517239928409173,73.8459219080061,55.63009743590784,48.9309672111485,51.93739260615462
UTS,3856,0.5122417912695505,68.65051281363861,48.65144750062001,44.9516523922444,48.1110275022854
UTS,3857,0.5431318350469135,74.1457322834436,53.513070234989684,46.2238834836033,49.708282567503126
UTS,3858,0.5866357139702785,61.53731857309411,44.22897570301263,44.99122780015639,47.71867968876983
UTS,3859,0.5623653485285918,63.45101878065153,46.42162030500207,46.65493278069711,49.24026562713906
UTS,3860,0.44579856871799317,67.52414847394408,48.50031705968475,50.462659993736494,54.464554922318264
UTS,3861,0.5858100606718097,62.74499078094727,46.62542542929484,47.53217832384122,50.72984350679337
UTS,3862,0.5174403254629449,73.47526099694826,53.32413620862635,49.58646921105519,52.81350556116564
UTS,3863,0.5506391456692225,59.248227756534284,45.19775121977075,46.32497649722275,49.03390769233904
UTS,3864,0.5365629247880261,66.98486142986641,47.725690328919455,48.82184465045,53.467923024049526
UTS,3865,0.537824550083357,68.57582362790595,49.9019160426064,46.75511492156985,50.14479142681036
UTS,3866,0.6113925249347303,69.93687377817018,52.84674577983238,49.43849493791416,52.872337987788164
UTS,3867,0.5668759888814632,67.61185988622694,50.32047641512038,49.17871745032342,52.648292147033395
UTS,3868,0.4883893693946466,67.0233090884399,48.82317106134666,49.19294953136785,52.59522953502437
UTS,3869,0.5031736205645545,73.81290975705082,52.78854460780786,50.76217101998251,53.87740531648525
UTS,3870,0.45276944298881105,71.51456839287209,53.56492034178254,51.1982046965762,54.37834348757282
UTS,3871,0.5670802032105589,72.5629279733142,54.983826670797065,50.188368306647696,53.85067583703263
UTS,3872,0.4795361281284004,59.44741088341494,44.469151089142656,45.760437342631526,48.28303706649102
UTS,3873,0.5097712238255598,77.72183130637806,55.50674892698033,48.39801452417524,51.24136512401706
UTS,3874,0.552761255202399,71.23814700972838,50.65861223696898,49.12646973280812,52.320767574740245
UTS,3875,0.5140036363783359,67.65997520418063,49.09129451036678,46.92132464775072,50.46286912726378
UTS,3876,0.5172355989408122,65.42276777227231,46.5979855754997,46.124897620626484,49.75564546275674
UTS,3877,0.4703600907707165,78.12439333248562,55.706455530704325,48.96611659402645,52.53393295493878
UTS,3878,0.4246169145287342,69.33953031656416,50.16042221970365,49.194194227265726,52.74240625067901
UTS,3879,0.46949738024931653,70.6814526097801,51.46075997403843,50.78739929005726,54.16046162863151
UTS,3880,0.43378279690436394,69.73485870444463,49.992997284110395,46.325819706983346,49.322590657681275
UTS,3881,0.5590677654852454,62.114614317204065,44.03164305682362,42.19973065859555,45.046113081616994
UTS,3882,0.5238265432830109,71.29881490467261,51.5150596492025,48.64836818732116,52.612606425686415
UTS,3883,0.5924134304005078,67.16377079923437,49.9597230850357,49.4609856735226,51.97070151260693
UTS,3884,0.4731392335436082,79.03474708656981,55.30535787557047,52.27836028731774,57.474165798673575
UTS,3885,0.4937944231201026,69.35797085692985,49.736890711353986,47.92091930528235,51.19863918514224
UTS,3886,0.5710872249610133,70.21038227443987,51.95460349643773,48.78740377637818,52.06222893813224
UTS,3887,0.48266562124830226,69.71603536740813,49.185790995772415,48.335679216228506,51.682024707610914
UTS,3888,0.5223112594126448,63.16001000519282,44.30220990718048,42.79541131886324,45.619028983203556
UTS,3889,0.498801127773555,62.75833427804615,45.81833568014364,47.63169460943509,50.87585321544388
UTS,3890,0.43342511915676873,75.76367136883894,51.74562367128877,45.89057954623621,49.873949658554565
UTS,3891,0.5389636009972734,67.30921407646262,45.65944819034066,43.36498335119826,46.03375541758352
UTS,3892,0.5615209678179269,61.10181277235503,43.570547637959606,44.4704526942099,48.34154831295309
UTS,3893,0.5094017470929206,69.01753737984315,48.688850716143136,45.09571092709882,48.320924200306436
UTS,3894,0.4556954213139065,73.48785329769417,52.677920668745195,49.70032217694558,53.00368432075675
UTS,3895,0.5616069865076572,79.06740045827198,58.04240151477634,48.64638701206382,51.8182274956204
UTS,3896,0.5219481220642942,66.02556744848978,47.14320472760101,46.28881166104203,49.82459761202761
UTS,3897,0.4932708061911778,67.06171454079958,47.44616170566654,49.365384120506526,53.41015441976639
UTS,3898,0.5879925469607075,70.49504967359351,50.32728809531838,45.18821877826326,48.59528832932419
UTS,3899,0.4190158463078525,84.14490956366616,60.21903494139315,49.82428918694504,53.2392955350479
UTS,3900,0.5125835317640332,70.79183348081018,51.58597811970086,51.04994247930391,54.607155107849096
UTS,3901,0.4525611397423781,71.99116982050444,51.689804051451105,49.556532868974706,53.2935044856557
UTS,3902,0.49393599323084625,72.50270220672755,50.668214203634264,48.161235242461125,51.29013447074195
UTS,3903,0.44358359929511815,70.87854973428777,50.09477777521725,45.88336416662811,49.09015670721468
UTS,3904,0.5570655709917123,72.08365514524917,50.411230703836694,46.2539686917359,50.05023009455864
UTS,3905,0.4074404763177041,67.52803425149172,47.471046544373905,47.7375327224708,51.83422485849775
UTS,3906,0.5400830434173308,70.42514957482987,50.05467785374635,47.66807865618735,50.617268292758034
UTS,3907,0.5397809545344695,72.97833855452802,54.04117966011244,49.22624811462444,52.23982301164734
UTS,3908,0.46674102092291037,71.66953903286789,50.55862294203621,46.06949553648916,49.82566387831409
UTS,3909,0.452911248984302,75.26042192667114,52.92965845589141,49.69378456386659,53.60054831399606
UTS,3910,0.5599167813365398,70.3875188359927,50.33021599964789,46.64852437372149,50.22453548825701
UTS,3911,0.48728692169470733,75.23486342294466,53.007404733095015,48.8920579480111,53.28628139923643
UTS,3912,0.5320290346819847,75.09938078068416,53.0997176553004,48.31296312364865,51.8151487195106
UTS,3913,0.5137171727129156,74.98314070845113,52.86270547777376,48.29365249939485,51.939874418574114
UTS,3914,0.4932205359569459,69.04524265755296,49.411273531240106,45.01957172837019,48.14605300078779
UTS,3915,0.4835888303274096,74.5601371108412,52.62154736379114,48.79545159815608,52.830062238916334
UTS,3916,0.5901946890314782,61.26852998361628,43.25620291255733,47.31409257619532,50.454203285501606
UTS,3917,0.40094096246005395,72.75640542517593,51.24115813563018,47.83890472650434,51.90205270362652
UTS,3918,0.5693681657689246,64.83866699586638,46.39901082750824,42.653478918318505,45.527570610694056
UTS,3919,0.5310784758078961,75.18230701592265,55.53213661863638,52.23267634773608,55.90322580703132
UTS,3920,0.4903285363016382,68.95721222928508,48.61291386317747,44.169622102716296,47.38946227696033
UTS,3921,0.5601841553922924,68.3237131205777,49.09189861123582,45.778484639438226,49.13087283805888
UTS,3922,0.46964767140367025,71.1697334230874,51.18022664127864,46.66493528307046,50.58471441461282
UTS,3923,0.5511471639016399,67.25844202833242,48.32186107757548,47.25880274667877,50.90578198734508
UTS,3924,0.5065586819098211,76.83038173791022,53.47212932391475,46.32538452842448,49.61723126399377
UTS,3925,0.5560446285356436,62.90272206270056,44.89450199008547,46.35248141707399,50.07789438644318
UTS,3926,0.5936762419455914,65.25789004741618,46.299745827053684,43.825748004195304,47.25786725394066
UTS,3927,0.48379367406348794,71.44777886620082,49.76948604871791,47.75710908598122,51.97852188546908
UTS,3928,0.5442494178044752,65.29408868228413,46.09593393167632,45.880967371727344,49.65974125595012
UTS,3929,0.4556976388530436,70.03026870189584,50.92483129001337,48.44603593748865,52.41487418052958
UTS,3930,0.45888999266600805,76.12996893205849,54.56773454235233,50.410519630185526,53.74761459765511
UTS,3931,0.49945761643042297,64.67701736158807,45.854536835398704,48.112176557003764,51.72717053908978
UTS,3932,0.5172407429969765,72.33951701887791,54.48866777228029,48.63098804606744,52.738245611740595
UTS,3933,0.4888975309282524,67.71261458781778,48.3671380920486,47.71810978926951,51.617889498428916
UTS,3934,0.44070631346250255,69.1839834746328,50.53771391003292,49.21452094893676,52.57132634228883
UTS,3935,0.5152285274682847,71.16472937423175,52.11863783468367,46.0569578538596,49.109962032878315
UTS,3936,0.5650109899922127,64.76783992080784,45.13335741203903,41.73789857522367,44.40347571155208
UTS,3937,0.4931549605371319,61.393898295633065,43.88579496724265,45.78650088699054,49.317475010550744
UTS,3938,0.41655243155543165,81.45497039187484,58.4959243497198,50.350432845264145,53.757009156837285
UTS,3939,0.5672437912649786,62.93820006611788,45.26714669708602,48.17826927085271,51.580739862588885
UTS,3940,0.46493681639039675,66.63589115137542,47.91213455680182,46.93120462797569,50.62916265189332
UTS,3941,0.549537396895317,72.16217053703886,52.8782488722551,45.46591743773773,48.00629252512642
UTS,3942,0.4817058808321033,77.6966708568667,57.01393307822002,49.88958793145053,53.19655625703102
UTS,3943,0.47486972340659184,71.49989529954698,51.79614589404131,45.949031485227,49.65123916715948
UTS,3944,0.5123766981615747,66.37234455436953,46.89370471000838,45.25981457561438,48.34305910962066
UTS,3945,0.5456062575940965,66.95065083848439,48.48115100487109,46.481623818960365,50.488020741842156
UTS,3946,0.5268272783879533,70.16977111174099,50.079657453876436,45.55262452144991,48.60806552429317
UTS,3947,0.5353607814500201,62.002132288389404,45.948474367271324,46.54915581808212,49.50116254700243
UTS,3948,0.5400109568893852,76.37685199721697,53.850913048235896,47.96443349370632,51.3450434769823
UTS,3949,0.5922808853616568,61.28467598976191,45.907366648274824,45.046866469367615,48.16395987980084
UTS,3950,0.4247395528097666,64.92167351901463,45.9902181032246,43.26503233168134,46.528508369512636
UTS,3951,0.5186357682783147,72.4699324817212,53.1718329446401,48.58279117667839,51.59540270910469
UTS,3952,0.5127766741599358,65.37361493529495,46.2956615219482,45.86310698233116,49.75965172261732
UTS,3953,0.41190100106675165,70.55233097490043,49.204209283462255,45.17232784669109,49.10109281471643
UTS,3954,0.5072993307582243,61.56787166914744,43.889781537692066,41.90915271508002,44.37321655963141
UTS,3955,0.5129685681808942,69.17099451371226,50.33545030957002,48.06481819397433,51.743007734152286
UTS,3956,0.6069077178917638,63.574388718021794,48.39671591106174,48.7751306117268,51.48640090836424
UTS,3957,0.42090685343531176,66.51122002924559,48.333725314773744,45.76049536437112,49.242386992768424
UTS,3958,0.5636062624426766,68.00041966364263,49.63277795262439,45.023661741305446,48.079000370338925
UTS,3959,0.534314703365057,75.7833728803405,52.21478622896817,50.00440283248138,53.46863629855029
UTS,3960,0.50367685809963,72.21111602470667,51.598033785450475,52.21198161893348,56.01506605099375
UTS,3961,0.4873138397731629,65.41016666494748,48.25969129288127,48.300852770018395,51.54872958216093
UTS,3962,0.5259598382677771,67.4653484005733,49.55079892358721,46.69379598659793,50.012949934703904
UTS,3963,0.5258463879686508,67.42221991289485,48.12713879022936,48.473754356210975,52.68016575012328
UTS,3964,0.46689966800698324,74.21609293833578,51.08156945355637,46.947426154477135,51.15413788797939
UTS,3965,0.4393432949783168,70.99360711085455,51.05354099016882,50.27256326777561,53.26078625090845
UTS,3966,0.4474482517728875,79.53610701458547,56.19219129464877,51.19026667293921,55.13849039820395
UTS,3967,0.5679160302942998,62.76669323823367,46.0276305913119,45.66613509969021,48.05533367566924
UTS,3968,0.6260508662882638,64.08951754824432,45.88353490454435,43.31758668675029,46.9882117880096
UTS,3969,0.5297582084135446,65.65697203866189,47.19723305897132,47.343351768474584,50.71777382428897
UTS,3970,0.6256579053261354,63.86258287186969,46.609478236690826,44.650647452342355,47.88192344581835
UTS,3971,0.47461640783166603,86.77291044153125,61.91211920977609,52.24852380952543,55.7247940777183
UTS,3972,0.5154244250747833,62.015708907060755,44.484654263865224,47.10933676730018,50.55667169047557
UTS,3973,0.540826442312092,69.84893902724238,49.126875234150575,44.77142884300998,47.82586283577781
UTS,3974,0.5508780346807557,62.38423327244428,46.11455870699607,45.42179270906517,49.38620528165608
UTS,3975,0.43648458956295055,70.89154028643286,50.2266244044776,51.23814161706907,54.907116628351744
UTS,3976,0.6625085266903248,67.76032047196603,52.57574380726797,45.01001692308733,48.20664050518508
UTS,3977,0.48898898502964705,77.19561788872029,53.57414466997514,48.62469267287469,51.95707901898944
UTS,3978,0.5454882656319782,67.46156019396614,49.54612094202188,47.14567182126917,50.58478706935535
UTS,3979,0.5135440318986029,71.80157858505216,51.396440920152436,49.50984929796179,53.18739482275927
UTS,3980,0.5879609533206089,63.120001822209744,46.134317163826815,43.94395861169827,46.54713962249772
UTS,3981,0.5154998141359226,77.60566071038465,57.354117699726146,48.962846880576336,52.320979069996156
UTS,3982,0.4364364508133932,71.31595637932065,50.16556878570868,45.60023484507473,49.545649625953914
UTS,3983,0.5094871020694227,71.92079197138051,50.455636073482,48.72859156575711,52.700357274878684
UTS,3984,0.4943293152841217,84.72352914434671,58.66043675902188,48.4571684120597,52.23091359334089
UTS,3985,0.4680813348138515,63.987722030623196,46.470470954852836,50.633694082135726,54.03318336455615
UTS,3986,0.5593820557586486,67.99527369143648,50.297348667738945,47.294560855922896,50.61491446720703
UTS,3987,0.48483488299867106,74.74850829467448,54.74804941825836,51.5901336657424,55.07809286364431
UTS,3988,0.5041124315045377,72.73859940055107,51.85816069847509,46.88902540017939,50.42059259999619
UTS,3989,0.5314288068684114,71.07758411692824,52.33789352629845,49.673619589751524,52.679585736105295
UTS,3990,0.46071509248409015,74.99898269599873,52.629475164387,49.08889179173964,53.20817799400493
UTS,3991,0.4933374427476762,76.45821580437905,54.23571419009756,48.968361919526004,52.30538473721022
UTS,3992,0.6168595364358012,64.1832885540482,45.97539703836634,42.97293553527383,45.80201814732988
UTS,3993,0.5617982744072851,59.38744672229923,45.22371421335014,47.730742060987865,50.3522418355758
UTS,3994,0.6024208602014707,59.940544884109144,44.24716312921988,43.896009475004185,47.04587629198049
UTS,3995,0.507749980462707,74.04691560073096,52.49108404580559,45.36069711517208,48.60674500972032
UTS,3996,0.507832578717311,72.30841849714895,52.14970011393258,48.96512582380516,52.56071364038724
UTS,3997,0.5416953629970533,68.54245563358133,48.47090155191088,47.48326678625197,51.97131511030322
UTS,3998,0.5308954027757489,63.39846327140196,44.28886144238415,44.21778118377324,48.880295244445044
UTS,3999,0.5339503807462296,68.86356224145784,49.33478795514949,47.54813622406913,51.163436648888954
UTS,4000,0.5299326593528156,72.98843810591552,53.616005122479585,48.886469511211814,52.220046565710554
UTS,4001,0.5178339361426991,73.91157339378069,51.92872056123976,45.59868209716746,49.70140582099226
UTS,4002,0.42087105826720184,80.67491953716593,55.62999688965135,48.94014087432442,52.361342628104154
UTS,4003,0.4517554556171769,78.45269264098843,53.886700577002614,47.926259386760194,52.45020270531701
UTS,4004,0.4572594562390606,71.02431144523652,50.96327817875333,49.606152477776526,53.775292625076865
UTS,4005,0.3810939697990371,79.96715494425025,56.333951326446126,49.423190322153104,53.58558138404803
UTS,4006,0.4370132240794038,73.71928915629069,53.71984037408435,52.22873713025452,56.059235672018666
UTS,4007,0.53623231416369,68.74522004399124,49.85253700798454,47.2035589367256,49.994627910838844
UTS,4008,0.5144768568600229,66.10708513553642,47.220844015119255,47.506471740613065,51.11465644375319
UTS,4009,0.4616512854419603,73.57717041443081,52.661042317207645,50.38516794508576,53.5016805934023
UTS,4010,0.461787281339209,66.34345615291456,49.54609299930649,49.18805968750397,51.86257229423602
UTS,4011,0.5579702045103956,58.628892793158066,43.595700366054025,44.87227423689489,47.72497704925054
UTS,4012,0.48634491513775513,71.24337883433103,50.6304955694007,47.42233148476976,50.60793767614958
UTS,4013,0.5493218868797762,66.49065734953665,47.66003298333887,45.76868505330842,49.21033343734518
UTS,4014,0.5097858608577206,64.95854804464582,46.85129352671302,45.6412573251612,48.68407901996072
UTS,4015,0.49462281668869135,66.30448311787862,49.049480668544135,48.857657947167105,52.45728713757336
UTS,4016,0.49558759980267153,72.06147177608862,50.70655489379014,47.59864419350352,50.692694309529465
UTS,4017,0.5196306112892237,64.07794900131724,46.483763319826345,47.12674978669683,50.179637062318925
UTS,4018,0.5615794658564723,74.25525338142391,54.79949249105688,48.85303501410481,51.96589424887366
UTS,4019,0.4332704863336291,67.50731917769028,49.42292663276509,48.33911752996771,52.33699315055575
UTS,4020,0.4428214872701881,68.91653981479618,49.83838091497988,47.32179867091586,50.249077474210004
UTS,4021,0.5119216053372063,64.55301248159726,47.669513921057,45.19559720188043,48.44436439190952
UTS,4022,0.5787696536339444,66.44340701860756,47.96867370725655,47.07225307221318,50.34652414168238
UTS,4023,0.5035747823064325,81.14064354589802,55.30863966670897,46.937544164095506,50.22877773908231
UTS,4024,0.5865461040736584,64.66178146710543,45.39870729047207,43.82391770815627,47.153587279922306
UTS,4025,0.5244032544704766,68.62188974967329,50.33440383096966,46.22324039031195,49.33098214105146
UTS,4026,0.516754268141369,66.12544318243101,46.877671236995795,46.20016811325448,50.35907832648734
UTS,4027,0.4088101459401672,69.00797474064413,48.74627613006022,46.30807733351324,50.215868437482854
UTS,4028,0.5264923338960863,70.21151833194413,51.29144472262532,49.37917912802612,52.450483669617284
UTS,4029,0.5633433629489063,64.42889134908751,46.896665618522796,45.91900351188735,49.63866399977019
UTS,4030,0.6048474215566122,58.47883740106392,44.07837550371963,44.40595093578359,47.43268003943713
UTS,4031,0.45702687975991585,73.38601437433174,53.655293302280775,50.96606978591573,54.337467178763575
UTS,4032,0.5427191706667132,72.3095054314985,50.26169649996008,48.95520962231662,52.373718751872346
UTS,4033,0.5027644963263997,66.45903068817425,47.79221005999859,48.05177860845616,51.897894234171005
UTS,4034,0.5835604107294841,64.85437533063276,47.043618166211154,46.1338345963214,49.72246941298993
UTS,4035,0.5116408137536479,75.79754082735944,54.64335293018899,49.92867209217817,53.26358789715314
UTS,4036,0.5966521289542932,69.35046302720787,49.530370409858875,44.17528053648074,47.25589274853543
UTS,4037,0.4969614888356024,69.57249148077773,50.1293284435747,48.99188198639671,52.89835901876787
UTS,4038,0.4924926137247001,64.45577199446367,45.18228639349823,44.00656974633761,47.558714843648374
UTS,4039,0.5330119415978396,72.86537882434456,53.96642416300013,45.762267557514214,48.97662111022059
UTS,4040,0.4538807583948944,73.0703601808567,50.93657993080279,46.755821416825,50.18528780663566
UTS,4041,0.5612195283711001,70.82405562146474,51.225767822225166,48.34548881468679,51.2217321006437
UTS,4042,0.5759427923934258,67.45293483087053,49.81900621568828,48.62551728753727,51.85061963923295
UTS,4043,0.45186666206253323,72.20071259383674,51.50570082409478,48.148019057371556,51.58590356973593
UTS,4044,0.5471820786752983,66.8416537362251,46.875140790832845,45.48615621674736,49.08312727994841
UTS,4045,0.5085630293418053,74.72800410300373,53.12475612670247,48.00664213693405,51.63802773636199
UTS,4046,0.4725443683119882,66.59126047000966,48.63041264543194,48.836924981201584,52.30273624830175
UTS,4047,0.6544326120456908,60.2044971689832,44.17253693966489,45.204595363332395,48.31617401234245
UTS,4048,0.5306787189115113,72.14805230800768,49.423995079508956,44.80785608527923,47.27054943150491
UTS,4049,0.45456438864517157,72.84697634940865,52.6759917893622,50.27708243623941,53.54494334405987
UTS,4050,0.5549064000102939,68.07818329506141,49.391443487644985,45.30256522122144,48.63033735133394
UTS,4051,0.56398753246559,66.27532277947793,48.55614487546012,44.89672050659131,48.12805687746581
UTS,4052,0.5078834379207433,71.49111218172207,51.061581659923355,46.39933005738783,50.202803216170565
UTS,4053,0.46280981352668993,73.87596179386311,52.7690903966749,49.58316915046067,52.843234922266525
UTS,4054,0.44905684244632005,73.13457023407122,53.226834832855864,48.069238993250984,51.3790621903598
UTS,4055,0.47363068857086776,65.37533642891788,46.578503593722274,46.512549755319284,50.03602337243288
UTS,4056,0.5195117830277693,76.08792417112608,52.245366055455634,49.91813612010817,53.95590979460553
UTS,4057,0.564114909862664,64.16518932332816,44.89306535553673,46.010980207502605,49.14734964966898
UTS,4058,0.46373935161120894,76.30543927091898,53.257294074199145,45.30847763083722,48.87748324363015
UTS,4059,0.48230097413194883,75.96294341996631,54.36596472397395,49.56736391508511,53.28650654609953
UTS,4060,0.45812587433439733,78.65030367048924,55.10365622633229,48.89538031203339,51.256229350575126
UTS,4061,0.5706233054061522,71.7859908046979,53.22451729082696,47.49836162026608,50.92893067034134
UTS,4062,0.43144004305830896,76.51547290161275,55.18969063217105,50.032546115876826,53.621159860051975
UTS,4063,0.5642270151476043,65.37193076541611,47.25863816045352,45.11710232543709,48.56755196673399
UTS,4064,0.527322047338985,69.8907253620805,50.73462185678816,48.66254489172146,52.1796296052351
UTS,4065,0.5442647581837383,68.48991209979086,49.20931915069245,48.395983250959205,52.286903802598346
UTS,4066,0.47962591451902237,68.07294559528682,48.40057735682389,48.04496143766374,51.64608771584871
UTS,4067,0.5277307469340233,67.6776071207698,48.8957828128653,47.56090206648108,51.93228630375122
UTS,4068,0.6185452454768912,65.55967595553524,49.04866027371615,46.27285086424727,49.7019124496336
UTS,4069,0.5035657416497669,67.93754822120464,48.863560535529146,47.74677772692016,50.68296610896712
UTS,4070,0.4276860432841676,72.09436610224184,51.82955638851198,50.66523425109797,53.96310084731579
UTS,4071,0.4562001653303207,65.24439396504506,46.92109121809774,46.19122980247126,49.607084832999725
UTS,4072,0.49005406044609445,69.68241242072524,50.57142841361626,48.5154976058365,51.27652676642766
UTS,4073,0.4456326632051151,76.15463538423906,54.78783568125572,48.03087241942802,51.79327295864717
UTS,4074,0.48777409183974385,66.61471576903713,46.292433499681636,46.58562079711939,50.291393421337794
UTS,4075,0.4681753787719568,75.47236886619366,52.920149010740815,52.790160335507295,57.082105394376
UTS,4076,0.46526601265556455,73.11527006138054,50.97861690496374,47.82596716216368,51.55825982840385
UTS,4077,0.5373801967167755,63.099200912502845,46.09919966934043,44.613738377509556,47.799297662183356
UTS,4078,0.4398367787418491,67.35603849121709,48.88384083621502,48.30523825360096,51.80034311231481
UTS,4079,0.5861701772500472,71.94664594638364,50.68655016850143,45.425788457746584,48.40339965072548
UTS,4080,0.6240799752740894,62.114569237091345,46.744046025142374,45.84612187343329,48.91391111404985
UTS,4081,0.5100625179638644,71.7406191758614,50.046604354326625,46.530910688736675,50.46216923849046
UTS,4082,0.47871828032339847,71.52661367571686,52.3746140194398,50.69264574742874,54.04133957754807
UTS,4083,0.5576739721231341,67.51459319577941,50.35549410571054,45.049328024412766,48.40214045812748
UTS,4084,0.6108479582969546,61.46788200309515,45.22017736030687,46.30009355800328,49.52338636755916
UTS,4085,0.5109846827419249,78.38610558385963,55.81245010548574,51.733998255677996,55.74946522150896
UTS,4086,0.47564483464540075,66.48102834745646,47.68598299602181,44.79689197963982,48.03021944307617
UTS,4087,0.565467262576719,66.26798724232401,48.23858892644625,46.740148526806315,50.309802384312135
UTS,4088,0.5084128644947485,77.30154413023747,56.467754560157815,47.23790830989085,50.875810655766536
UTS,4089,0.46413189299214586,74.12788730044251,52.15687326955171,46.561020273712906,49.71783803903796
UTS,4090,0.4735280610355941,69.35239045613129,50.432581462573445,51.094342417711815,54.85032007290217
UTS,4091,0.5831664624149788,63.56372717952145,47.42235927804917,46.004934663681915,48.99003566880121
UTS,4092,0.4872012546986748,61.018097456391985,44.799892196875895,44.405448146155166,47.84380234499099
UTS,4093,0.42186250868286257,76.00532901073507,53.53274372757335,51.55599696052062,55.84547648229994
UTS,4094,0.3589438217350309,81.0295099673392,56.54117794871929,50.39520281873232,54.60013476081464
UTS,4095,0.5556927377601438,74.15942789666428,52.64434039035073,48.167485874297874,51.9165534426754
UTS,4096,0.45817100120790066,72.39722426825072,52.6060335019854,51.21937372405418,54.98351343663433
UTS,4097,0.6217642226620194,62.174702726358895,47.01499751282535,46.78388881757,49.79420333401446
UTS,4098,0.5588663437681098,62.69951798710163,45.71295528165124,44.097191158851075,47.487601230305366
UTS,4099,0.5539891602764289,70.2033688788868,50.38460393302605,45.04886959032969,48.42581395153102
UTS,4100,0.5395389524636355,74.57270893317926,53.538822878369714,50.364610885863236,54.138170464477405
UTS,4101,0.4760455372526572,75.13619675203077,53.31488881802184,46.53991560652876,50.96630330050602
UTS,4102,0.59387252569993,67.18069219567269,45.78815005095364,41.899162903482164,45.12006470212465
UTS,4103,0.5252600606406137,62.585443642892734,45.07409173708998,46.93283412957342,50.27559932581075
UTS,4104,0.39474492510474946,71.3885634585001,49.79567154820878,46.92114238811287,50.28708871202775
UTS,4105,0.5533356816199552,68.40190747735899,50.12561278559074,47.474180889591075,51.26798678258207
UTS,4106,0.5019650337881332,69.43474179923787,49.45587057273304,45.94500396646288,48.95674083792567
UTS,4107,0.4512038434914223,69.56237886828612,50.39270251484669,50.92048478764567,54.981371183428045
UTS,4108,0.46760546568066075,76.28118675285667,54.290360125460126,50.454856104406915,54.13174685983007
UTS,4109,0.5092065371599392,67.06897263545741,47.56232103195426,46.648667114475224,50.12674405513166
UTS,4110,0.4095634823749419,62.47689127993954,47.407760311427,51.02311357008043,53.84044239616066
UTS,4111,0.5354548964351764,66.84816750379996,48.54842099428098,47.78900799565153,51.38980995366555
UTS,4112,0.5149924075670895,57.57324201577517,40.37344428662596,43.70688902852759,47.004532272233504
UTS,4113,0.509077000327761,67.08361105700028,49.6180083508469,50.41734745033457,54.23994464817721
UTS,4114,0.5013333214868807,68.89150629463215,51.136934212939735,51.44621581764454,54.654594788907524
UTS,4115,0.46132757143122605,73.65606648722816,51.919619840352425,46.96546331802833,50.64308283736932
UTS,4116,0.5299734263674654,69.77812684111223,49.18243630713426,48.07489299270255,51.38481809669378
UTS,4117,0.5665552878573368,63.85137752114229,46.218933904282764,47.3837269951276,51.00656542034866
UTS,4118,0.5569157961865744,61.444013019753136,44.319826811437565,43.59977859234157,46.9296065174491
UTS,4119,0.5017861361882017,68.9058816380359,48.78032112744947,45.63255826773885,49.03472108554908
UTS,4120,0.503181184108575,74.17000672404038,49.70631214011228,47.55628167165085,51.734665986500524
UTS,4121,0.5473476764326706,66.46566790005235,47.174372384851104,47.16423840740072,50.21767962210247
UTS,4122,0.5237676723496121,60.49654496410263,44.76367792947953,46.843829852662374,50.13709833615706
UTS,4123,0.5882811326737122,64.15320764896923,46.55111015273247,43.66572102871468,47.04015139312167
UTS,4124,0.48463179737989415,79.06926642237012,55.620498884071345,52.768551463300895,57.193535976530114
UTS,4125,0.5114136002327742,68.50649552642896,51.60801374701939,49.54911642004696,52.54723693000546
UTS,4126,0.3971560718217928,72.34678352300931,53.86622046331962,49.76771080559763,52.903393978896425
UTS,4127,0.5353997260851915,68.01827095822424,48.93075170046357,47.970186327885585,51.232801444037214
UTS,4128,0.4513421288999947,75.92676957449778,53.88519395904882,47.78846525833937,51.217181269444325
UTS,4129,0.4647966904764871,71.67517220740032,50.157494383463316,45.303616275332615,48.77376138439084
UTS,4130,0.4262137969993257,78.11582307102587,57.48756511980664,53.79534254287325,57.56416877419565
UTS,4131,0.5142199833411472,65.29415219606177,48.34914998812124,48.0044023701231,51.560258745438695
UTS,4132,0.5067330392336873,68.18168510536003,47.64013462930683,47.97009862155538,51.06724899562464
UTS,4133,0.5207745333038719,70.32809129815021,49.752513154230755,50.26095990341801,53.989218446086866
UTS,4134,0.474724386418219,71.2579080604098,51.43696557076563,47.934566493343276,51.67563585644138
UTS,4135,0.5297390465322933,65.66470742980556,46.79920695154264,41.744035314671514,45.34864110961249
UTS,4136,0.5802082695508499,68.42686777292937,49.329604425865575,47.76419166984671,50.645322299549605
UTS,4137,0.5537996769117666,65.6790521968547,48.48727260814092,47.836070052743445,50.66978739831628
UTS,4138,0.632906119236917,65.04631221215195,48.14358153772201,45.71556302207802,48.62263676208692
UTS,4139,0.4496151609606658,69.40955574361313,49.53247467199747,45.50067713172555,49.23266406941946
UTS,4140,0.46765438733617604,70.18740321019885,51.3247574228326,51.02225520038828,55.077840081571274
UTS,4141,0.48455730948756304,77.03257016570691,54.866437817336845,49.22593147253304,52.56391887394767
UTS,4142,0.49494946284445474,76.50121005929721,55.06268410607551,47.50901824295881,50.48278058071216
UTS,4143,0.5076573962853184,69.75343536423722,50.911874337782,47.96192138318574,51.43025638247661
UTS,4144,0.5330083880047654,67.75746451223796,48.871649422487515,49.805101233925015,53.9069371219212
UTS,4145,0.5858491835362709,70.44008056224433,50.18236930993011,45.56341735739513,49.05958301058052
UTS,4146,0.5004585478102657,73.39583941094753,53.10138697005681,51.817617197993435,55.3322158703537
UTS,4147,0.5417137102781029,73.633737211219,51.734677156876906,47.52566768721836,51.42063270710343
UTS,4148,0.5321367780591998,73.62093622241406,55.16539081693042,48.4705769012395,51.455691816091885
UTS,4149,0.542593944447317,75.65566988853926,54.81417165847554,49.25113474339002,52.94933795452945
UTS,4150,0.6194985153704626,67.3993789638761,47.35492706285822,46.17995640600832,49.66997708649333
UTS,4151,0.5699438777937358,65.73483529063138,47.96673214383258,47.09330198248746,51.44429902302086
UTS,4152,0.4567564408204454,75.94094082885798,55.29898717985352,49.526015817497395,53.00178545948071
UTS,4153,0.5036702585217869,67.79252621161456,49.06360872987519,45.785875836414576,48.772603654743754
UTS,4154,0.627703736752137,68.52899927431189,50.983983340513255,48.21374782646527,51.88205579144003
UTS,4155,0.4218182255625348,69.9901529731668,48.53550069268047,48.09565153619972,52.38382297753528
UTS,4156,0.5909625131114677,70.5912088658044,53.59562457141206,47.87203223509393,51.0348994215947
UTS,4157,0.5531256558498878,69.8678622751139,50.80223694203491,49.09989733077508,51.92400410222233
UTS,4158,0.5234745914065451,70.74508196790052,50.61431826776737,49.29474347470849,53.6684227387742
UTS,4159,0.5037960604901256,66.10774373108308,49.03239222094813,48.12696648592901,50.560429011156224
UTS,4160,0.5467366268265403,60.06123277499657,42.75280286987275,43.242410333657794,46.78995577549856
UTS,4161,0.5288874396978958,61.551239234082615,44.468314085660694,44.22037634464595,47.832666917723095
UTS,4162,0.5467482412339641,69.89307241624488,49.92432970324615,48.378102418856855,51.323339433534244
UTS,4163,0.5236132313056552,74.78023411395131,53.02902230890406,48.439141599570824,51.9252699495274
UTS,4164,0.5738455518413155,64.37316540057427,45.62763619715746,46.187697562289316,48.96371919067228
UTS,4165,0.5281842966268215,69.21731539459151,48.848250244690966,49.155009564842665,52.10868028050057
UTS,4166,0.5557639440875615,71.22104892462227,51.372388499679175,48.79168579797109,51.9778817401235
UTS,4167,0.4830872171534911,70.704644883219,48.689390941291926,44.68476450696408,48.139485310277
UTS,4168,0.5013311704370903,68.73813035952888,48.627188566339434,49.64484665847994,53.041747474604364
UTS,4169,0.5223364915702288,73.48980415748132,53.29278404999287,50.152847029493394,53.74791067090382
UTS,4170,0.3894858100949127,76.76237655992458,55.01137809157224,51.28926622721957,55.62131876146194
UTS,4171,0.5887084727902667,71.43550219647888,50.19866603279689,44.709519036835694,47.802788351107566
UTS,4172,0.5761665726752512,68.49279736387362,49.70281736531825,45.7603209762209,49.1076397636607
UTS,4173,0.5161013278092345,70.17360371734591,50.846212062215194,49.96875683386397,53.11790533800823
UTS,4174,0.5087154371509562,70.74197968351721,51.395583871406764,47.62949335087444,51.90418649959943
UTS,4175,0.5218206406423838,73.05243913876298,52.444544263089824,47.837259684833114,51.59010350129525
UTS,4176,0.5676786436301764,67.51617690361667,47.169072625712836,47.34165728116997,51.51643845644011
UTS,4177,0.4683025746448418,78.46612388085644,54.318892320076,49.87712516196061,54.12367289065079
UTS,4178,0.4934902240729948,69.58330130384107,49.51273509781133,46.74218017395248,50.694101248468186
UTS,4179,0.46538045552647944,65.00429582149985,46.13756156847659,46.578338570178126,49.7093018030829
UTS,4180,0.5333698978356396,69.99084741049052,51.431433059529404,46.957016355606235,50.028065489204025
UTS,4181,0.5239558086883243,65.80092003029677,46.7318067738929,45.176586430361354,48.15842347074989
UTS,4182,0.4980990588819988,65.83301215813852,48.22711177584128,47.0452742261356,50.34915072120184
UTS,4183,0.42520230742653387,70.79523092256623,52.18090301864707,50.040174241220406,52.62183693836959
UTS,4184,0.4884253181218502,66.81457317918984,46.27681466055601,42.32025883151348,45.733202897303734
UTS,4185,0.5783096025578364,61.86512949891266,46.20970719453701,46.92495458379901,50.36335629280235
UTS,4186,0.3851431491213009,70.70193576006058,50.70192766150029,49.06255866695101,52.95879546258113
UTS,4187,0.48857380408104556,74.14428925011356,52.1074607356645,48.996916475630606,52.53988282527195
UTS,4188,0.5590515194730036,68.27409889298016,49.30986095643096,46.56029649553962,50.609948273069755
UTS,4189,0.43755099241845385,76.526011664211,55.302464069280205,51.529565578311775,55.824061270466146
UTS,4190,0.5311218950954226,68.31677938084879,49.128420029266614,47.42156975360262,50.83108729198712
UTS,4191,0.4887035208818744,72.80719419133953,52.05912416808277,47.824474431171005,51.38008481091488
UTS,4192,0.4434845046383845,66.44239969039897,47.55776220175082,46.74603287206603,50.07473504919343
UTS,4193,0.4729120983199294,72.72882249499267,52.30487317552338,45.62693891135181,49.42127143129085
UTS,4194,0.4978019247466837,64.55403489683327,47.043362927213,46.53242737274844,49.888274962411124
UTS,4195,0.4168003197974536,67.41474349921707,49.56622259624705,49.34596611978343,52.47051058671566
UTS,4196,0.5266123525536937,71.79435759868534,50.961742763030315,46.17897150847763,49.644175012818316
UTS,4197,0.4789390577270406,74.07951148077782,55.20516757317801,49.56697853512922,53.11263158958091
UTS,4198,0.5293829758434119,76.95948624092001,56.41063301376955,48.91561739174433,52.38705083263494
UTS,4199,0.5055842274098392,71.59887312474353,51.66149375452779,50.40515983012131,53.55445870205687
UTS,4200,0.5405914005396619,69.42058244252797,51.39753329572093,47.08053170567022,50.57616454606246
UTS,4201,0.48155231327865733,68.8530016237865,48.954908918267854,48.37537248140549,52.068264188564726
UTS,4202,0.4892857544210518,73.61831836568324,53.594502463369984,50.072101693370435,53.45680405269065
UTS,4203,0.48014463089861237,65.6250486262633,44.513759015600826,43.879580212570254,47.21583365542276
UTS,4204,0.5299849399731507,71.63809836761054,50.25142841630219,46.37297705404992,50.04975915190608
UTS,4205,0.46650462875467313,70.80250848935246,51.70016432612261,50.10077672146282,54.60250397363361
UTS,4206,0.44498184063093815,76.84688344620339,54.15250739853464,48.29585019843163,51.75165850113665
UTS,4207,0.5422410772241174,68.16587072198642,49.30071767090537,46.92887154285621,50.077280146286746
UTS,4208,0.5971086255761116,65.79537984493675,48.14770514944493,47.083755244078205,50.62556405853124
UTS,4209,0.4302768076562298,74.60992598648568,52.99759644106944,48.13403688426269,51.578472536857966
UTS,4210,0.555904959294056,69.67163971656787,48.888086825942814,45.44199997567081,49.56093934589413
UTS,4211,0.6215913579965793,63.56294808931712,46.82371768356727,44.55864008057883,47.506514442615114
UTS,4212,0.5887204173554932,62.8040542744075,45.74393420313344,44.82010972497638,48.07631651980053
UTS,4213,0.48901792268660516,75.68306859604745,52.99680838377839,48.661011375485145,52.88657144848928
UTS,4214,0.4510246914862137,74.35891387964482,53.132004262537805,51.75835673025924,55.91561073220863
UTS,4215,0.49337889539627855,70.63782052235638,51.39473651269935,45.51916853722228,48.59169958619448
UTS,4216,0.4493563894238082,73.48935075318327,51.432125097756014,50.970457015428046,55.0711947321309
UTS,4217,0.49664294654838737,68.9540440602939,49.340750836276776,51.26905413826132,54.92924713495179
UTS,4218,0.6272936877130986,57.43178983315041,41.45000332141481,41.015194278687105,43.75960342858414
UTS,4219,0.48386787549390164,74.52872942449468,53.35699246524178,50.47795739726675,53.80307672063786
UTS,4220,0.5864464990588781,67.35314686970575,49.313895305651414,47.983721600287424,49.7085035530641
UTS,4221,0.5484447006178343,61.63472015609449,44.301395279043824,44.74346916031611,48.06112773039842
UTS,4222,0.4928242757992114,71.88065383899135,53.567208138904746,48.38388224287964,51.4248862969796
UTS,4223,0.5078320639782175,67.93699575305648,50.24482351224961,48.770948979073886,52.09192364851615
UTS,4224,0.5413898706275757,62.31663727602101,45.96361910218253,47.49971043960921,50.522341698654074
UTS,4225,0.5207696186153562,65.9603841206536,47.68088612339889,47.40961594964453,50.40640156942024
UTS,4226,0.5178386108341944,66.0125030938944,47.24655723098042,46.675796348932394,49.69936528034552
UTS,4227,0.5503275392405242,67.94439529108915,48.57903718789754,44.73879809199842,47.99636690734264
UTS,4228,0.47618582864951997,69.41633422224834,50.550913426309954,45.77403689226406,49.06420377935197
UTS,4229,0.4751978844427942,70.06680350643992,48.62911747751156,47.879343648447794,51.19846886356426
UTS,4230,0.483420500008215,73.06147005344808,53.111644904411776,47.442185665307385,50.71598471843855
UTS,4231,0.5620884998186462,64.12155125556625,46.73067002331202,45.80434855064574,49.96987776545744
UTS,4232,0.6035113474886695,61.815375124138995,43.220332148905385,44.08970437743946,46.82366654288935
UTS,4233,0.5406707238328308,64.8463074580733,47.178032221936455,45.31579651024213,48.525886226921635
UTS,4234,0.5749183169587548,63.64143062610326,46.50359902058907,46.21685568618574,49.84490760796718
UTS,4235,0.5420658456443272,67.654305583898,48.6119463903883,45.0811558623929,48.24685026524781
UTS,4236,0.5024995460157078,70.09127875271314,52.04143686406582,50.37840645348249,54.03322207381272
UTS,4237,0.5705414026599447,67.51565888104656,47.68087016557716,43.601283946131936,47.29705085800706
UTS,4238,0.6259217985667676,70.80940897756787,52.03541359472615,47.51262362440439,50.826985941543185
UTS,4239,0.5272620908703516,65.77906383623674,47.33270628997466,45.925454503625964,49.41720476026405
UTS,4240,0.49424404900374197,76.4294239401456,54.67552570875937,50.5155289588513,55.15647314199707
UTS,4241,0.5681464952209317,66.78103200863659,47.762491543298815,43.87119347435074,48.08198383210692
UTS,4242,0.5628627727538695,71.40091997303855,52.06600352175941,46.2219421813849,49.55706659775475
UTS,4243,0.47731309887278084,77.249563662705,54.81142657208861,50.27548054133512,53.07978259775813
UTS,4244,0.5532321996487548,67.83962321536588,49.16661370224347,44.61738550318838,48.594664256193894
UTS,4245,0.5153689331599611,73.06011028324129,54.277831302123026,49.995344979816466,53.967788358376836
UTS,4246,0.5536472446666896,68.42706166207986,46.14852695064377,43.47133126701072,46.52958438456325
UTS,4247,0.4849049481168468,65.09417107722103,46.04491121261604,47.78611972737807,51.938795065280004
UTS,4248,0.5275738871628679,61.68487012954745,46.08034419059845,46.49379631752935,49.49254208274235
UTS,4249,0.5033040512023965,66.84833609397708,48.93329018762183,46.27876705222148,49.647662727474234
UTS,4250,0.5124266510264308,71.72807650069215,52.48781039174355,49.02010287098049,52.50052810542101
UTS,4251,0.4723520000889624,64.32288759525346,45.263051386330986,46.405116790660315,49.81419309832665
UTS,4252,0.6029293047402657,62.94475935337474,47.0234094197189,47.11595596305363,49.896731337917494
UTS,4253,0.5418385973505058,70.70572912106068,51.316797912407516,47.33295466180346,51.003121675026634
UTS,4254,0.512402181323868,69.95316835731587,52.317543941437975,52.065927008198166,55.320154253508505
UTS,4255,0.6158063002129948,56.83116371614047,41.27402949680154,42.73795619087162,45.52206901529231
UTS,4256,0.5043717524142988,76.90931420558346,55.69805536894355,49.13355016214311,53.52901396243158
UTS,4257,0.48090384803791497,67.12906029315643,47.72476087867533,45.69394372449931,48.96275192363686
UTS,4258,0.5665526456602954,73.57566788912268,53.055265143275356,46.37215361845985,50.12110282060371
UTS,4259,0.6055777307814938,64.11737816532975,47.042398375965334,46.34626584996618,49.467052349552986
UTS,4260,0.503223365270878,65.71044801830129,48.861792321000145,44.95153676629689,48.3815728226744
UTS,4261,0.5560976783946379,60.064667000043464,43.942794483997794,43.42049268617972,46.44284459519713
UTS,4262,0.6118714659274225,65.54724847673774,47.32048707648164,45.25646191898113,48.24738021897383
UTS,4263,0.5654337545394339,65.26271621077508,49.176496085348944,44.75069713993996,48.53168135542019
UTS,4264,0.4013768771861934,75.17579775641593,51.66845803068702,47.818953562806946,52.199917515526124
UTS,4265,0.5640713631798235,73.88465627118758,52.32276861181656,47.36618634232892,51.14545813226441
UTS,4266,0.5535033753864964,64.4824987769304,46.34341766950673,45.8339429832097,49.622501186607714
UTS,4267,0.5071081939185981,63.078245758443366,44.728383740478606,44.52785535169355,47.261709822557044
UTS,4268,0.5964102335539807,69.00050548769181,49.50900077037126,44.303849335402916,47.20760009950198
UTS,4269,0.5190541711200385,70.20540821615062,49.465814123683344,42.9455861677917,46.36703631894658
UTS,4270,0.5143832001989643,70.35481526061979,52.344719435788,48.902056874267586,52.19296409338322
UTS,4271,0.5190179289077768,77.086423991757,55.366795854011606,48.90228629337685,51.5855230833446
UTS,4272,0.5048073038596719,75.86100581758707,53.777640804054926,48.55224762441742,52.136138263360166
UTS,4273,0.520928786193483,68.58855040543138,48.45413210846824,45.85337907305759,49.226386911424164
UTS,4274,0.5877771820466029,67.4472942791386,46.63478841678119,43.12581568190124,45.94801141672302
UTS,4275,0.5629240582588135,65.02159740233616,47.37838866079281,46.3382951937379,49.82099697513911
UTS,4276,0.501789493752189,68.20917081946202,48.19372234676855,44.65116803276998,47.554265530043
UTS,4277,0.6008037204242889,66.5915351132454,47.26532836652933,43.970303613504264,47.40707234416012
UTS,4278,0.47371963209021073,70.70142147394164,50.553385114527224,47.6327281988103,51.739937951575804
UTS,4279,0.5619729920185614,62.97258813817337,46.12691122531468,47.762388864967804,51.40090133294305
UTS,4280,0.59546914051814,62.95557064523176,46.386448005980164,47.382418357518944,50.32927206716869
UTS,4281,0.4551994926111147,72.19975281282608,49.87748536880652,46.721182995429395,51.04629762672279
UTS,4282,0.5560786494856715,59.10390246210402,43.00913846773964,41.10023838724965,44.137524388103415
UTS,4283,0.4354737026672484,75.71354172370678,55.739516422859936,49.77872893020305,53.137818978130284
UTS,4284,0.4110771092669925,78.93165979534835,55.83429458235006,49.07699200789193,52.66320218139227
UTS,4285,0.42175111860417736,65.1022019954547,47.062379743619545,51.04262044803058,54.64432249453759
UTS,4286,0.49327235350374155,64.71002385904792,47.0098552623178,46.105270616960496,49.39366915663722
UTS,4287,0.4416207036801545,68.59040302295757,48.61238343745872,45.927529949317965,49.031822471777055
UTS,4288,0.4717235250614724,71.9281490692867,50.94346308979635,47.48822102221793,50.99700785338741
UTS,4289,0.48596576526602764,64.51986229798345,47.76402194701543,44.768719663097784,48.02831702132111
UTS,4290,0.514827759437176,76.85057469496282,55.33441587955472,48.44349411155233,51.767373841599735
UTS,4291,0.5508876118804495,66.89610530094455,48.89032628839897,46.40600511736869,50.03263671552359
UTS,4292,0.44590003713938053,73.46701884201862,51.989822465728146,49.26816405415295,52.29631723778139
UTS,4293,0.5655171279356634,70.28225924081319,51.70678314082841,46.21406270927977,48.883160234562084
UTS,4294,0.44605787629121285,69.28579396224225,49.50602782015272,48.46996249285123,52.63232994719075
UTS,4295,0.4891038836523617,71.63327069207743,51.73770339518989,50.59687385336401,54.245859396764196
UTS,4296,0.4410154925316224,72.47826392657862,51.44266091615213,48.00121743503787,51.44178713265272
UTS,4297,0.4481752781513413,70.85824618524279,51.36640310473951,49.82560501992024,53.07885781512588
UTS,4298,0.5227193116849012,68.21211378612706,48.54310319856004,47.625415867356416,51.83585379175614
UTS,4299,0.5074151648545662,70.24476009578075,52.52297175890714,48.2998640022342,51.80239079804334
UTS,4300,0.540321625383039,65.42753676815371,47.09595588781056,47.24236817952327,50.21551117406751
UTS,4301,0.6123041686001958,62.19127409432316,46.86193434994493,45.77065065526725,48.80148018716978
UTS,4302,0.6035773635414529,71.68736487195422,52.480442202470535,45.20910063522144,48.513473627558504
UTS,4303,0.6054103266352873,75.48178644687574,55.669712945791254,48.37342600766486,51.69934643325082
UTS,4304,0.551690610433581,72.52408382332632,51.08426827615722,44.99012814568191,48.76152629605618
UTS,4305,0.4319691556922992,74.40201571635642,51.15934034901249,47.54545059353273,51.43596113800543
UTS,4306,0.4708668959993503,74.36465349560743,53.983396507506384,48.109645644832874,50.71556530003161
UTS,4307,0.5614833620835671,70.09814526900297,50.54747244588878,50.91490646255898,54.648894473042446
UTS,4308,0.5863587958632203,71.58635489470088,52.42471523866311,46.62257838863419,49.489652863693166
UTS,4309,0.5593835647851932,67.68411717107458,48.77761949685058,48.16132009240844,51.15907634893252
UTS,4310,0.4767336851225471,65.38702678317566,47.4285514900016,45.78894779451965,49.05470756786911
UTS,4311,0.5013899123538005,66.72901916987152,49.080438040834515,44.827612947339546,48.06124117633912
UTS,4312,0.47776594895361546,71.71748353463911,51.06775196018787,47.9094074063183,51.57841223087269
UTS,4313,0.5779540768538933,58.6282503984607,42.698620502078214,45.394006465719485,48.626547009511846
UTS,4314,0.5663895905260974,66.08111966382657,47.304329339883694,47.90000532569085,51.66264720398773
UTS,4315,0.5665168919891748,67.02228864455421,48.697538256377,44.393799677160345,47.06678361648041
UTS,4316,0.49525109790160404,68.56295028637274,49.87881108095541,47.34295535977949,50.96063290249441
UTS,4317,0.5043124372037964,63.607661802816075,47.48392838908489,47.823558664733746,51.48534761330828
UTS,4318,0.5311307674451222,72.68133251484086,52.0543603501711,47.94428362799481,52.11706556038762
UTS,4319,0.5119349151153274,73.4793135212351,53.14719074672519,48.601499100187716,52.27534017718376
UTS,4320,0.561478578170227,74.13871866659278,53.70376636069403,46.330118003395974,49.660255432458975
UTS,4321,0.5211854075926339,72.5763384678362,52.90791851112882,49.63910555354102,53.18456198655417
UTS,4322,0.5049481493269022,74.76794909814956,54.65489890304381,49.05923562105288,52.34353530183981
UTS,4323,0.6413333076167247,65.85845168415675,50.483367526362315,43.26807169533502,46.38725844385106
UTS,4324,0.5292354525163274,69.61235042157023,50.66036810845039,49.156524331136985,52.34743906408847
UTS,4325,0.5853178277150658,61.92943680399698,46.690665991415145,45.287052841595624,48.26758237712628
UTS,4326,0.5188255169707792,79.547355195315,56.27391828899916,50.4020465176932,53.52292730347947
UTS,4327,0.5934514040757409,71.2924871374212,50.8312612392078,49.34442672451937,52.71936149606191
UTS,4328,0.4563296583371146,67.82635680870536,48.99498900242931,47.26984938781467,50.68873668753086
UTS,4329,0.45172475213448826,63.31988134663134,45.96853743890616,44.58261475398965,47.81511019403779
UTS,4330,0.555070793573195,71.30721606459664,52.10484051955663,46.80149859678266,50.18392470367323
UTS,4331,0.5654528916588253,63.922510569467875,45.94478620760174,44.06889842495453,47.856550974175754
UTS,4332,0.5726445738798496,67.13774437587743,47.773764302994195,45.069737271832146,48.72247144886703
UTS,4333,0.5317254658673574,59.74034163789911,42.38326147840782,45.51824316752992,48.795186856852006
UTS,4334,0.4943624196863332,70.3116642973251,49.40801665736312,47.703380539121966,51.675423725587216
UTS,4335,0.4447923443133224,70.03892882731144,51.2396894930343,47.89027744840293,51.46906659194337
UTS,4336,0.5095882182158318,64.7106498639114,47.412822070001376,48.40438069276984,51.70629860026757
UTS,4337,0.5444661986970942,63.234940287310316,45.61481978370421,43.42483056268619,47.029376955410484
UTS,4338,0.5698428306640121,64.27718851492247,47.439394926715934,43.43633955524395,47.08757747600022
UTS,4339,0.5448376233107742,75.90051871134402,52.83182750225992,47.233363977713765,50.86720892894891
UTS,4340,0.49396313070630826,67.58208950699309,49.463610643799385,47.64317384324893,50.97000442363505
UTS,4341,0.4359035263414758,67.19180640423252,49.958630910214715,47.26794344738036,50.56338130474364
UTS,4342,0.47652768404510437,74.41622664399523,54.84767091669099,50.50835090060154,53.749836359676635
UTS,4343,0.560819622604166,79.00029916838793,58.09214705824556,48.76956442275727,51.865010150367034
UTS,4344,0.6436542681880338,63.70911661830932,46.61662855486268,44.61184524179536,47.411628154872275
UTS,4345,0.48608093581555767,69.47279528712606,48.344089560099974,47.657549583745364,51.30849770253034
UTS,4346,0.5459006797566361,69.42066254942102,52.77638474165902,50.13938826921989,53.242484533999104
UTS,4347,0.5185371629472524,66.82721509959549,48.67132366337548,48.64845042732344,51.37824539924616
UTS,4348,0.5025410015783092,65.09078362009137,47.73771831196207,49.64288512253315,53.01770181413923
UTS,4349,0.5160664948725768,69.7866617595834,50.50282886965743,49.21148666696759,52.61561826790194
UTS,4350,0.4881305742477684,64.18317439261577,45.344866785596224,47.24972996523409,50.30108448612566
UTS,4351,0.4387896236754747,63.68058824701307,46.75962478747806,46.63987650928136,50.7657923660594
UTS,4352,0.5496120256917549,65.13434115121696,46.922248949097565,45.49455495197504,48.57894179620627
UTS,4353,0.4510474328655526,69.75285015014215,50.52634993922698,48.75041012492545,51.78040254992062
UTS,4354,0.47609427010957295,69.58214939952114,50.840166459233195,48.35576975915956,51.98785390400072
UTS,4355,0.42941982440241044,72.7334407091875,51.88671000578755,46.82229285500397,50.68320731425258
UTS,4356,0.5195297005467621,71.98479467171342,53.20780160753308,50.394025867080266,54.1993542316092
UTS,4357,0.5588222847929245,67.30264342139338,50.28832038144898,47.69829696132988,51.1370728261543
UTS,4358,0.5265272594430032,71.88873307133288,50.324866393608595,46.604687091777194,50.196351957724104
UTS,4359,0.6389211104584578,62.12223563442838,45.469368972314854,44.3116111749091,47.335203569339576
UTS,4360,0.5231986334602344,66.01607511739864,48.27391594117892,45.49709267181669,48.72277302166182
UTS,4361,0.6242197398991679,64.01250112398142,46.96103795339765,43.954057550386246,47.47045979963456
UTS,4362,0.583529559359671,68.87143363993326,50.03635465137703,49.394399580285494,52.42697479242182
UTS,4363,0.5025193961949836,68.99689540823049,48.96993940681226,48.32846947970395,51.67486241265937
UTS,4364,0.5290093536098672,69.60179690402046,48.949206896338616,45.624987697098966,48.67441012042492
UTS,4365,0.4914796734181074,76.44811849174123,55.69335301574075,47.37646783193344,49.962862926240355
UTS,4366,0.4556335214509224,68.13618169017793,47.46091535704486,48.00048330837885,51.15473546262652
UTS,4367,0.4751582816678861,71.8948374155732,49.153059375099446,45.58487090184737,49.196816148569724
UTS,4368,0.5234208513385183,70.00085222985072,49.330268374074585,44.86145703498516,48.6937714506654
UTS,4369,0.5346519321700476,70.02008182440386,50.03114254418348,47.922295876014914,52.234795761583484
UTS,4370,0.5059650743726248,64.5130256622666,46.931247797359326,47.543673824127765,50.82970356035813
UTS,4371,0.5385942925463215,70.98276001771848,52.360167258515354,47.19604683159456,50.8003290830607
UTS,4372,0.5176667994368829,69.81600065070536,49.474001658509394,46.20490703840912,50.342290466504465
UTS,4373,0.5388751406747919,75.2502334257362,57.36014200617372,50.925286242719196,54.11005159293427
UTS,4374,0.5310646542365086,63.39200424582514,47.08793233371014,45.9289211525574,49.31227839295432
UTS,4375,0.5592601843761409,66.48840804334446,47.97819403099147,47.358324999811096,50.89075712077156
UTS,4376,0.41796211706215436,71.12886517530205,50.553718813373955,46.199768547869354,49.31922729977098
UTS,4377,0.5892506156536393,64.241335227383,48.65142403320701,47.35356838476183,50.68010515686769
UTS,4378,0.5779230617700611,61.4429453594589,43.79822331729978,45.320017990314135,49.106682443449785
UTS,4379,0.5992252354953358,70.86892119575052,52.50023638590194,47.53905279319049,50.65821259153453
UTS,4380,0.4129879744045858,69.84268930668694,49.96687165152373,51.087796885282025,54.9771889462243
UTS,4381,0.49920647454852807,64.40903925594024,46.637110010050186,46.94305663119118,50.199549951678605
UTS,4382,0.5466245437712063,67.55429235661195,48.92365131070006,47.04632096017168,50.37319334211576
UTS,4383,0.5000248933825082,75.21397406386173,55.36790590152404,49.2051354891497,53.31976486659583
UTS,4384,0.5236347812474953,72.16611012492751,52.110488689630245,47.052310520983944,50.522652983401414
UTS,4385,0.5461308972240411,69.81783649617064,51.25312538607525,48.159845690928385,51.32732936272206
UTS,4386,0.5741548211204608,66.75355481929167,49.467235219531105,44.93508885415382,48.23523567199534
UTS,4387,0.4721378570658421,62.316302700340124,46.709269960391126,45.834408408744316,49.18995104965391
UTS,4388,0.5652317772201134,74.40796172202002,53.389582828820245,48.74512667656744,52.02752770438092
UTS,4389,0.5760634613126394,60.05414272693425,42.98835281120807,43.665014268540624,47.371144347662025
UTS,4390,0.5152843315035969,70.01001801803324,49.266061405694664,45.97746749539771,48.61534276863637
UTS,4391,0.5208193674736881,70.44108467685577,51.32980390437165,46.53518517979001,50.385392916347996
UTS,4392,0.473690910226062,65.33462407205135,47.190575607336825,47.83546277229046,52.26357495903585
UTS,4393,0.4801093613729457,78.46470771952481,54.978166908249605,47.057747010997176,50.451805584934505
UTS,4394,0.5396905350229437,70.30261299473626,51.87203829875184,50.22206545494194,53.288763729885645
UTS,4395,0.46197739456172415,69.35535628549125,48.849863624706266,44.662345490540524,48.425563632389014
UTS,4396,0.5336251895738515,71.49048735154648,50.64359732417655,47.36689179952477,51.423271730057486
UTS,4397,0.5283738517659117,69.59912155272028,51.04834406353514,46.897069689088326,50.03721055978896
UTS,4398,0.529385372757458,77.78798176643457,55.03824202529163,45.953819398136915,49.106076648292614
UTS,4399,0.5593514384096672,69.7588291813982,49.95016777177079,49.677025326025266,52.82933464741425
UTS,4400,0.5155435686301824,68.54179576249045,48.28453490494419,47.319800895821594,50.89156068543321
UTS,4401,0.5282072571474241,67.74978693992132,48.47106721480525,47.67302384976443,51.21789916660441
UTS,4402,0.5217838642898903,69.485907475945,50.76080721984514,46.85957723883608,50.22426527699188
UTS,4403,0.5500796430261586,75.97948902150596,54.43318064137131,45.98886661056744,49.12696841347951
UTS,4404,0.5363490191496036,68.53431945923985,50.03373104622087,50.24355343030858,53.77991512441009
UTS,4405,0.5590582625020812,70.1909238449532,50.511776001531274,47.59136870362113,50.60154050321913
UTS,4406,0.5093468053429595,69.24319393662714,47.41256851041922,44.168745374137,47.74655573376426
UTS,4407,0.5744256815585905,65.85590738654018,47.8931680869236,45.13416361114692,48.306205549402684
UTS,4408,0.5101387798810598,67.78998730458649,50.740586224205515,49.08393482651368,52.64912014093722
UTS,4409,0.6037691227805895,64.20512769260925,47.01732022997466,47.12330056090687,50.113154962352404
UTS,4410,0.5697237665083186,61.275575273060646,44.405097690170734,45.91926349546372,49.13099389379348
UTS,4411,0.5644647017798119,61.667111395583824,45.09312912298426,42.479759339142426,46.00828357320033
UTS,4412,0.515148304126936,71.17946415740667,50.65612790735862,46.36112528044877,49.9821978195381
UTS,4413,0.5516199414516664,67.92327051242684,49.35147267378953,44.67879595270555,47.33496366016833
UTS,4414,0.45770407870898977,74.30356181254776,53.00719195081202,47.03483948989825,50.77060562970171
UTS,4415,0.5808373236241118,59.10032364947686,44.443795481627255,42.7825554968116,45.5394733309054
UTS,4416,0.4444230300631724,74.2204537494965,53.75325784173042,48.86243217628234,52.114232119777796
UTS,4417,0.4906107867066172,77.39914107225911,55.02008625228997,49.11516839328041,52.59075364800053
UTS,4418,0.5224062227945379,68.33016067075488,47.22682634243467,44.28185848644924,47.56234152608414
UTS,4419,0.5068241345364018,67.22151488790063,50.33873515186658,46.20367696342118,49.32691699545322
UTS,4420,0.4282622368532709,73.64935653963298,53.901166659478946,50.30205891531376,53.330491417460706
UTS,4421,0.5750505054212043,71.16523613284781,53.97896487596808,50.604671212287926,53.890645145721635
UTS,4422,0.5691880680062773,70.08587298614722,52.092338831832414,46.474488261561966,50.025434503366085
UTS,4423,0.5390841944219855,72.48799546838644,51.62660557739512,49.084545258725086,52.28522912371323
UTS,4424,0.6152702287002944,62.00635011261565,45.571762202893964,41.35860121466332,44.53040691402323
UTS,4425,0.4897942592620581,75.73554364517231,54.95799248325042,51.21501390277168,55.01436712910121
UTS,4426,0.5421137804358187,71.8425309051669,52.69200299347561,48.17179554378629,52.03788003885476
UTS,4427,0.46784573417948994,67.03722495138835,49.12358144806546,47.58620479460629,51.023545605651606
UTS,4428,0.5357822353203205,70.27989199433075,50.70252300312487,47.25898298444741,50.3515296526971
UTS,4429,0.4674982172369103,64.78255307972168,45.57077279723762,45.990303042598136,50.3587295347112
UTS,4430,0.5556706355037082,66.3530366868898,47.99728802732048,42.75747168534569,45.99812490423387
UTS,4431,0.5033727478550427,74.14496608881437,52.01362741711497,51.46225649755776,55.500217471973755
UTS,4432,0.5983377636591998,63.642227108585836,48.647408501159084,46.67627781484617,49.50377105917426
UTS,4433,0.5717787418560769,58.58806803237613,44.341814604769844,44.090294141883554,46.65907938278114
UTS,4434,0.6028151942310457,72.51256223395085,54.324160886334404,46.749967798456524,50.06858350692872
UTS,4435,0.5004741385811973,67.20887506237236,48.1560518119965,47.86100619834876,51.85072264343339
UTS,4436,0.40722910196111994,82.7178675184668,58.06831742962417,53.13692948153616,58.02098059020091
UTS,4437,0.52394460185245,69.4263323256029,50.5521175203586,47.02184046289921,49.70013619573238
UTS,4438,0.5216833379848089,64.82696391372193,46.98496101932248,44.77247347180072,48.12639315868023
UTS,4439,0.5445913844337265,65.11842582407267,48.82948272733119,46.411874772589385,49.40183602251087
UTS,4440,0.4771105285297714,78.09446673094014,55.001325481432325,52.74035742089792,56.33819385111644
UTS,4441,0.5588505841340581,61.662324233244995,46.294918326743534,45.60409026474874,48.91375597572352
UTS,4442,0.537529433363368,71.41691185251771,51.16814085437633,48.775324566480826,52.11979016798782
UTS,4443,0.5416842538101903,67.76982393414612,48.67771865633394,45.41521781888067,48.484873111526426
UTS,4444,0.42725615288550545,67.15395810114691,48.396979909935254,49.93267899450338,53.226090118175826
UTS,4445,0.6405424895937165,64.20399354821672,47.46707880331718,42.78084772730695,45.980855198002146
UTS,4446,0.5286513618261232,61.19086736669418,46.305223873044966,46.78207432941386,50.05799376983757
UTS,4447,0.42687883174370456,77.76854274535337,56.231748987809816,48.79183708974838,52.53644686132422
UTS,4448,0.5153250535693088,67.43055178752566,48.57576562107899,45.30306681385295,48.5176820011627
UTS,4449,0.5218066144194853,70.97230629465851,49.37546783865219,46.464689405651214,50.3130385839342
UTS,4450,0.5586159882559287,68.30032631671538,51.01382817525188,46.52810241890281,49.88895955163338
UTS,4451,0.5614922112672072,69.88163367839513,50.65748215257818,47.97747921035054,51.75781343482164
UTS,4452,0.6031707189069351,65.01065528206674,46.810056283795205,44.41552140585632,47.69589142776699
UTS,4453,0.4865085284869646,76.62964572657049,53.38153772444284,47.69539214127433,51.31170370457172
UTS,4454,0.5358840270204117,67.25907140956669,49.157682193669054,46.34265541428256,49.41699427970611
UTS,4455,0.4575924082388897,64.00513655864958,45.16067622417152,46.7077479327705,50.23208358953676
UTS,4456,0.5640513850164866,62.608324334600724,46.08958170029094,44.900501218305166,48.01242310944541
UTS,4457,0.43681430326826154,68.49580296247125,48.76969193826891,47.841462428763634,51.747405361508825
UTS,4458,0.48570940146206587,65.58444868883896,47.60373217759341,46.14655582693968,49.372803143122674
UTS,4459,0.5444702622593307,66.85988448652371,47.897744325544735,45.92537014248768,49.51956614059224
UTS,4460,0.5084055943656105,60.434005493784476,43.72724935869983,44.770732555815904,48.22017024403215
UTS,4461,0.5684216493379073,63.730729830275344,44.78844170378005,44.909898550830064,47.84469485870257
UTS,4462,0.5950630335380688,57.80658006834471,42.36087141987883,44.998680441664206,48.10064132679755
UTS,4463,0.4844158712451676,78.6514444436017,55.84811819975277,50.467046147039824,54.39948577571965
UTS,4464,0.4865274581025608,69.64976540812779,50.73328408054139,47.678968966633015,51.58016236799146
UTS,4465,0.6289102711619208,56.92021028604661,42.30054922213799,41.74059926754442,44.365989721715344
UTS,4466,0.5652663107220334,69.57389199181515,50.881494463488174,47.03331074040512,50.3949219256712
UTS,4467,0.4837325652068294,74.68170769947803,53.51983297465602,49.28544828626504,53.069902459905535
UTS,4468,0.5625191021907157,66.27577744191532,48.599079319672946,48.812732690434075,51.82266288177013
UTS,4469,0.5142921934802043,70.80968772158866,50.35982084450792,46.19614828842837,49.734471924026025
UTS,4470,0.512142848932278,73.39830342731652,51.685724351479,48.533097397074606,51.75413666542224
UTS,4471,0.5468582902637709,70.589728974175,49.22087398108966,44.53498914639304,47.45627442816985
UTS,4472,0.41924520361547857,73.58498092837652,51.90391242179478,48.43875929100216,52.96816606952823
UTS,4473,0.5092691776576579,67.8056531735332,46.960583669872996,43.3866561771145,47.679354432823295
UTS,4474,0.4927898444384161,71.47299696995958,51.33360414936624,46.93588317997302,49.89369424639987
UTS,4475,0.5941266738949383,62.94080577058368,47.369174133220426,46.270143987963344,49.26031762457274
UTS,4476,0.5287251441197198,74.23039347424904,53.55064962850984,48.04930214268706,51.716048209691934
UTS,4477,0.4363479651986921,75.39812282499454,53.97965763997247,49.878586336632964,53.727659509549035
UTS,4478,0.5111391720592897,70.24165066025373,51.726790368263295,45.37254695782619,48.541800972395166
UTS,4479,0.4664208981487321,66.73909176040358,47.113126813230494,46.090868328122795,49.74513087997459
UTS,4480,0.5468107861826188,66.52278016495637,48.06875664404077,46.8541419624136,50.49415154933444
UTS,4481,0.5885924927722677,58.18046444370697,42.93339978694279,46.37498322011795,49.538121535379744
UTS,4482,0.43487318476639725,75.01142068402378,52.13172616244272,47.493728691956306,50.680591943776896
UTS,4483,0.4706636332975289,69.0958056235098,50.24138149929188,49.75287423880454,53.74235270416384
UTS,4484,0.5995596944844976,64.89566721157813,48.83130272374746,45.47044725298421,48.214585030208426
UTS,4485,0.5638989753281753,68.47698387054228,48.787315575745026,47.04013963806903,50.54432484816778
UTS,4486,0.5040931772068005,69.62999551282488,49.71740836763023,47.73946151801644,50.943943058494625
UTS,4487,0.5162586078654448,60.91313253412901,45.40400266472313,43.49639255952122,46.327400703591834
UTS,4488,0.5330463552763891,65.7373933982716,48.40848119066139,47.915156956019366,51.38233985827375
UTS,4489,0.34096119569696315,82.14620718269269,58.479392488198506,54.58178312745966,59.434672675948306
UTS,4490,0.4926169015627476,72.41474804129174,52.331293467636165,47.6729488010613,51.23733647027134
UTS,4491,0.4731799187828758,73.97088995960016,50.99583223359149,48.18718234357883,52.142667689375834
UTS,4492,0.47619038178794115,72.13863207984458,52.84341903281147,49.75882675371492,52.88906322653703
UTS,4493,0.5185549120808681,70.81985236667042,49.95734662423385,47.899880710308835,51.34202882103992
UTS,4494,0.44472041726940825,73.50094695271868,52.666556480180766,47.76373759100034,50.750708954459135
UTS,4495,0.5381504686620748,65.68277597500746,47.1401466054139,48.35385981945724,52.70883656592888
UTS,4496,0.5335089545497789,59.33938517026732,44.502734737268504,47.088207368723474,50.25612539607028
UTS,4497,0.4745378418652674,69.59482586280332,50.58445106640264,49.69898717128993,53.09737291794578
UTS,4498,0.49852066475439827,70.57992529908746,50.606657967216705,47.8706874848637,51.65653119781379
UTS,4499,0.3975809881503165,75.45621309789573,53.2586050410737,48.441807594828774,51.32023957273428
UTS,4500,0.3888836829293493,74.86122735209234,54.17320801867947,46.39112518072197,49.507028580891635
UTS,4501,0.4745085913233982,77.60937099496178,56.56114480206583,49.52139966906629,53.27886139561277
UTS,4502,0.5493925905651438,67.70903252287725,47.86917982269604,46.51931891367908,49.668203518222846
UTS,4503,0.560458904005729,65.13377116317253,47.46604053964045,45.90904130283271,48.79172643650581
UTS,4504,0.5284412327697695,69.79395353439898,50.34135554447438,47.100843444768216,50.62595472213179
UTS,4505,0.5188496808257667,67.42608553709007,47.45208664924466,44.45528820305266,48.313953433463205
UTS,4506,0.46342068710476336,68.40490134094944,48.43922917804693,46.0286966060442,49.92951525211336
UTS,4507,0.5100340875981333,62.77942941734324,46.75490465893823,45.96093829856951,48.83418653932812
UTS,4508,0.6158383180115642,61.28800091198637,45.76076108647244,44.30423622987837,48.1018801945566
UTS,4509,0.6109978141183654,67.27495340727181,49.72527157672852,43.53532162044192,46.35961316666771
UTS,4510,0.5141619630019021,75.07672077077623,56.07024410428407,49.01339542701991,52.311067532829796
UTS,4511,0.586589804926982,63.87498576388903,46.58895940660757,45.02596942071691,48.07436105576426
UTS,4512,0.5067947506233199,66.50832510294558,48.63107220109138,50.5229781833937,54.04390458340364
UTS,4513,0.5436259421377898,66.29524103000317,46.37976192262785,46.27164695070738,50.10319420656294
UTS,4514,0.4561221535768589,64.24634191790862,47.44575315621133,48.584127936325906,51.947797208683276
UTS,4515,0.6015073703810171,65.87223334473872,49.11638627127196,46.22167654288748,49.667053078650824
UTS,4516,0.3928360813840617,71.830954221678,52.559488933354004,50.89007341389402,54.65403441967754
UTS,4517,0.5436154239480692,64.51787948619238,46.651241459203305,43.726044161009426,46.57618580020852
UTS,4518,0.528079005985812,78.12726945863214,54.433728866037434,49.208224943875045,52.60771825821818
UTS,4519,0.5081280489005909,72.06580899854352,52.96132085335421,49.78652336430999,52.27638424503863
UTS,4520,0.47106147362281436,73.43134807442259,52.186090777312,49.819206823098284,53.63911392847477
UTS,4521,0.4442787752375258,79.22954117280638,56.78914291687631,50.18789865828292,54.34162342148688
UTS,4522,0.5981868628549886,64.42614863958708,48.781344931461106,45.3288639856915,47.87701239150425
UTS,4523,0.5295816787275474,72.62312248012087,51.985836698993474,48.23701523335659,51.92093603743349
UTS,4524,0.3908401773778588,69.90823216316652,50.41712416905213,51.09697083314687,54.654095566045804
UTS,4525,0.6069278326959413,59.68099456591846,45.20299044849163,44.82776143668922,47.54022289925175
UTS,4526,0.4585047843497765,79.88396344082565,57.53160927524433,51.20490514944047,53.717610690698535
UTS,4527,0.4960666691205118,63.38983934783148,46.23662523236647,45.399015067595734,48.846787547736895
UTS,4528,0.6028191977672649,71.68560771915773,53.24336993265574,48.03784058499468,51.52515367727846
UTS,4529,0.5135515938016209,69.38507272755675,50.16151029576664,48.69038156106991,52.26804968702157
UTS,4530,0.4313029644382227,74.13404806592268,53.546147556364524,49.48593387968602,53.17206659238005
UTS,4531,0.5869209953914467,63.23267789503207,46.55367306607193,44.53844833402009,47.79465267905571
UTS,4532,0.507391299446715,71.49304748063302,49.72195711510559,46.14939353384595,49.92182329299998
UTS,4533,0.5781170115971561,63.2270340259859,47.25150133144378,44.652170443893375,47.694142485987534
UTS,4534,0.444505486959081,71.68163042559176,51.62442828550079,48.7225531469746,52.794153000925284
UTS,4535,0.5289279184166527,71.8425240182602,52.017640934113075,51.24966434303605,54.307446853430505
UTS,4536,0.5790620460111336,65.26715365939212,47.32906567205484,44.72999427142227,47.889838344495864
UTS,4537,0.5147651689365733,67.62087884538657,49.521778374561556,45.44414958215766,48.86172880873954
UTS,4538,0.5252576111064144,77.871950270782,52.73806159573644,44.575504364569255,47.83205895503904
UTS,4539,0.5652429660194056,69.79115342044167,51.06042633073819,46.46571260296818,49.963763508097294
UTS,4540,0.5148069317251716,71.54304432420427,49.428590263502166,44.46612046690626,47.66030241203271
UTS,4541,0.5135961755816245,67.42129908052739,48.629971005872676,44.408035887108284,47.62526188821597
UTS,4542,0.5268241038470958,65.8617193188166,48.88094328039115,47.26420486497197,50.434581233310915
UTS,4543,0.449270049524083,73.92698565637872,53.37435677987629,48.533932687778005,52.295710936339084
UTS,4544,0.4719981092742578,74.90911928535252,55.44069044684267,52.87484030426328,57.14912239000341
UTS,4545,0.572871962120928,72.83150868959747,52.68404871834076,45.56197381195965,49.38701960733316
UTS,4546,0.5447646557062009,74.30645720090972,55.01904886828107,46.93481940613699,50.847250689207556
UTS,4547,0.5961596934212658,72.0404155726921,52.79878867767438,49.03051726106075,52.346601141749844
UTS,4548,0.5175780049304426,65.0071963597287,47.0177043883606,46.988821888417995,51.26945306819814
UTS,4549,0.5397032949694651,62.141858729369154,44.40594102858941,45.3100222408382,49.33627277196218
UTS,4550,0.6061390778842077,65.14416989850957,47.50616927053396,47.502467602805794,51.13133914738411
UTS,4551,0.6126964617225006,59.68969741040629,44.21099389476016,43.35201445457921,46.676617606011845
UTS,4552,0.5258087040557895,76.1120544272985,55.9365464133615,50.72666106599828,54.76741711612888
UTS,4553,0.4357240014866822,67.6367175450835,48.99932040498445,47.71716671727507,51.00263390512172
UTS,4554,0.5027182396956573,66.86245656629728,47.14295741311975,47.49241478606735,51.35812093617925
UTS,4555,0.5214312257492661,64.94739638540027,46.76827938766585,47.35695323196063,50.30716020568289
UTS,4556,0.5504792449421638,68.68275005724783,50.419960329817016,49.689278598413885,53.76298230703919
UTS,4557,0.4709857729145265,72.33456463026477,52.16015232331023,51.307633909819565,54.93299768574431
UTS,4558,0.49159705499909434,72.05396523301613,51.826509230611215,50.30985261791717,53.64061078528991
UTS,4559,0.47408016748076,71.07938261170182,50.479695083549785,45.94603252431379,49.05874970241085
UTS,4560,0.5511541154016721,67.89741989644477,50.497387479993,47.24260917994275,50.572942607271955
UTS,4561,0.4441664648748215,70.99038690132707,51.933378955250504,52.2560369767233,56.692563417618736
UTS,4562,0.4570361195456759,64.62736255015442,48.21053013623801,46.57742223813203,49.2371671589583
UTS,4563,0.5809035719092777,66.63849904894836,46.861997193513766,44.70399613508559,48.45950557043792
UTS,4564,0.521757641891864,71.85081142289883,50.9558907879354,47.34269713154198,50.665092612960564
UTS,4565,0.6118576136099275,60.486934708448906,45.47738111293506,44.83753683138342,48.21042875886309
UTS,4566,0.504284622765196,70.78538000366636,51.58217017421681,46.63420976809579,50.637858608173346
UTS,4567,0.5493029429980383,64.28792298843369,47.08102167014018,46.01468363902879,49.66017370585584
UTS,4568,0.549189206955984,71.88046485413507,51.33509113970829,46.95310561238828,50.62082976457583
UTS,4569,0.5177834963663464,70.92717334978528,49.62036292215555,46.96207882556138,51.169108117549165
UTS,4570,0.600056824044837,69.51183404174196,47.83314689443713,45.74994796076,49.13186861843509
UTS,4571,0.5379025855423263,60.01093767761354,44.54578987624714,43.99437603778158,46.76527301548445
UTS,4572,0.5513704973835074,67.14379861281732,47.91585658434741,46.52627608188291,49.53539582167266
UTS,4573,0.6034580285979793,62.570972593485536,46.81834399519428,43.418174325480344,46.17489325855084
UTS,4574,0.532461535463034,71.4810441311105,49.25253582217283,46.83606609185537,50.25500199900433
UTS,4575,0.5248400049022628,69.71889014610714,49.4141892298263,46.341272329081,50.18294273693583
UTS,4576,0.38205658739390813,64.46137382467548,47.49515193784262,48.497218814384226,51.98000840759758
UTS,4577,0.5692379842401724,66.87175724714243,49.64938859470467,50.07484447208768,53.03332943346676
UTS,4578,0.518327457816171,76.2939424088527,54.68286016671664,48.67081002422324,52.24104179233082
UTS,4579,0.5664146856005194,61.761334447806036,46.105255350337636,45.402891109200084,48.17394149697836
UTS,4580,0.5311355006695541,74.80423255996381,54.97716821418027,51.03161073278434,55.59743452830769
UTS,4581,0.49594694264636163,61.64402096285494,44.8657804880037,45.10605506077218,48.01118389352499
UTS,4582,0.5251815290481456,67.23508859251915,48.28906764120919,46.366838304114474,49.790430759961176
UTS,4583,0.5549311277751812,71.4569222116084,51.80385569016084,47.04582882843649,51.225685692702406
UTS,4584,0.5800927723928149,58.46179986590771,43.07712470029983,44.101618806666956,47.4998504007394
UTS,4585,0.40707468058739127,72.60526047716611,52.73407096456201,49.031156648969734,52.0652077918156
UTS,4586,0.5450457222624687,64.56861483802938,48.358896286284946,49.88660580273355,52.89693880965755
UTS,4587,0.5696775618363239,71.27140308195449,49.71831575839306,46.88993246353741,50.632008491271186
UTS,4588,0.5107997406645773,68.83359711150139,49.53837295076319,49.57088117476829,53.00352889356187
UTS,4589,0.5508730349377318,68.57371008206194,49.70317318628737,47.31007508298007,50.672956811800645
UTS,4590,0.5217587893679138,65.42028842149047,48.340548631144074,45.94587216507802,49.1397640376127
UTS,4591,0.548942356776162,66.55162197366411,46.514886365859574,45.35100011043802,48.465522522556704
UTS,4592,0.5366954211620256,74.80236963446596,54.22618132493624,48.305273035107646,52.183935163655306
UTS,4593,0.6059513102172989,62.58268202732648,46.35828069344385,42.45211148732914,45.69132480338881
UTS,4594,0.47554108495785175,79.07822730564126,56.39993945829138,50.39083618877845,53.45295322293794
UTS,4595,0.5799572007637892,65.98147293584853,47.28322711574577,45.83884892286457,49.29598436443724
UTS,4596,0.5360909395311291,74.4869035374524,55.22938349093681,49.251683355881205,52.42968571168769
UTS,4597,0.5495582005995328,62.06515964399518,43.437670402189546,42.21094405455738,45.55101554086211
UTS,4598,0.5491087315873169,64.51636921109186,46.35220863591594,48.60383336702331,52.33898872493934
UTS,4599,0.5029891507325527,68.64988652007948,48.84157604714131,45.86097473802549,49.216435295354295
UTS,4600,0.5749064653371201,74.93579727122157,55.78203945909739,49.79651973553494,53.350968290669684
UTS,4601,0.5606555798757564,65.50565787200556,48.68882943679804,49.666953523820645,52.98889340879528
UTS,4602,0.5333760076624734,65.99096429739882,47.5569425821198,48.35134298687117,52.0333187804756
UTS,4603,0.4924047090665201,71.04514236824983,50.98702920252144,49.88573907453356,53.42290683279591
UTS,4604,0.6118301199165705,63.70855856311496,46.007172417761105,43.5721086610493,46.68490647086723
UTS,4605,0.4117526237358198,73.79057082503732,53.48445115194535,50.67678611515709,54.40195925624735
UTS,4606,0.4429363079073416,71.50671454481127,52.632380738254746,48.6977565640919,51.77505015312406
UTS,4607,0.5710813100440021,63.41949571089898,44.95041563948788,41.0949033555249,44.36078966877494
UTS,4608,0.4380162044200572,68.14061714160351,49.90052034622891,50.476929987104825,53.49893893761488
UTS,4609,0.5138968671452082,71.86732794490148,51.3183483919387,49.83971031990251,53.186008670563574
UTS,4610,0.5009601753435814,70.21838776657133,51.597304429401845,48.87234993209732,51.96993036471495
UTS,4611,0.5267841832954545,65.06027368290854,47.07588751899775,45.757787617951855,48.93392142960807
UTS,4612,0.525229817328627,70.40841807441319,52.67423496702604,49.17014831062477,52.541220930819335
UTS,4613,0.6275186532241683,64.28058311052186,45.83629945325956,45.7093860396578,49.431782179965445
UTS,4614,0.5500805196994112,63.41774100878894,45.7664061631831,43.89505102044468,47.80283837999965
UTS,4615,0.5442655988740657,65.18131208513529,46.76381900437597,43.8178400214331,47.10813839121223
UTS,4616,0.4847454682910268,71.68277325822683,50.05404264718043,45.69855232957025,49.36536800287319
UTS,4617,0.5636329676183458,69.27924059197645,49.9790117542202,49.589207341158115,53.96192407589431
UTS,4618,0.4837889801271622,80.79819087393739,60.167886386084355,53.51968110287166,56.5882109557701
UTS,4619,0.4693781239748648,70.47648185781937,49.72828931220108,48.092386708251055,51.506036075256
UTS,4620,0.5337753919474553,62.35568682267236,44.83245879983879,44.07336487163488,47.15597086293955
UTS,4621,0.58019161518835,64.1929036213625,47.637221389787825,48.82439715970842,51.98305872925083
UTS,4622,0.5785119240915253,69.26646675397184,49.459225094672114,46.58315508251872,50.4127230926111
UTS,4623,0.5426186052362296,66.54407020622217,48.725336691610465,50.17879326427666,53.972115225535966
UTS,4624,0.41557585227875626,71.67818681491036,52.12388709232626,50.100935623298604,54.83245455273627
UTS,4625,0.40989291776582937,67.87704178077868,48.15858713534807,47.12486428583487,50.77762553424354
UTS,4626,0.5452863480829278,62.16262083597575,44.662570190796714,44.692945596568734,48.368438986212915
UTS,4627,0.5395723264202246,63.477318976433835,46.25827774661952,48.03238332377722,51.015063660000635
UTS,4628,0.5409081706502707,68.97028855565324,49.78192760019626,48.87586002608523,52.478976845041785
UTS,4629,0.4744905683021443,70.8892701170186,49.68469365744335,46.93984942937438,50.54904031155747
UTS,4630,0.5399313203149048,70.89818131971394,50.88295194474175,48.877634738412254,52.17349350732683
UTS,4631,0.5093215572696609,69.69310194034139,49.99848775872442,45.52508046535125,48.650148435040364
UTS,4632,0.5297841558823382,74.06753299012134,52.224573716069486,48.05652133812739,50.81963035775962
UTS,4633,0.5145687087959891,70.08558989232557,49.29509156963062,49.259598076119616,53.001053024171775
UTS,4634,0.47487072403394814,70.83703577494433,51.31871107633278,49.01547962437251,52.880028242070864
UTS,4635,0.5088741011648565,67.56119693328016,49.59510644983306,47.572752132463854,51.20122974654867
UTS,4636,0.5366686524853304,74.1197299312071,53.83273670282702,47.00659573961574,50.48286613572467
UTS,4637,0.5506072746199253,71.06447894088754,49.985366905489364,45.61855471941291,48.81883653712464
UTS,4638,0.4528706287155194,65.23170511160184,47.315408136286784,45.20361993899413,48.27083016767775
UTS,4639,0.47512361896243405,70.16674156731384,49.79234183534682,48.193892958706904,52.178140905629185
UTS,4640,0.6404183473159648,59.39968176047347,44.84852149553227,46.204109957375074,49.00493210030248
UTS,4641,0.4468636045954024,66.25134202642828,47.0527193731547,48.208681416027595,52.35519494773944
UTS,4642,0.44505453874286705,66.47686226965908,48.23565266545063,47.104659641611626,50.06143921691152
UTS,4643,0.5110640997569679,71.18941316406794,51.43132380824923,47.214236303125325,50.21279960274472
UTS,4644,0.43983172365841416,73.33834668474081,51.124988364498776,47.00953664090847,50.264078357365655
UTS,4645,0.5118544017272619,62.00816924234814,45.855939109657605,47.082911602655265,50.602624480672475
UTS,4646,0.5703063857788896,59.7936887260639,43.28610483174501,46.21634756016957,49.58811783712521
UTS,4647,0.4745750869341807,74.96873017393378,53.72733507706398,48.84273490157804,52.71207350575336
UTS,4648,0.5333801353589812,63.42631051139167,46.236060773665514,45.83718755908709,49.49680388864475
UTS,4649,0.5212445478767715,71.47122690093157,51.06096380516983,47.62305607953504,50.789370599678584
UTS,4650,0.4159839302290447,72.396817493489,51.57827270860388,49.13339811887013,52.9747633005757
UTS,4651,0.4995546225409181,71.94925105144698,51.76704766409334,48.348964839097754,52.07927127369236
UTS,4652,0.4674122549436128,67.01026744005317,46.40438093959348,45.76127248684722,49.88426548954544
UTS,4653,0.47873642610079603,67.01718819777693,48.491410772349816,46.3624893725598,49.57652548531677
UTS,4654,0.4513204913177703,72.4293026264184,51.392948809068365,47.54435437192994,50.30869279229487
UTS,4655,0.38835979960744815,76.60930863378658,53.248921759509734,50.97540955307148,54.16176129428826
UTS,4656,0.5189034660044929,65.47789976470423,46.55801470299133,45.14016498594863,48.55345628258558
UTS,4657,0.5026087869215639,68.64449096927393,48.62499520283097,46.57729215429105,50.80531765012718
UTS,4658,0.6424806371894554,63.005768163826,48.32432960652968,45.30622194846599,48.23543748002651
UTS,4659,0.4580430446659087,72.72703701721882,51.397387317405766,45.41942904788734,48.73194556087991
UTS,4660,0.580738753682556,66.90899360283196,49.49997360771522,44.709190275394775,47.99490166849592
UTS,4661,0.4302918353523031,67.62275688629327,47.3830311017319,48.17314333289701,51.97242770152379
UTS,4662,0.49892138884882364,65.13580945288155,47.6995113020785,47.738074178816916,50.59873336650304
UTS,4663,0.5407472245414178,64.79930038990392,48.673353707894094,46.74906628406334,49.3345951398401
UTS,4664,0.5172095967837346,61.75471720600824,45.1252545526955,43.760970832408944,46.790389394290834
UTS,4665,0.5705127655766238,63.60861687690527,46.67642778324786,44.661675501411416,47.77137084537071
UTS,4666,0.5079916113323182,67.56450454945445,50.28114015165367,48.79136530261691,52.40461549947522
UTS,4667,0.5565708233228146,82.51229909602083,61.27696584908616,49.57179849176528,52.16922261357669
UTS,4668,0.5712578436451812,63.23490408475888,44.41170103423369,45.86754281732697,49.49530756516881
UTS,4669,0.4580263013947009,73.96620418675485,53.85948305576817,50.64047070558276,53.639484039250114
UTS,4670,0.5723164043302589,73.59712903034396,52.56364932173804,45.43132289587237,48.64252882610076
UTS,4671,0.47664231848449967,76.99808958696553,53.988693569022324,47.738405447970486,50.89890614723398
UTS,4672,0.500650603484835,66.91436023170706,48.12156557406251,46.3467935533896,49.3476121584009
UTS,4673,0.5013019889649635,68.34396947507416,49.820090883732206,45.25893078203384,48.43899327375217
UTS,4674,0.555104718036717,66.224018479974,48.03125207118436,46.5676441156966,49.69975835445544
UTS,4675,0.39300325058110164,74.90352943303459,52.943421923433235,48.34944253664299,52.230211060259
UTS,4676,0.5244161864113771,64.79511708327985,47.64494795220582,49.561866865133226,53.047788776702966
UTS,4677,0.5007825258166705,63.02473648389472,46.879315073159816,45.766828610034445,48.64514350966336
UTS,4678,0.5132583034330922,64.83268617246925,46.290368188805466,46.23790941791916,49.739366754105475
UTS,4679,0.521006106927083,72.6977454963323,53.86472930886991,46.55635111571388,50.352963920742695
UTS,4680,0.488538983540029,67.76110498820282,48.35798404779907,45.634223928600605,49.06545970789071
UTS,4681,0.5623460912854974,67.80974467371702,49.69662673246598,47.659229280801334,51.13646472233872
UTS,4682,0.54696627382094,67.18820474068515,47.68743808407665,45.71060228790174,49.10791891819506
UTS,4683,0.5643385780296024,68.11876174196784,48.66924391120261,47.6221811985258,50.700529886047
UTS,4684,0.5237016882721688,60.04332526205508,43.80330847775619,43.08305411390984,45.75862565523075
UTS,4685,0.5115486575348707,62.53784449866173,43.91265048276372,43.29026416277735,46.85413906379783
UTS,4686,0.575943232788301,64.07009813449831,47.657917315727076,42.1327034588688,45.3243780334134
UTS,4687,0.5160053692739272,69.15658102224234,48.46750346665497,43.93329133612544,47.95982965733333
UTS,4688,0.5191662409928712,68.5745171872609,49.067479450653224,51.452730648306954,54.29827803783223
UTS,4689,0.44616019501051896,80.71066949446227,56.690169739924194,50.157907532308435,53.858110128235815
UTS,4690,0.44765408202275225,68.04206417854944,48.073615559999794,47.9294375489251,52.53204045404408
UTS,4691,0.4685821742893306,68.39810956827937,49.7638818839235,47.73304733502461,51.292333407175875
UTS,4692,0.5417296001454985,59.17680299845764,42.71074862184413,43.06903924103533,46.239879554722485
UTS,4693,0.47251664882449895,63.029244904152925,46.40758948743278,47.23194957509827,49.88996501008289
UTS,4694,0.5853070735461394,61.891777372584734,46.12102147109705,49.5480568087445,52.64195133040173
UTS,4695,0.5064850692478167,67.43929178132665,49.003164924277996,45.89913994005883,49.429361964384896
UTS,4696,0.4730037737784546,77.60064822682716,55.27879883030104,50.87523435059842,54.480344485311164
UTS,4697,0.5293234625314684,69.70897604685416,51.306904877664884,48.0216270082114,51.36162732323752
UTS,4698,0.5090284902782278,78.3206762287132,55.906270506424164,48.95744202744114,52.39801053407695
UTS,4699,0.5913860769212813,61.0372533221547,45.063902574548344,47.35676561646391,50.765908600383135
UTS,4700,0.6050006984304405,66.29768493707158,47.67636578219562,45.31461373091009,49.10240979614963
UTS,4701,0.5923880385666536,67.75475655987884,47.806911862509374,44.11522877023707,47.67019219397103
UTS,4702,0.6351655471132334,62.72456278490039,46.14531344528082,44.25446979712373,47.64501729925366
UTS,4703,0.5461034365790866,69.7290046525253,49.76016118757735,46.394051501259334,50.28734294588543
UTS,4704,0.5475311013015557,61.97728463936995,46.29091280926734,46.576367614431796,49.4052070647202
UTS,4705,0.5261616086312759,59.72451206579968,43.59324891172672,42.70052083644261,46.093110648562046
UTS,4706,0.5612570748373555,66.08098550588738,48.554140133285884,46.78703352596483,50.232472638460955
UTS,4707,0.5343305104207787,75.12599014342868,55.23412218125025,51.06003042173684,55.27097500202187
UTS,4708,0.47136972005537214,66.28867787702818,47.48466522826905,44.07008032355281,47.29819277480339
UTS,4709,0.5020643367710333,65.00097990952658,48.055474731018194,47.00948118895331,50.58610838597426
UTS,4710,0.5007382534830818,69.57155924018069,50.301486475480964,51.27202845423603,55.27917184295973
UTS,4711,0.5265870151832006,64.62637335119206,46.84038072453905,44.57879054639801,47.52511139638677
UTS,4712,0.5195277138220631,66.60096443591105,47.425343218572806,46.15284357606307,49.633562356978125
UTS,4713,0.5919547612236854,64.20248958599677,46.72372057400196,45.18109442202306,48.06118177138092
UTS,4714,0.40460014258257915,73.58537288938572,50.98157943595326,48.69254499207608,52.32902389851768
UTS,4715,0.497214232378255,67.77749726529373,47.780697029200994,48.461203311645974,52.761945443819165
UTS,4716,0.5060701880369343,76.17714446904235,52.524471374754576,46.00067132819011,49.69600513489094
UTS,4717,0.5279257222728034,72.21548098896399,51.977721237953965,46.434144043587814,49.375068089188865
UTS,4718,0.5669295410087645,69.71011974999135,49.838162708013826,49.215024500430346,52.900299808127116
UTS,4719,0.5703341901063465,61.871235549442765,45.849384998308764,44.981341774623935,48.21057834088398
UTS,4720,0.5889870603206624,62.95291739041612,45.94217469593443,44.43333507863608,47.948563725819994
UTS,4721,0.47727485883387677,77.71988335721213,56.59113621659455,51.011327573100104,54.846826049920125
UTS,4722,0.3944417521612995,72.96919609947645,53.57570441960369,50.11528143125324,53.65756896641136
UTS,4723,0.38780127013861077,77.69336875455913,54.734179231297176,50.13878063455869,54.46312789275288
UTS,4724,0.5210044389050705,68.57244229218826,50.950409917777684,49.32702208393559,52.571339313427124
UTS,4725,0.492425423162124,71.09226135747309,51.862760288860954,47.79483992476357,51.71318759167799
UTS,4726,0.5432459368313884,68.64050608731121,51.1122594694191,45.574870616120506,49.61450876334219
UTS,4727,0.4549021304160471,67.25789984863259,48.8602938249822,46.6618382917157,49.704355918129636
UTS,4728,0.41955597447373405,76.92951801807642,56.97290141693069,51.446569178370886,55.05347473491464
UTS,4729,0.546168991811107,69.3778226210245,50.30339039479611,46.27817439834745,49.744053757167734
UTS,4730,0.6100085130143795,65.84874645178778,49.97650673625422,47.021231125560476,49.75682327042788
UTS,4731,0.5252158414959843,61.68814324803411,45.24433889734649,44.902302713493555,48.33490380022018
UTS,4732,0.5583085287171048,58.80644114658632,43.6536375676345,44.252682702456774,46.35951646940252
UTS,4733,0.5634597785959732,63.52060198913947,47.14692578551869,46.01191056984833,48.88719213439998
UTS,4734,0.45563474723717345,72.02096188525314,50.55740235213161,47.32624898328534,52.20351729211499
UTS,4735,0.5248677262836686,64.95055516119527,47.963568896784395,46.814641730839455,50.052290454505815
UTS,4736,0.5419215906888031,72.80674757402642,52.353683998346305,47.739825609262695,51.52034939208382
UTS,4737,0.49480659492906376,69.58187124505932,51.32928227534948,45.757542191503596,48.94621320344326
UTS,4738,0.5189199747043115,71.84975878372168,51.849304966139194,46.96482855412627,50.02976497772541
UTS,4739,0.485689404149902,68.923480391773,51.17009752006438,49.56001093299224,52.71123978672769
UTS,4740,0.439161343407403,68.6296767286111,50.626618352975655,47.679423184535764,50.99467398665988
UTS,4741,0.47681146631161175,64.49645084034141,47.522193959070385,48.14036400711549,51.96258940939687
UTS,4742,0.5505571056267262,60.3058863051771,43.69962411015249,43.87967016557377,46.574970172438405
UTS,4743,0.5135094378208016,70.12822412117461,49.803859955016875,46.542393758685044,49.908065988621615
UTS,4744,0.5295864018393152,61.68946189202035,45.11514766467352,42.59603779215515,45.552466292315465
UTS,4745,0.38670606934898455,72.87098212422772,51.24331109763531,49.60568777737463,53.0153651078005
UTS,4746,0.4688900172502203,66.984080485342,46.95074942549362,47.5441693808875,51.02588504925887
UTS,4747,0.5635233170741261,70.1910360209268,53.12582674939493,48.500453811857994,52.131991322008886
UTS,4748,0.4913903736526293,68.42289400501836,47.196524961316534,47.70001624022486,51.52022848202532
UTS,4749,0.64415759128155,65.43604628732265,49.36956106919753,45.281193179510616,48.29953717930127
UTS,4750,0.6059431207886627,67.48889616220262,46.59503313004231,45.630386194190834,49.02577494702182
UTS,4751,0.4957566921752803,70.59749440370416,50.109468238740206,46.20179833917506,49.86848303053306
UTS,4752,0.5578705653017382,73.87999013690941,53.13721130710399,45.20219199530267,48.40847419035332
UTS,4753,0.5817846416951181,70.92673165439099,52.20244282031236,46.61557286510733,50.69827907564425
UTS,4754,0.5332290429678487,64.22560213092349,45.63953721705557,45.82628660594211,49.517859478592634
UTS,4755,0.5196432577485288,79.80059432346476,57.30842098049854,47.30298787673848,50.94049583965936
UTS,4756,0.5362443750098465,70.12513980799915,51.160082040268776,50.35171017370367,53.67141952349362
UTS,4757,0.5595034000053933,65.19924519400392,47.00454698868992,45.74471488373247,49.61305734284952
UTS,4758,0.46801091224688696,74.84707482297227,52.84186324745125,48.47981696656405,51.51778031555454
UTS,4759,0.5940372582847757,65.98571966065806,48.13069919551172,47.1987178273421,50.783908544883765
UTS,4760,0.49278750402088933,65.75862440863132,48.38932402242699,47.060881890011,49.86024736205437
UTS,4761,0.49232802725799074,67.48633548381929,48.12188009473855,48.855405107676155,52.290179655058004
UTS,4762,0.5756293324471736,68.8834062427802,46.91193518685592,45.36242890793986,49.68348714909748
UTS,4763,0.6037171719801115,69.4640919573577,49.586802212501084,45.896795078489774,49.22792685552614
UTS,4764,0.4664821482536893,71.89086884502495,50.47369641474732,49.08267048649493,51.96660562431906
UTS,4765,0.5355452145281521,64.88782723825801,45.94183066513638,45.489789017232994,49.02300661241032
UTS,4766,0.494122272908295,64.94705706752264,45.75664618019684,46.288761844223956,49.345913987012814
UTS,4767,0.5170408260083336,78.81586952793754,57.625993768952696,47.75937012048904,50.975824766069096
UTS,4768,0.4747436982509603,76.3775232549124,55.852428071518254,51.50163246692777,56.050722349699875
UTS,4769,0.5136057665288194,67.89027256491235,48.04612573885702,44.653592601411006,49.18556751196855
UTS,4770,0.4084938581443719,75.55675845210025,53.811898736365315,53.37988002788625,56.53342367377287
UTS,4771,0.5439613836975317,68.64038882130518,49.0498541837865,49.78478176163776,53.04882607220462
UTS,4772,0.4430901889112737,71.2689928786405,51.624686948499566,51.287274078060214,54.316289497149675
UTS,4773,0.491770813830835,68.22100924939151,50.15537978359848,48.97062218780623,51.856660323980584
UTS,4774,0.5998052243915488,66.83587380016982,47.41443684767143,42.08078339705585,45.93108018675403
UTS,4775,0.5270470081240003,70.13914600447652,50.224928184211585,45.37053338764483,48.27336859755083
UTS,4776,0.4335782030676114,82.65923214569136,58.25571208807824,52.34508255381308,55.83262976007
UTS,4777,0.5045946965606634,70.83005750004102,50.26202642560438,49.25740561993863,53.293668703140604
UTS,4778,0.520143689039325,69.97848519120573,48.37871231724113,49.02542753787907,52.347744343737595
UTS,4779,0.5471238915031063,69.12129046038336,49.621081460094814,49.58347021206723,53.075355958368036
UTS,4780,0.38700983924718946,80.64211397616342,57.29245518292295,53.773129422353875,57.39611040100953
UTS,4781,0.5080834501420424,77.51780890709885,53.96478491576431,48.59420710109225,52.909343447988235
UTS,4782,0.49318946417819787,71.4848971377837,52.80323110372655,48.52177010216243,51.78128079237988
UTS,4783,0.4602141477281977,66.94838715460345,46.456398988842324,43.514640866695665,46.913150623082544
UTS,4784,0.527147603152954,65.26314942830098,47.46163806402412,48.09157350610974,51.65433557101294
UTS,4785,0.5437990781313986,69.01305348122904,50.779857396018734,50.939670858004355,54.46821788880534
UTS,4786,0.5631502888958115,64.04737416653246,45.99596079918481,42.878432362975374,45.82571980452966
UTS,4787,0.5639619176006276,74.14545694350238,52.95283597946966,46.598127362664975,49.218023086801495
UTS,4788,0.46023998887848994,68.34947534772435,48.009944610764364,48.40832321462876,52.71256348968621
UTS,4789,0.4324025943819021,69.88359307257475,50.457509464978095,49.46738861395441,53.42676358550222
UTS,4790,0.5096020758907429,67.75046818305103,48.76458657192309,44.97908105189837,47.78644826127742
UTS,4791,0.5447223999525863,64.36805171891677,46.79329606204617,47.512593017815036,50.638510090259686
UTS,4792,0.5593015530767524,64.19706129771278,47.734175008291345,47.16345073497349,50.50629623478912
UTS,4793,0.5446542380374606,62.923051051770116,46.882207185113096,47.9176469286797,51.28861294109869
UTS,4794,0.5628443217500428,63.821054773667335,47.896281996790556,45.94034805944251,48.828149418764966
UTS,4795,0.4588900634486729,75.43250036371658,55.67575740047612,53.15139942768991,57.23879815768632
UTS,4796,0.46460239052235963,73.34260444895685,53.2310983261763,47.44464109003709,50.58692764202855
UTS,4797,0.5745371240406405,67.11290011038379,46.81923748570489,45.42242533194379,48.15274682651953
UTS,4798,0.5081214315238057,68.95706090426243,48.26936023356796,47.376961043920566,50.800339306672605
UTS,4799,0.5211824129424115,70.78735265641649,53.368038281297025,48.34297630389953,51.02939411556894
UTS,4800,0.5490630850493998,63.23006895423612,46.06264647399552,44.271938662780634,47.52721327811212
UTS,4801,0.5360390685040133,66.13484648751113,46.94987613277922,45.90616628341973,49.430249462794315
UTS,4802,0.49063919793624655,78.35541579904412,56.939802346241855,53.92541862592895,57.42840189636527
UTS,4803,0.504992779682549,73.53448712372996,51.99541333674608,46.15843367204078,49.58488052411109
UTS,4804,0.5230435670186078,64.09422836214029,44.89155237679774,43.20957447356698,46.38189616737016
UTS,4805,0.5370226474854578,71.74669063244973,49.96926868152644,45.82621995554473,49.66374059819074
UTS,4806,0.4443661702091337,75.22744409939122,51.33195553450256,50.181620687953306,54.07784036881585
UTS,4807,0.4334253674618981,68.56355238725457,48.96800505878494,49.06630837333918,52.444344798217095
UTS,4808,0.5788341299807855,57.001420241856216,40.770256843583574,41.016848286194254,44.36178699249125
UTS,4809,0.5160616962589406,67.83407673662781,46.567930336101455,46.4656472074935,50.1234671570508
UTS,4810,0.5717474772833546,60.87428031572977,44.40861462303673,46.63646880982504,50.17687727774405
UTS,4811,0.5244137230344308,73.31371536883034,52.06634727767601,46.37916629151075,50.30020781419253
UTS,4812,0.5666303260548438,64.00550002413607,47.54903481569246,45.66359938696625,48.83708260343811
UTS,4813,0.47303960845549686,71.32596652248574,50.96896944599554,48.651046555230984,52.402140566311246
UTS,4814,0.527827221567536,66.94820466118742,46.560780817223204,47.87137738951072,51.21632582282825
UTS,4815,0.5306697056556713,70.85215617497674,51.13247628728609,46.452864752312145,49.955392932275174
UTS,4816,0.5290993403382405,68.82876454086637,47.78471350967525,43.86184328123791,47.426193313606106
UTS,4817,0.4611642479454411,64.23760823806157,46.63187969275456,46.54660062393993,49.79789698541973
UTS,4818,0.5489692899049408,69.58984963241936,48.921519015016024,44.18650564145623,47.2839388520544
UTS,4819,0.40444397984558744,77.67386307051866,55.21535291588564,48.62325696359619,51.91578276003903
UTS,4820,0.5046620982688799,62.25459884685755,46.18209957114252,46.15378624102514,49.54602066955231
UTS,4821,0.5133104464451574,69.93315868401692,48.85184565085719,47.42032794808618,51.116090576718044
UTS,4822,0.551633003714575,70.27912431224428,49.56926749203111,49.43279598424355,53.633475622591554
UTS,4823,0.49065459988627136,68.49644193169814,49.52398028572587,48.08174802940913,51.87146481488428
UTS,4824,0.6192491950584176,64.61561750606603,47.357325002392564,44.93220164787211,48.33571733270552
UTS,4825,0.49341531517576875,74.38889950038354,52.94713483208228,50.21196646704629,54.39823489433539
UTS,4826,0.6139119689225919,62.80202049429697,46.102417574848786,45.175697033521494,48.22428148487129
UTS,4827,0.4679188243246022,70.00495619277685,50.617125202310284,51.31846561533818,54.544168281310746
UTS,4828,0.5711073743147672,65.44165996941568,47.27319061096693,43.30786530246026,45.78476840582203
UTS,4829,0.5172217506330274,71.02872171057817,50.56363287605274,49.112697638855565,52.63977436689689
UTS,4830,0.559069017164628,66.42655154186986,49.05097626312948,44.78798636042502,47.755471603978286
UTS,4831,0.46117544521655085,72.50495451199835,52.510067269085546,48.44679874976918,51.83914543438978
UTS,4832,0.474303160959314,67.92336492950284,48.18973528706752,45.74052158290386,49.25924183271729
UTS,4833,0.5656809768935436,63.31260727702641,47.82594195630283,43.758454051540696,46.88457972644716
UTS,4834,0.53749620834243,72.395495693357,51.816876498188215,46.806062860740965,50.666926721613756
UTS,4835,0.4422825533929986,70.5068873174687,52.12113879795764,47.38156706816887,51.161727541239436
UTS,4836,0.5342639177525972,71.22943956365793,51.399161778502204,48.10177536873394,51.81822763292907
UTS,4837,0.47605986297173963,68.99805185482576,49.866614978181744,48.60228826563313,52.51350197723402
UTS,4838,0.5345730739858742,58.61710461998944,43.9031374591254,42.94115125088862,46.282928605432424
UTS,4839,0.49777165060844897,66.27587817884881,45.49768444999781,46.01940974461943,49.80950190188283
UTS,4840,0.5342441211787574,71.71891743453574,51.48581515150783,46.486844740894554,50.255271855328324
UTS,4841,0.5922753022797221,69.23271156667393,50.87053503596603,45.84491112658526,49.820298506505665
UTS,4842,0.5814191908241959,70.25831947601618,51.73416128733251,47.681491981632696,51.36388455341005
UTS,4843,0.4084890777300806,78.34138494808414,57.78204877451571,50.481686956513435,53.6759398072909
UTS,4844,0.5864968110892979,65.59155933002931,47.2567461987614,45.28029918054373,48.5391061850536
UTS,4845,0.46049910908698966,65.77252800703016,47.6509033440734,49.24296035090318,52.872788875693665
UTS,4846,0.4623701606608256,63.630724959474435,47.24917392954504,49.100631404395195,52.636274336819135
UTS,4847,0.5344574467789367,71.15875081022664,51.842465860018805,47.72198353026435,50.734378483367934
UTS,4848,0.6124324388411075,65.4436070325655,49.71166297158466,47.86162447434575,51.277574667045144
UTS,4849,0.5301108202059556,74.87649208576146,53.74325084810534,48.35366052925398,51.80758671369317
UTS,4850,0.4800402521882484,71.27149549007578,50.27132129271169,47.289674379422735,51.31445226283018
UTS,4851,0.5676145516220212,75.46322631143663,54.658060200437156,47.57129251111645,50.70280582575127
UTS,4852,0.5158708284826602,70.83625600868723,52.61732770810447,50.08326666075754,53.59624660250993
UTS,4853,0.49474154782268187,68.04278025469023,48.7227384751388,46.25809537894106,50.33373818093714
UTS,4854,0.4034379434012839,69.57263593301073,50.66449364414973,50.516928515964544,54.09707315512017
UTS,4855,0.49578955380018686,74.1722077453372,53.88946415538507,49.068926337265765,53.02338928268544
UTS,4856,0.4717291183751683,71.8935766065434,51.31844817931185,46.16832134394353,50.14465178262987
UTS,4857,0.5487334889099591,73.13391768305888,51.10398451581763,50.49184092588928,54.176422395261795
UTS,4858,0.5314689447646715,64.65625996220213,46.06232490352227,46.35685193188278,49.20479910377101
UTS,4859,0.4306393712772094,75.10356524360817,53.08888550521058,48.71987962382387,52.11983488043742
UTS,4860,0.5800791576124814,67.51844626679657,50.538167638196995,45.685484843200996,48.75644048759946
UTS,4861,0.6326149041630087,64.97347289172005,47.32329536143255,42.92454880243608,46.26711202005224
UTS,4862,0.5175126510251867,69.25231906645057,48.767474083276085,46.26033882957598,49.79557393913056
UTS,4863,0.5681058527910081,66.41570309677415,45.91077803789974,46.06242469208778,50.05339685167584
UTS,4864,0.6158583220998766,59.454245425245475,43.586782967254756,44.96490046831523,47.6338059791961
UTS,4865,0.5086589005640342,69.36428062158092,48.17835030353395,46.59765699973564,50.19931508507471
UTS,4866,0.49470471680675254,74.49014707183053,53.93199392460303,46.11440086035932,49.32829237324988
UTS,4867,0.6507760988422053,63.98232622070974,47.23648662832107,45.210776009140794,48.1021956074311
UTS,4868,0.48664981774740335,79.06045855119872,58.00646787515718,47.96689699259983,51.43980699659861
UTS,4869,0.44483190442965836,72.30184760398758,52.46670015507943,47.730595238122284,51.3421691363152
UTS,4870,0.6786103045728978,59.319157059414536,44.301606966521,41.17290774032474,44.1589016819646
UTS,4871,0.5692316090567004,69.67759291884191,49.54480674758214,46.95606681052376,49.395968977461344
UTS,4872,0.5214999605803525,76.3454521623325,54.855338919654066,49.88546346065515,53.34356129930642
UTS,4873,0.5414508181277868,70.00205831210988,49.381970861267,48.44087649115395,51.94525661810935
UTS,4874,0.4529488337959954,67.11621162669023,47.741323772132766,47.17396408573878,49.94679335902241
UTS,4875,0.5808791313172625,65.60903572123351,48.1101144844633,46.65885692391046,50.17796404082275
UTS,4876,0.5560946129666264,67.56700908185529,48.940698931901466,46.44747428834972,49.93018144356031
UTS,4877,0.5772912354720647,61.04229640067166,44.68173492676056,46.032395855940734,48.56925496183478
UTS,4878,0.5502319879041542,58.957819819875596,44.05948852958367,43.05780860261317,46.446480902057935
UTS,4879,0.5425065556069226,67.58144553718567,48.614159882158695,46.93240330515407,50.08832943691527
UTS,4880,0.5433359213173122,68.3405119695839,50.51851665977605,48.75689888700799,51.851698707744006
UTS,4881,0.5540656317678401,62.84049991682675,46.278777123421534,46.874323766449365,50.30438831367349
UTS,4882,0.3419999474334049,80.18052229929708,58.5851730881898,52.12410633117069,56.10054710212006
UTS,4883,0.538032856217483,77.40760577802331,55.913593332618234,50.03624675151117,53.81154915227856
UTS,4884,0.5048583168370991,68.23496282778522,50.263878675687316,49.93574274465266,53.87582781204131
UTS,4885,0.512921679763194,73.02505200801468,51.96113857791972,47.8789119835776,51.36416912288028
UTS,4886,0.4755029137273915,70.2073063639525,49.22380043313544,43.93626202676724,47.52932612196092
UTS,4887,0.4869598914801456,70.8113834082737,50.830419741586226,49.32713566330629,52.726058277716646
UTS,4888,0.5676569079996509,70.55524968885702,50.40989321750639,48.543869071373855,52.49029309685622
UTS,4889,0.44227255880504657,67.69378935260553,47.81263998522688,45.59779999158211,49.44166162702707
UTS,4890,0.4862446182437079,79.23277099509002,56.261801472891385,46.64097253700795,49.75236281960834
UTS,4891,0.49432227731776235,71.4314398546527,51.99211326162017,50.26616557943427,53.520882479490645
UTS,4892,0.535104689699353,59.757146973467385,43.821986348627554,46.08015549077133,48.72719141845223
UTS,4893,0.5084836684165085,79.60318638139907,58.070138007791634,50.40778123306344,54.07567689889975
UTS,4894,0.5148348148763516,67.1324592674337,47.90214578540431,46.68151773983374,50.464135454957116
UTS,4895,0.48071530593879075,74.96312416517996,51.45948147805997,47.359198900132256,51.575445616001964
UTS,4896,0.6047647383517301,65.30179312446023,46.71056950063757,45.549414423956065,48.80523303843194
UTS,4897,0.548821517841807,66.55618452150945,46.76902022461734,46.098322167750425,49.59083787415835
UTS,4898,0.5441599933242305,67.4616989607254,48.79407355070533,43.072344727692,46.71767412988606
UTS,4899,0.4759159436144331,66.27649539568935,48.68279461870148,48.33211814349868,51.65148057525771
UTS,4900,0.5440056576418644,64.413892978337,47.30495733556379,44.67971084319228,47.40156775387565
UTS,4901,0.5514127289249819,72.33327134796926,50.74638080331567,46.67657630965566,49.398000789068924
UTS,4902,0.4783303613041352,65.18155068904575,45.621029108564656,43.63310369917578,46.817314341536495
UTS,4903,0.4217994709039601,71.95116087542873,51.40308735851124,47.171118588687236,51.18472808517994
UTS,4904,0.5920392301956556,63.998608442290696,47.65206522249862,45.606783556482064,48.61682436082068
UTS,4905,0.534874997470451,78.80527311712945,54.67414151137457,47.68369036465426,51.24955148619475
UTS,4906,0.4546717667582709,76.78110329764857,54.25808305468585,49.944514383049466,54.56597071300709
UTS,4907,0.42639856271032184,69.4162469075853,49.49203053982703,48.73218487744826,52.48274804773204
UTS,4908,0.5310265977371349,66.79098728135774,48.69286429239883,46.9358682617509,50.31503602462099
UTS,4909,0.5420564055185002,60.36388110718198,43.49435621823726,42.22281184279665,45.357977732423606
UTS,4910,0.45520437782374445,68.17716417918875,50.97253959621874,49.12317960877093,51.998582190933845
UTS,4911,0.5656415512378924,70.10044384951898,50.11861135637322,49.4136307498885,52.37740725923508
UTS,4912,0.4704531226396934,66.62499998367561,49.31217999965903,46.940208399734175,50.2835758888607
UTS,4913,0.5621843628075336,69.70394038198688,49.908258142018724,44.6913848001706,48.33927705030228
UTS,4914,0.47689048722454186,77.15191172609268,54.599927917482276,51.591104941974926,55.43797135039962
UTS,4915,0.6084611918827962,60.59566256523055,46.168839119791784,43.80843767202284,46.69185027234221
UTS,4916,0.5341020298502438,78.68998880898629,56.95728415065207,50.482206106407546,54.01391039648628
UTS,4917,0.48890022980616576,64.63571107260054,46.620188519802284,44.20107120339255,47.486660385764175
UTS,4918,0.4695419198337255,71.43828460245206,48.72255159669737,44.916836863382116,48.90724112574146
UTS,4919,0.5008581319425164,70.11821088486498,49.81131974263924,49.44944287000534,53.49652290436394
UTS,4920,0.49750472635995535,80.91657796834053,57.569792180090296,49.36292839114475,53.70727264320308
UTS,4921,0.5346129220071759,76.53519798943984,54.63969551971061,47.851783967481964,51.44183241790436
UTS,4922,0.5042078835012352,72.26498907146738,52.985751094370485,48.651342630709,52.64037590525052
UTS,4923,0.5145657111154478,64.70397534390328,47.099516512809714,45.709590751049156,48.936128928471916
UTS,4924,0.4932142162332469,72.30466513889913,51.7637037148813,48.91709175843176,52.307529960374076
UTS,4925,0.5025138783309335,66.04874591772575,48.36144623191527,47.48366521171181,50.41408279050764
UTS,4926,0.4793285672993175,64.47982731095831,46.515657770365344,48.925467395767384,52.27518608910229
UTS,4927,0.4621296425515522,62.30357629946564,46.10787584485097,44.17588811944395,47.271481632355865
UTS,4928,0.5581731820244316,72.98977153080646,52.470642048744885,45.79676581089854,49.126927070282235
UTS,4929,0.5462392852333282,68.24389252923936,48.76536854881519,46.80613454320494,49.966377843301615
UTS,4930,0.42667824282134814,72.5514206686484,52.33808437542654,49.988060296664244,54.4018825276651
UTS,4931,0.49658153093715496,72.89555137744757,51.504459700564226,47.53108319364405,50.87185067497618
UTS,4932,0.5305235224869783,70.35849165941852,49.62837413783109,46.02303538580425,49.48363215936177
UTS,4933,0.577434624157676,68.85386131984698,50.67258961213618,44.76429922843241,48.48896278591054
UTS,4934,0.48196862068576773,75.49121972099634,54.60857210352846,46.65139161031616,50.035627486330704
UTS,4935,0.5259002369923926,72.6082237331539,52.697133156190695,50.47846019695719,53.29241502649841
UTS,4936,0.531023988048018,66.6610143315717,48.171336348473574,49.08287231606708,52.49021644918775
UTS,4937,0.5224653707032838,74.45138779460675,51.88356823634718,45.779742550269745,49.27085785471725
UTS,4938,0.43343829321460225,71.33077641600397,51.854699807912944,49.4945922988923,52.86111414243305
UTS,4939,0.5588160271631255,68.50964987543645,48.648058724857094,46.219999915916404,50.27923010443599
UTS,4940,0.6217796157459363,60.39661386762839,43.32532771459064,39.5486012664071,42.72026749184035
UTS,4941,0.46581632327033307,64.85722896642044,47.93791186950642,44.04015819637956,47.673231861602645
UTS,4942,0.5080357172269423,74.99722955051726,51.912897569497666,51.238776466799415,54.37525377489675
UTS,4943,0.515357568425433,69.51236395338043,51.39552222651116,48.83929404865913,51.88885889453945
UTS,4944,0.6216932704070603,62.128001400695425,44.016416496161504,46.731904549434496,49.84484565271471
UTS,4945,0.5143088887161998,67.68585214224994,48.11063645268052,45.34995398253758,48.46227882224829
UTS,4946,0.5193676672330123,74.2131519899063,52.674236883651034,45.56707068856805,48.52174931779992
UTS,4947,0.4791433626109397,75.58964956227982,54.14576000462218,49.27853182164707,52.306095825397016
UTS,4948,0.563332956888434,66.63043023508278,45.561128779082125,45.73239849828811,49.338019583742955
UTS,4949,0.5489680524754572,68.8526990512569,46.97165498876298,45.169811219254065,49.028705189286896
UTS,4950,0.6096778713963353,62.49249090767001,46.582744223143855,48.09631469999509,51.15451186172394
UTS,4951,0.4952239229447285,70.43090504377298,51.34373429381574,48.611974364582316,52.26577550883915
UTS,4952,0.5798427728508184,73.88464809515078,53.07987396631032,46.08887874226133,49.463946557421906
UTS,4953,0.5361693378786757,67.05224068108173,47.85079247481055,47.823824186277356,51.41481727414743
UTS,4954,0.5345594366994462,64.26494123058335,46.43652813629906,45.04112452516903,48.19560933600425
UTS,4955,0.5531895217414744,60.15346678934766,44.615396110133126,45.08284456622141,48.08601192257945
UTS,4956,0.5215167752004213,68.19772150705823,49.54816155429007,47.29419902332667,50.474863335281725
UTS,4957,0.6183056632961016,61.90366331784221,44.496263874874586,46.55251177908963,49.93382272545801
UTS,4958,0.4564313608861641,74.06604584112318,51.18982030952357,48.8732565174564,52.41668234773085
UTS,4959,0.5507127103955285,67.23923247002035,50.523738273407645,47.84171523645598,51.33681996905371
UTS,4960,0.5454664239543976,70.04297783282274,51.30017621860879,47.59521984929008,50.62056484922713
UTS,4961,0.5380004441648923,65.119809597883,48.047787946200984,47.14317312129685,50.485358375318555
UTS,4962,0.5375056535668139,71.31853756872361,50.48835768920373,45.30830376757548,49.219833511111574
UTS,4963,0.5375036766902618,69.72858846854866,51.19419836735716,48.80598948443751,52.10492674098374
UTS,4964,0.571175443170229,63.29252968917153,46.936979894156764,48.45979863840476,51.15200849188133
UTS,4965,0.4888055234063833,70.27560806146121,49.864262616403074,49.43024935686458,53.785219003755905
UTS,4966,0.5396228211557312,73.46637635798818,53.232146259575956,48.4044441077228,50.85532538357328
UTS,4967,0.5011110512900134,62.59060772313244,45.65176160289636,45.47438430683577,49.057719855988054
UTS,4968,0.5398103009252226,63.33225364441514,46.4478647807669,45.084919822636806,47.61336672446235
UTS,4969,0.48271724601089094,71.945050806491,50.273922857753064,47.97199312199347,51.79094028316525
UTS,4970,0.5180184181847569,70.53976155155043,50.02982057430022,45.75492407774101,49.253772582573966
UTS,4971,0.3940050915152382,79.59121754727369,57.17849015914984,52.376451457642126,56.4600802252682
UTS,4972,0.48388875775893614,69.04256312649902,48.9701247459464,45.257262201752326,49.39832276609707
UTS,4973,0.5298202370282992,62.73011274872986,43.375983077124545,44.72538005607097,48.64551139980023
UTS,4974,0.4219981815160828,76.92130811712696,54.54053049361481,51.36990301021161,54.44322063204404
UTS,4975,0.5158115882732335,61.5553423226997,45.136523049827524,45.46412123230905,48.93595735593856
UTS,4976,0.5874957254609487,69.64338300041621,50.98430448552288,46.43245380368473,49.84342954180727
UTS,4977,0.4802156198789398,78.96235331873298,55.67036358308668,47.31456382245472,50.723454049505015
UTS,4978,0.4166969184422519,70.29930884631017,49.95277671473934,47.05886777665427,50.36604887109394
UTS,4979,0.5368904760023545,65.70799727115072,48.36051932894771,47.970075149198635,50.855991363766485
UTS,4980,0.530338440704704,72.73374782123004,52.73252673549226,47.27618118862976,50.42525816755078
UTS,4981,0.5466692579348824,62.86816007268441,45.64173208752963,44.73420604406233,48.30077642721229
UTS,4982,0.48017092373381187,78.2056622394455,56.16029864582576,48.97275201781067,52.5639356878508
UTS,4983,0.49500250166717874,66.33385690283609,46.960059379749744,48.967791830013084,52.525763272317306
UTS,4984,0.5631222290467444,72.79042771368702,54.37278219518916,51.394108214562316,54.65621261817697
UTS,4985,0.4838095159012963,69.48389063755168,51.37955244611699,47.09552930784879,50.190438397189446
UTS,4986,0.5850759834325175,61.876110966436244,45.440881659493236,46.17282400440991,48.87539478173589
UTS,4987,0.5292800083053838,73.23993716956687,53.55230690128914,44.17574266240859,47.342677084635255
UTS,4988,0.5194280461549161,68.9142983144091,49.07870133586844,49.25428807665366,53.902391916570934
UTS,4989,0.48560493556788364,73.85605204094406,49.637335850311466,45.70693057799291,49.41534266793211
UTS,4990,0.6352405961124148,65.08069777674964,47.1142824654322,48.25747262934591,51.85110623509993
UTS,4991,0.5317905856507978,61.05246406042736,46.01712475356826,46.063764560297955,49.41812249364172
UTS,4992,0.5400959042583511,63.49040089405679,45.636991806195326,46.6634139328829,50.08742201149416
UTS,4993,0.554927270836282,67.13714516271945,47.004673225227904,44.70697049061166,48.180537967257784
UTS,4994,0.5210314876670905,72.76688030382937,52.98059369480102,46.70009417819706,50.61014278385011
UTS,4995,0.49710817958880005,71.6672452135642,52.45236007815468,52.68130819928101,55.96553259621631
UTS,4996,0.41915519616950825,67.85096812313333,49.26171035754819,48.538777139365536,52.49812322002646
UTS,4997,0.5822589170095009,63.728123900602725,46.12941421033566,45.37686149682541,48.697580297342235
UTS,4998,0.537675840102487,67.50583581392559,47.9455349083446,44.8235678962122,47.78185940816115
UTS,4999,0.4643671297917714,72.63474977662868,53.04798718676468,49.72628437681486,53.21028700931029
